pitcher_name,batter_side,archetype_name,combo_display,pitch_1_name,pitch_2_name,pitch_3_name,run_value_score
Max Scherzer,Left-Handed Batter,Pure Slap Hitter,CH / FF / SL,Changeup,Four-Seam Fastball,Slider,-0.0061
Max Scherzer,Left-Handed Batter,All-or-Nothing Power Hitter,CH / CU / FF,Changeup,Curveball,Four-Seam Fastball,-0.004
Max Scherzer,Left-Handed Batter,Disciplined All-Rounder,CH / CU / FF,Changeup,Curveball,Four-Seam Fastball,0.0086
Max Scherzer,Left-Handed Batter,Free-Swinging Slugger,CU / FF / SL,Curveball,Four-Seam Fastball,Slider,-0.0027
Max Scherzer,Left-Handed Batter,Complete Power Hitter,CH / CU / FF,Changeup,Curveball,Four-Seam Fastball,0.0222
Max Scherzer,Left-Handed Batter,Contact-Over-Power Hitter,CH / FF / SL,Changeup,Four-Seam Fastball,Slider,-0.0153
Max Scherzer,Right-Handed Batter,Pure Slap Hitter,CH / CU / FF,Changeup,Curveball,Four-Seam Fastball,-0.0089
Max Scherzer,Right-Handed Batter,All-or-Nothing Power Hitter,CH / CU / FF,Changeup,Curveball,Four-Seam Fastball,0.0021
Max Scherzer,Right-Handed Batter,Disciplined All-Rounder,CH / CU / FF,Changeup,Curveball,Four-Seam Fastball,-0.0205
Max Scherzer,Right-Handed Batter,Free-Swinging Slugger,CH / CU / FF,Changeup,Curveball,Four-Seam Fastball,0.0062
Max Scherzer,Right-Handed Batter,Complete Power Hitter,CH / FF / SL,Changeup,Four-Seam Fastball,Slider,-0.0003
Max Scherzer,Right-Handed Batter,Contact-Over-Power Hitter,CH / FF / SL,Changeup,Four-Seam Fastball,Slider,-0.024
Jose Quintana,Left-Handed Batter,Pure Slap Hitter,CH / CU / SI,Changeup,Curveball,Sinker,-0.0062
Jose Quintana,Left-Handed Batter,All-or-Nothing Power Hitter,CH / CU / FF,Changeup,Curveball,Four-Seam Fastball,-0.0074
Jose Quintana,Left-Handed Batter,Disciplined All-Rounder,CH / FF / SI,Changeup,Four-Seam Fastball,Sinker,-0.0137
Jose Quintana,Left-Handed Batter,Free-Swinging Slugger,CH / CU / SI,Changeup,Curveball,Sinker,-0.0177
Jose Quintana,Left-Handed Batter,Complete Power Hitter,CH / FF / SI,Changeup,Four-Seam Fastball,Sinker,-0.0058
Jose Quintana,Left-Handed Batter,Contact-Over-Power Hitter,CH / CU / SI,Changeup,Curveball,Sinker,-0.0056
Jose Quintana,Right-Handed Batter,Pure Slap Hitter,CH / CU / SI,Changeup,Curveball,Sinker,0.0035
Jose Quintana,Right-Handed Batter,All-or-Nothing Power Hitter,CH / FF / SI,Changeup,Four-Seam Fastball,Sinker,-0.0027
Jose Quintana,Right-Handed Batter,Disciplined All-Rounder,CH / CU / SI,Changeup,Curveball,Sinker,0.0104
Jose Quintana,Right-Handed Batter,Free-Swinging Slugger,CH / CU / SI,Changeup,Curveball,Sinker,-0.0064
Jose Quintana,Right-Handed Batter,Complete Power Hitter,CH / FF / SI,Changeup,Four-Seam Fastball,Sinker,-0.0154
Jose Quintana,Right-Handed Batter,Contact-Over-Power Hitter,CU / FF / SI,Curveball,Four-Seam Fastball,Sinker,-0.0101
Fernando Cruz,Left-Handed Batter,Pure Slap Hitter,FF / FS / SL,Four-Seam Fastball,Splitter,Slider,-0.0083
Fernando Cruz,Left-Handed Batter,All-or-Nothing Power Hitter,FF / FS / SL,Four-Seam Fastball,Splitter,Slider,-0.0059
Fernando Cruz,Left-Handed Batter,Disciplined All-Rounder,FF / FS / SL,Four-Seam Fastball,Splitter,Slider,0.0037
Fernando Cruz,Left-Handed Batter,Free-Swinging Slugger,FF / FS / SL,Four-Seam Fastball,Splitter,Slider,-0.0081
Fernando Cruz,Left-Handed Batter,Complete Power Hitter,FF / FS / SL,Four-Seam Fastball,Splitter,Slider,-0.0038
Fernando Cruz,Left-Handed Batter,Contact-Over-Power Hitter,FF / FS / SL,Four-Seam Fastball,Splitter,Slider,-0.021
Fernando Cruz,Right-Handed Batter,Pure Slap Hitter,FF / FS / SL,Four-Seam Fastball,Splitter,Slider,0.0128
Fernando Cruz,Right-Handed Batter,All-or-Nothing Power Hitter,FF / FS / SL,Four-Seam Fastball,Splitter,Slider,-0.0033
Fernando Cruz,Right-Handed Batter,Disciplined All-Rounder,FF / FS / SL,Four-Seam Fastball,Splitter,Slider,0.0027
Fernando Cruz,Right-Handed Batter,Free-Swinging Slugger,FF / FS / SL,Four-Seam Fastball,Splitter,Slider,-0.0251
Fernando Cruz,Right-Handed Batter,Complete Power Hitter,FF / FS / SL,Four-Seam Fastball,Splitter,Slider,-0.0016
Fernando Cruz,Right-Handed Batter,Contact-Over-Power Hitter,FF / FS / SL,Four-Seam Fastball,Splitter,Slider,0.0148
Merrill Kelly,Left-Handed Batter,Pure Slap Hitter,CH / SI / SL,Changeup,Sinker,Slider,-0.0087
Merrill Kelly,Left-Handed Batter,All-or-Nothing Power Hitter,CU / FC / SL,Curveball,Cutter,Slider,-0.0071
Merrill Kelly,Left-Handed Batter,Disciplined All-Rounder,CU / FC / SL,Curveball,Cutter,Slider,0.0045
Merrill Kelly,Left-Handed Batter,Free-Swinging Slugger,FC / SI / SL,Cutter,Sinker,Slider,-0.0077
Merrill Kelly,Left-Handed Batter,Complete Power Hitter,CU / SI / SL,Curveball,Sinker,Slider,-0.0135
Merrill Kelly,Left-Handed Batter,Contact-Over-Power Hitter,FF / SI / SL,Four-Seam Fastball,Sinker,Slider,-0.0172
Merrill Kelly,Right-Handed Batter,Pure Slap Hitter,CH / FF / SL,Changeup,Four-Seam Fastball,Slider,-0.0183
Merrill Kelly,Right-Handed Batter,All-or-Nothing Power Hitter,CU / FF / SI,Curveball,Four-Seam Fastball,Sinker,-0.0127
Merrill Kelly,Right-Handed Batter,Disciplined All-Rounder,CH / CU / FC,Changeup,Curveball,Cutter,-0.0088
Merrill Kelly,Right-Handed Batter,Free-Swinging Slugger,CH / SI / SL,Changeup,Sinker,Slider,-0.0218
Merrill Kelly,Right-Handed Batter,Complete Power Hitter,CH / CU / SL,Changeup,Curveball,Slider,-0.0031
Merrill Kelly,Right-Handed Batter,Contact-Over-Power Hitter,CH / CU / FC,Changeup,Curveball,Cutter,-0.0131
Chris Sale,Left-Handed Batter,Pure Slap Hitter,CH / FF / SL,Changeup,Four-Seam Fastball,Slider,-0.0026
Chris Sale,Left-Handed Batter,All-or-Nothing Power Hitter,CH / FF / SI,Changeup,Four-Seam Fastball,Sinker,-0.0079
Chris Sale,Left-Handed Batter,Disciplined All-Rounder,CH / FF / SI,Changeup,Four-Seam Fastball,Sinker,-0.0065
Chris Sale,Left-Handed Batter,Free-Swinging Slugger,CH / SI / SL,Changeup,Sinker,Slider,-0.0125
Chris Sale,Left-Handed Batter,Complete Power Hitter,CH / SI / SL,Changeup,Sinker,Slider,-0.0158
Chris Sale,Left-Handed Batter,Contact-Over-Power Hitter,CH / SI / SL,Changeup,Sinker,Slider,-0.0253
Chris Sale,Right-Handed Batter,Pure Slap Hitter,FF / SI / SL,Four-Seam Fastball,Sinker,Slider,-0.0077
Chris Sale,Right-Handed Batter,All-or-Nothing Power Hitter,CH / SI / SL,Changeup,Sinker,Slider,-0.009
Chris Sale,Right-Handed Batter,Disciplined All-Rounder,CH / FF / SI,Changeup,Four-Seam Fastball,Sinker,-0.016
Chris Sale,Right-Handed Batter,Free-Swinging Slugger,CH / SI / SL,Changeup,Sinker,Slider,-0.0199
Chris Sale,Right-Handed Batter,Complete Power Hitter,CH / SI / SL,Changeup,Sinker,Slider,-0.0093
Chris Sale,Right-Handed Batter,Contact-Over-Power Hitter,CH / FF / SI,Changeup,Four-Seam Fastball,Sinker,-0.0222
Martín Pérez,Left-Handed Batter,Pure Slap Hitter,CH / FC / SI,Changeup,Cutter,Sinker,-0.0222
Martín Pérez,Left-Handed Batter,All-or-Nothing Power Hitter,CH / CU / FC,Changeup,Curveball,Cutter,-0.016
Martín Pérez,Left-Handed Batter,Disciplined All-Rounder,CH / CU / FC,Changeup,Curveball,Cutter,-0.0113
Martín Pérez,Left-Handed Batter,Free-Swinging Slugger,CU / FC / SI,Curveball,Cutter,Sinker,-0.0124
Martín Pérez,Left-Handed Batter,Complete Power Hitter,CH / CU / FC,Changeup,Curveball,Cutter,0.0026
Martín Pérez,Left-Handed Batter,Contact-Over-Power Hitter,CU / FC / SI,Curveball,Cutter,Sinker,-0.0158
Martín Pérez,Right-Handed Batter,Pure Slap Hitter,CH / CU / SI,Changeup,Curveball,Sinker,-0.0255
Martín Pérez,Right-Handed Batter,All-or-Nothing Power Hitter,CU / FC / SI,Curveball,Cutter,Sinker,-0.0244
Martín Pérez,Right-Handed Batter,Disciplined All-Rounder,CU / FC / SI,Curveball,Cutter,Sinker,-0.0061
Martín Pérez,Right-Handed Batter,Free-Swinging Slugger,CH / FC / SI,Changeup,Cutter,Sinker,-0.029
Martín Pérez,Right-Handed Batter,Complete Power Hitter,CU / FC / SI,Curveball,Cutter,Sinker,0.0107
Martín Pérez,Right-Handed Batter,Contact-Over-Power Hitter,CH / CU / FC,Changeup,Curveball,Cutter,-0.0173
Shawn Armstrong,Left-Handed Batter,Pure Slap Hitter,FC / FF / ST,Cutter,Four-Seam Fastball,Sweeper,-0.0054
Shawn Armstrong,Left-Handed Batter,All-or-Nothing Power Hitter,FC / FF / ST,Cutter,Four-Seam Fastball,Sweeper,0.0072
Shawn Armstrong,Left-Handed Batter,Disciplined All-Rounder,FC / FF / ST,Cutter,Four-Seam Fastball,Sweeper,0.0002
Shawn Armstrong,Left-Handed Batter,Free-Swinging Slugger,FC / FF / ST,Cutter,Four-Seam Fastball,Sweeper,-0.0237
Shawn Armstrong,Left-Handed Batter,Complete Power Hitter,FC / FF / ST,Cutter,Four-Seam Fastball,Sweeper,0.0161
Shawn Armstrong,Left-Handed Batter,Contact-Over-Power Hitter,FC / FF / ST,Cutter,Four-Seam Fastball,Sweeper,-0.0099
Shawn Armstrong,Right-Handed Batter,Pure Slap Hitter,FC / FF / ST,Cutter,Four-Seam Fastball,Sweeper,-0.0056
Shawn Armstrong,Right-Handed Batter,All-or-Nothing Power Hitter,FC / FF / ST,Cutter,Four-Seam Fastball,Sweeper,-0.0026
Shawn Armstrong,Right-Handed Batter,Disciplined All-Rounder,FC / FF / ST,Cutter,Four-Seam Fastball,Sweeper,0.0147
Shawn Armstrong,Right-Handed Batter,Free-Swinging Slugger,FC / FF / ST,Cutter,Four-Seam Fastball,Sweeper,-0.0141
Shawn Armstrong,Right-Handed Batter,Complete Power Hitter,FC / FF / ST,Cutter,Four-Seam Fastball,Sweeper,0.0181
Shawn Armstrong,Right-Handed Batter,Contact-Over-Power Hitter,FC / FF / ST,Cutter,Four-Seam Fastball,Sweeper,-0.0058
Gerrit Cole,Left-Handed Batter,Pure Slap Hitter,CH / FF / KC,Changeup,Four-Seam Fastball,Knuckle Curve,0.0039
Gerrit Cole,Left-Handed Batter,All-or-Nothing Power Hitter,CH / FF / SL,Changeup,Four-Seam Fastball,Slider,-0.015
Gerrit Cole,Left-Handed Batter,Disciplined All-Rounder,FF / KC / SL,Four-Seam Fastball,Knuckle Curve,Slider,-0.0042
Gerrit Cole,Left-Handed Batter,Free-Swinging Slugger,CH / FF / SL,Changeup,Four-Seam Fastball,Slider,-0.0254
Gerrit Cole,Left-Handed Batter,Complete Power Hitter,CH / FF / SL,Changeup,Four-Seam Fastball,Slider,-0.0087
Gerrit Cole,Left-Handed Batter,Contact-Over-Power Hitter,FF / KC / SL,Four-Seam Fastball,Knuckle Curve,Slider,-0.0231
Gerrit Cole,Right-Handed Batter,Pure Slap Hitter,CH / FF / KC,Changeup,Four-Seam Fastball,Knuckle Curve,-0.0212
Gerrit Cole,Right-Handed Batter,All-or-Nothing Power Hitter,CH / KC / SL,Changeup,Knuckle Curve,Slider,0.0217
Gerrit Cole,Right-Handed Batter,Disciplined All-Rounder,CH / FF / KC,Changeup,Four-Seam Fastball,Knuckle Curve,-0.0098
Gerrit Cole,Right-Handed Batter,Free-Swinging Slugger,FF / KC / SL,Four-Seam Fastball,Knuckle Curve,Slider,-0.0181
Gerrit Cole,Right-Handed Batter,Complete Power Hitter,CH / FF / KC,Changeup,Four-Seam Fastball,Knuckle Curve,-0.0217
Gerrit Cole,Right-Handed Batter,Contact-Over-Power Hitter,CH / KC / SL,Changeup,Knuckle Curve,Slider,-0.0101
Nathan Eovaldi,Left-Handed Batter,Pure Slap Hitter,CU / FC / SI,Curveball,Cutter,Sinker,0.0001
Nathan Eovaldi,Left-Handed Batter,All-or-Nothing Power Hitter,CU / FS / SI,Curveball,Splitter,Sinker,-0.0165
Nathan Eovaldi,Left-Handed Batter,Disciplined All-Rounder,FF / FS / SI,Four-Seam Fastball,Splitter,Sinker,-0.0025
Nathan Eovaldi,Left-Handed Batter,Free-Swinging Slugger,FF / FS / SI,Four-Seam Fastball,Splitter,Sinker,-0.0398
Nathan Eovaldi,Left-Handed Batter,Complete Power Hitter,FC / FS / SI,Cutter,Splitter,Sinker,-0.0055
Nathan Eovaldi,Left-Handed Batter,Contact-Over-Power Hitter,FC / FS / SI,Cutter,Splitter,Sinker,-0.005
Nathan Eovaldi,Right-Handed Batter,Pure Slap Hitter,FC / FF / SI,Cutter,Four-Seam Fastball,Sinker,-0.0181
Nathan Eovaldi,Right-Handed Batter,All-or-Nothing Power Hitter,CU / FC / FF,Curveball,Cutter,Four-Seam Fastball,0.0068
Nathan Eovaldi,Right-Handed Batter,Disciplined All-Rounder,CU / FS / SI,Curveball,Splitter,Sinker,-0.0068
Nathan Eovaldi,Right-Handed Batter,Free-Swinging Slugger,CU / FF / SI,Curveball,Four-Seam Fastball,Sinker,-0.0151
Nathan Eovaldi,Right-Handed Batter,Complete Power Hitter,FC / FF / FS,Cutter,Four-Seam Fastball,Splitter,-0.0319
Nathan Eovaldi,Right-Handed Batter,Contact-Over-Power Hitter,FC / FS / SI,Cutter,Splitter,Sinker,-0.0127
Sonny Gray,Left-Handed Batter,Pure Slap Hitter,FC / SI / ST,Cutter,Sinker,Sweeper,-0.0253
Sonny Gray,Left-Handed Batter,All-or-Nothing Power Hitter,FF / SI / ST,Four-Seam Fastball,Sinker,Sweeper,-0.0183
Sonny Gray,Left-Handed Batter,Disciplined All-Rounder,FC / FF / SI,Cutter,Four-Seam Fastball,Sinker,-0.027
Sonny Gray,Left-Handed Batter,Free-Swinging Slugger,CU / FF / ST,Curveball,Four-Seam Fastball,Sweeper,-0.0238
Sonny Gray,Left-Handed Batter,Complete Power Hitter,FC / SI / ST,Cutter,Sinker,Sweeper,-0.0105
Sonny Gray,Left-Handed Batter,Contact-Over-Power Hitter,FF / SI / ST,Four-Seam Fastball,Sinker,Sweeper,-0.0117
Sonny Gray,Right-Handed Batter,Pure Slap Hitter,CU / FF / SI,Curveball,Four-Seam Fastball,Sinker,-0.0111
Sonny Gray,Right-Handed Batter,All-or-Nothing Power Hitter,CU / FF / SI,Curveball,Four-Seam Fastball,Sinker,-0.021
Sonny Gray,Right-Handed Batter,Disciplined All-Rounder,FC / FF / ST,Cutter,Four-Seam Fastball,Sweeper,-0.0142
Sonny Gray,Right-Handed Batter,Free-Swinging Slugger,CU / FF / SI,Curveball,Four-Seam Fastball,Sinker,-0.0236
Sonny Gray,Right-Handed Batter,Complete Power Hitter,CU / FC / ST,Curveball,Cutter,Sweeper,-0.0072
Sonny Gray,Right-Handed Batter,Contact-Over-Power Hitter,CU / FF / SI,Curveball,Four-Seam Fastball,Sinker,-0.026
Albert Suárez,Left-Handed Batter,Pure Slap Hitter,CH / FC / FF,Changeup,Cutter,Four-Seam Fastball,0.0175
Albert Suárez,Left-Handed Batter,All-or-Nothing Power Hitter,CH / FC / FF,Changeup,Cutter,Four-Seam Fastball,0.0031
Albert Suárez,Left-Handed Batter,Disciplined All-Rounder,CH / FC / FF,Changeup,Cutter,Four-Seam Fastball,0.0343
Albert Suárez,Left-Handed Batter,Free-Swinging Slugger,CH / FC / FF,Changeup,Cutter,Four-Seam Fastball,-0.0195
Albert Suárez,Left-Handed Batter,Complete Power Hitter,CH / FC / FF,Changeup,Cutter,Four-Seam Fastball,0.0022
Albert Suárez,Left-Handed Batter,Contact-Over-Power Hitter,CH / FC / FF,Changeup,Cutter,Four-Seam Fastball,-0.0243
Albert Suárez,Right-Handed Batter,Pure Slap Hitter,CH / FC / FF,Changeup,Cutter,Four-Seam Fastball,-0.0023
Albert Suárez,Right-Handed Batter,All-or-Nothing Power Hitter,CH / FC / FF,Changeup,Cutter,Four-Seam Fastball,-0.0057
Albert Suárez,Right-Handed Batter,Disciplined All-Rounder,CH / FC / FF,Changeup,Cutter,Four-Seam Fastball,-0.0189
Albert Suárez,Right-Handed Batter,Free-Swinging Slugger,CH / FC / FF,Changeup,Cutter,Four-Seam Fastball,-0.0237
Albert Suárez,Right-Handed Batter,Complete Power Hitter,CH / FC / FF,Changeup,Cutter,Four-Seam Fastball,0.006
Albert Suárez,Right-Handed Batter,Contact-Over-Power Hitter,CH / FC / FF,Changeup,Cutter,Four-Seam Fastball,0.0239
Michael Lorenzen,Left-Handed Batter,Pure Slap Hitter,CU / FF / ST,Curveball,Four-Seam Fastball,Sweeper,-0.0045
Michael Lorenzen,Left-Handed Batter,All-or-Nothing Power Hitter,CU / FC / ST,Curveball,Cutter,Sweeper,-0.0047
Michael Lorenzen,Left-Handed Batter,Disciplined All-Rounder,SI / SL / ST,Sinker,Slider,Sweeper,0.0014
Michael Lorenzen,Left-Handed Batter,Free-Swinging Slugger,CU / SL / ST,Curveball,Slider,Sweeper,-0.0121
Michael Lorenzen,Left-Handed Batter,Complete Power Hitter,SI / SL / ST,Sinker,Slider,Sweeper,0.0095
Michael Lorenzen,Left-Handed Batter,Contact-Over-Power Hitter,SI / SL / ST,Sinker,Slider,Sweeper,-0.0114
Michael Lorenzen,Right-Handed Batter,Pure Slap Hitter,FC / FF / SL,Cutter,Four-Seam Fastball,Slider,-0.0143
Michael Lorenzen,Right-Handed Batter,All-or-Nothing Power Hitter,FF / SL / ST,Four-Seam Fastball,Slider,Sweeper,-0.0134
Michael Lorenzen,Right-Handed Batter,Disciplined All-Rounder,CU / FF / SI,Curveball,Four-Seam Fastball,Sinker,-0.0086
Michael Lorenzen,Right-Handed Batter,Free-Swinging Slugger,CH / FC / ST,Changeup,Cutter,Sweeper,-0.0115
Michael Lorenzen,Right-Handed Batter,Complete Power Hitter,CH / FC / ST,Changeup,Cutter,Sweeper,-0.0074
Michael Lorenzen,Right-Handed Batter,Contact-Over-Power Hitter,FC / FF / ST,Cutter,Four-Seam Fastball,Sweeper,-0.0126
Aroldis Chapman,Left-Handed Batter,Pure Slap Hitter,FF / SI / SL,Four-Seam Fastball,Sinker,Slider,0.0002
Aroldis Chapman,Left-Handed Batter,All-or-Nothing Power Hitter,FF / SI / SL,Four-Seam Fastball,Sinker,Slider,0.01
Aroldis Chapman,Left-Handed Batter,Disciplined All-Rounder,FF / SI / SL,Four-Seam Fastball,Sinker,Slider,-0.0001
Aroldis Chapman,Left-Handed Batter,Free-Swinging Slugger,FF / SI / SL,Four-Seam Fastball,Sinker,Slider,-0.0092
Aroldis Chapman,Left-Handed Batter,Complete Power Hitter,FF / SI / SL,Four-Seam Fastball,Sinker,Slider,-0.0051
Aroldis Chapman,Left-Handed Batter,Contact-Over-Power Hitter,FF / SI / SL,Four-Seam Fastball,Sinker,Slider,0.0046
Aroldis Chapman,Right-Handed Batter,Pure Slap Hitter,FF / SI / SL,Four-Seam Fastball,Sinker,Slider,-0.0137
Aroldis Chapman,Right-Handed Batter,All-or-Nothing Power Hitter,FF / SI / SL,Four-Seam Fastball,Sinker,Slider,0.0238
Aroldis Chapman,Right-Handed Batter,Disciplined All-Rounder,FF / SI / SL,Four-Seam Fastball,Sinker,Slider,-0.0058
Aroldis Chapman,Right-Handed Batter,Free-Swinging Slugger,FF / SI / SL,Four-Seam Fastball,Sinker,Slider,0.0034
Aroldis Chapman,Right-Handed Batter,Complete Power Hitter,FF / SI / SL,Four-Seam Fastball,Sinker,Slider,-0.0012
Aroldis Chapman,Right-Handed Batter,Contact-Over-Power Hitter,FF / SI / SL,Four-Seam Fastball,Sinker,Slider,-0.0053
Brooks Raley,Left-Handed Batter,Pure Slap Hitter,FC / SI / ST,Cutter,Sinker,Sweeper,-0.0047
Brooks Raley,Left-Handed Batter,All-or-Nothing Power Hitter,FC / SI / ST,Cutter,Sinker,Sweeper,-0.0056
Brooks Raley,Left-Handed Batter,Disciplined All-Rounder,FC / SI / ST,Cutter,Sinker,Sweeper,0.0183
Brooks Raley,Left-Handed Batter,Free-Swinging Slugger,FC / SI / ST,Cutter,Sinker,Sweeper,-0.0171
Brooks Raley,Left-Handed Batter,Complete Power Hitter,FC / SI / ST,Cutter,Sinker,Sweeper,-0.0133
Brooks Raley,Left-Handed Batter,Contact-Over-Power Hitter,FC / SI / ST,Cutter,Sinker,Sweeper,-0.0077
Brooks Raley,Right-Handed Batter,Pure Slap Hitter,FC / SI / ST,Cutter,Sinker,Sweeper,-0.01
Brooks Raley,Right-Handed Batter,All-or-Nothing Power Hitter,FC / SI / ST,Cutter,Sinker,Sweeper,0.0149
Brooks Raley,Right-Handed Batter,Disciplined All-Rounder,FC / SI / ST,Cutter,Sinker,Sweeper,0.0023
Brooks Raley,Right-Handed Batter,Free-Swinging Slugger,FC / SI / ST,Cutter,Sinker,Sweeper,-0.0016
Brooks Raley,Right-Handed Batter,Complete Power Hitter,FC / SI / ST,Cutter,Sinker,Sweeper,0.0117
Brooks Raley,Right-Handed Batter,Contact-Over-Power Hitter,FC / SI / ST,Cutter,Sinker,Sweeper,-0.0073
Zack Wheeler,Left-Handed Batter,Pure Slap Hitter,FF / FS / SI,Four-Seam Fastball,Splitter,Sinker,-0.0118
Zack Wheeler,Left-Handed Batter,All-or-Nothing Power Hitter,FC / FS / ST,Cutter,Splitter,Sweeper,-0.0175
Zack Wheeler,Left-Handed Batter,Disciplined All-Rounder,CU / FC / SI,Curveball,Cutter,Sinker,-0.0137
Zack Wheeler,Left-Handed Batter,Free-Swinging Slugger,FF / SI / ST,Four-Seam Fastball,Sinker,Sweeper,-0.0282
Zack Wheeler,Left-Handed Batter,Complete Power Hitter,CU / SI / ST,Curveball,Sinker,Sweeper,0.0002
Zack Wheeler,Left-Handed Batter,Contact-Over-Power Hitter,FC / SI / ST,Cutter,Sinker,Sweeper,-0.0138
Zack Wheeler,Right-Handed Batter,Pure Slap Hitter,CU / FC / SI,Curveball,Cutter,Sinker,-0.0565
Zack Wheeler,Right-Handed Batter,All-or-Nothing Power Hitter,CU / FC / FF,Curveball,Cutter,Four-Seam Fastball,-0.0218
Zack Wheeler,Right-Handed Batter,Disciplined All-Rounder,CU / FC / SI,Curveball,Cutter,Sinker,-0.0244
Zack Wheeler,Right-Handed Batter,Free-Swinging Slugger,CU / FC / FS,Curveball,Cutter,Splitter,-0.0307
Zack Wheeler,Right-Handed Batter,Complete Power Hitter,CU / FC / FF,Curveball,Cutter,Four-Seam Fastball,-0.0084
Zack Wheeler,Right-Handed Batter,Contact-Over-Power Hitter,CU / FC / FS,Curveball,Cutter,Splitter,-0.0157
Matt Boyd,Left-Handed Batter,Pure Slap Hitter,CH / FF / SL,Changeup,Four-Seam Fastball,Slider,-0.0062
Matt Boyd,Left-Handed Batter,All-or-Nothing Power Hitter,CU / FF / SL,Curveball,Four-Seam Fastball,Slider,-0.0094
Matt Boyd,Left-Handed Batter,Disciplined All-Rounder,CH / FF / SL,Changeup,Four-Seam Fastball,Slider,-0.0136
Matt Boyd,Left-Handed Batter,Free-Swinging Slugger,CH / CU / FF,Changeup,Curveball,Four-Seam Fastball,-0.0099
Matt Boyd,Left-Handed Batter,Complete Power Hitter,CH / CU / SL,Changeup,Curveball,Slider,-0.0118
Matt Boyd,Left-Handed Batter,Contact-Over-Power Hitter,CH / FF / SL,Changeup,Four-Seam Fastball,Slider,-0.0084
Matt Boyd,Right-Handed Batter,Pure Slap Hitter,CH / FF / SL,Changeup,Four-Seam Fastball,Slider,-0.0145
Matt Boyd,Right-Handed Batter,All-or-Nothing Power Hitter,CH / CU / SL,Changeup,Curveball,Slider,-0.0072
Matt Boyd,Right-Handed Batter,Disciplined All-Rounder,CH / CU / SL,Changeup,Curveball,Slider,-0.0111
Matt Boyd,Right-Handed Batter,Free-Swinging Slugger,CH / CU / SL,Changeup,Curveball,Slider,0.0168
Matt Boyd,Right-Handed Batter,Complete Power Hitter,CU / FF / SL,Curveball,Four-Seam Fastball,Slider,0.0008
Matt Boyd,Right-Handed Batter,Contact-Over-Power Hitter,CH / CU / FF,Changeup,Curveball,Four-Seam Fastball,-0.0231
Patrick Corbin,Left-Handed Batter,Pure Slap Hitter,CH / FF / SL,Changeup,Four-Seam Fastball,Slider,-0.0054
Patrick Corbin,Left-Handed Batter,All-or-Nothing Power Hitter,CH / FF / SL,Changeup,Four-Seam Fastball,Slider,-0.0163
Patrick Corbin,Left-Handed Batter,Disciplined All-Rounder,CH / FC / SL,Changeup,Cutter,Slider,-0.009
Patrick Corbin,Left-Handed Batter,Free-Swinging Slugger,CH / FF / SL,Changeup,Four-Seam Fastball,Slider,-0.0276
Patrick Corbin,Left-Handed Batter,Complete Power Hitter,CH / FC / SL,Changeup,Cutter,Slider,-0.0041
Patrick Corbin,Left-Handed Batter,Contact-Over-Power Hitter,CH / FC / SL,Changeup,Cutter,Slider,-0.0205
Patrick Corbin,Right-Handed Batter,Pure Slap Hitter,CH / FF / SL,Changeup,Four-Seam Fastball,Slider,0.004
Patrick Corbin,Right-Handed Batter,All-or-Nothing Power Hitter,CH / FC / FF,Changeup,Cutter,Four-Seam Fastball,-0.0154
Patrick Corbin,Right-Handed Batter,Disciplined All-Rounder,CH / FF / SL,Changeup,Four-Seam Fastball,Slider,0.0016
Patrick Corbin,Right-Handed Batter,Free-Swinging Slugger,FC / FF / SL,Cutter,Four-Seam Fastball,Slider,-0.0077
Patrick Corbin,Right-Handed Batter,Complete Power Hitter,CH / FC / FF,Changeup,Cutter,Four-Seam Fastball,0.0016
Patrick Corbin,Right-Handed Batter,Contact-Over-Power Hitter,CH / FF / SI,Changeup,Four-Seam Fastball,Sinker,-0.0187
Steven Matz,Left-Handed Batter,Pure Slap Hitter,CH / CU / SI,Changeup,Curveball,Sinker,-0.0171
Steven Matz,Left-Handed Batter,All-or-Nothing Power Hitter,CH / CU / SI,Changeup,Curveball,Sinker,-0.0163
Steven Matz,Left-Handed Batter,Disciplined All-Rounder,CH / CU / SI,Changeup,Curveball,Sinker,-0.0164
Steven Matz,Left-Handed Batter,Free-Swinging Slugger,CH / CU / SI,Changeup,Curveball,Sinker,-0.0039
Steven Matz,Left-Handed Batter,Complete Power Hitter,CH / CU / SI,Changeup,Curveball,Sinker,-0.0019
Steven Matz,Left-Handed Batter,Contact-Over-Power Hitter,CH / CU / SI,Changeup,Curveball,Sinker,0.0146
Steven Matz,Right-Handed Batter,Pure Slap Hitter,CH / CU / SI,Changeup,Curveball,Sinker,0.0036
Steven Matz,Right-Handed Batter,All-or-Nothing Power Hitter,CH / CU / SI,Changeup,Curveball,Sinker,-0.0092
Steven Matz,Right-Handed Batter,Disciplined All-Rounder,CH / CU / SI,Changeup,Curveball,Sinker,0.0306
Steven Matz,Right-Handed Batter,Free-Swinging Slugger,CH / CU / SI,Changeup,Curveball,Sinker,-0.0158
Steven Matz,Right-Handed Batter,Complete Power Hitter,CH / CU / SI,Changeup,Curveball,Sinker,0.0284
Steven Matz,Right-Handed Batter,Contact-Over-Power Hitter,CH / CU / SI,Changeup,Curveball,Sinker,0.003
Miles Mikolas,Left-Handed Batter,Pure Slap Hitter,CU / FF / SI,Curveball,Four-Seam Fastball,Sinker,-0.022
Miles Mikolas,Left-Handed Batter,All-or-Nothing Power Hitter,CU / SI / SL,Curveball,Sinker,Slider,0.013
Miles Mikolas,Left-Handed Batter,Disciplined All-Rounder,CU / FF / SI,Curveball,Four-Seam Fastball,Sinker,-0.0024
Miles Mikolas,Left-Handed Batter,Free-Swinging Slugger,CH / CU / FF,Changeup,Curveball,Four-Seam Fastball,-0.0112
Miles Mikolas,Left-Handed Batter,Complete Power Hitter,FF / SI / SL,Four-Seam Fastball,Sinker,Slider,-0.0027
Miles Mikolas,Left-Handed Batter,Contact-Over-Power Hitter,CH / SI / SL,Changeup,Sinker,Slider,-0.0014
Miles Mikolas,Right-Handed Batter,Pure Slap Hitter,CH / SI / SL,Changeup,Sinker,Slider,-0.0123
Miles Mikolas,Right-Handed Batter,All-or-Nothing Power Hitter,CH / CU / SL,Changeup,Curveball,Slider,-0.0165
Miles Mikolas,Right-Handed Batter,Disciplined All-Rounder,CH / CU / FF,Changeup,Curveball,Four-Seam Fastball,-0.0084
Miles Mikolas,Right-Handed Batter,Free-Swinging Slugger,CH / CU / SL,Changeup,Curveball,Slider,-0.0014
Miles Mikolas,Right-Handed Batter,Complete Power Hitter,CH / CU / FF,Changeup,Curveball,Four-Seam Fastball,-0.0092
Miles Mikolas,Right-Handed Batter,Contact-Over-Power Hitter,CH / CU / FF,Changeup,Curveball,Four-Seam Fastball,-0.0088
Taylor Rogers,Left-Handed Batter,Pure Slap Hitter,FC / SI / ST,Cutter,Sinker,Sweeper,0.0016
Taylor Rogers,Left-Handed Batter,All-or-Nothing Power Hitter,FC / SI / ST,Cutter,Sinker,Sweeper,-0.0191
Taylor Rogers,Left-Handed Batter,Disciplined All-Rounder,FC / SI / ST,Cutter,Sinker,Sweeper,0.0015
Taylor Rogers,Left-Handed Batter,Free-Swinging Slugger,FC / SI / ST,Cutter,Sinker,Sweeper,0.0006
Taylor Rogers,Left-Handed Batter,Complete Power Hitter,FC / SI / ST,Cutter,Sinker,Sweeper,0.0153
Taylor Rogers,Left-Handed Batter,Contact-Over-Power Hitter,FC / SI / ST,Cutter,Sinker,Sweeper,-0.0092
Taylor Rogers,Right-Handed Batter,Pure Slap Hitter,FC / SI / ST,Cutter,Sinker,Sweeper,0.0176
Taylor Rogers,Right-Handed Batter,All-or-Nothing Power Hitter,FC / SI / ST,Cutter,Sinker,Sweeper,-0.005
Taylor Rogers,Right-Handed Batter,Disciplined All-Rounder,FC / SI / ST,Cutter,Sinker,Sweeper,0.0107
Taylor Rogers,Right-Handed Batter,Free-Swinging Slugger,FC / SI / ST,Cutter,Sinker,Sweeper,-0.0059
Taylor Rogers,Right-Handed Batter,Complete Power Hitter,FC / SI / ST,Cutter,Sinker,Sweeper,0.0247
Taylor Rogers,Right-Handed Batter,Contact-Over-Power Hitter,FC / SI / ST,Cutter,Sinker,Sweeper,-0.0148
Caleb Thielbar,Left-Handed Batter,Pure Slap Hitter,CU / FF / SL,Curveball,Four-Seam Fastball,Slider,-0.0137
Caleb Thielbar,Left-Handed Batter,All-or-Nothing Power Hitter,CU / FF / SL,Curveball,Four-Seam Fastball,Slider,-0.0027
Caleb Thielbar,Left-Handed Batter,Disciplined All-Rounder,CU / FF / SL,Curveball,Four-Seam Fastball,Slider,0.009
Caleb Thielbar,Left-Handed Batter,Free-Swinging Slugger,CU / FF / SL,Curveball,Four-Seam Fastball,Slider,-0.0121
Caleb Thielbar,Left-Handed Batter,Complete Power Hitter,CU / FF / SL,Curveball,Four-Seam Fastball,Slider,0.0237
Caleb Thielbar,Left-Handed Batter,Contact-Over-Power Hitter,CU / FF / SL,Curveball,Four-Seam Fastball,Slider,-0.0098
Caleb Thielbar,Right-Handed Batter,Pure Slap Hitter,CU / FF / SL,Curveball,Four-Seam Fastball,Slider,-0.0059
Caleb Thielbar,Right-Handed Batter,All-or-Nothing Power Hitter,CU / FF / SL,Curveball,Four-Seam Fastball,Slider,0.0347
Caleb Thielbar,Right-Handed Batter,Disciplined All-Rounder,CU / FF / SL,Curveball,Four-Seam Fastball,Slider,-0.0086
Caleb Thielbar,Right-Handed Batter,Free-Swinging Slugger,CU / FF / SL,Curveball,Four-Seam Fastball,Slider,-0.0203
Caleb Thielbar,Right-Handed Batter,Complete Power Hitter,CU / FF / SL,Curveball,Four-Seam Fastball,Slider,0.025
Caleb Thielbar,Right-Handed Batter,Contact-Over-Power Hitter,CU / FF / SL,Curveball,Four-Seam Fastball,Slider,0.0079
Yusei Kikuchi,Left-Handed Batter,Pure Slap Hitter,FF / FS / SL,Four-Seam Fastball,Splitter,Slider,-0.0022
Yusei Kikuchi,Left-Handed Batter,All-or-Nothing Power Hitter,FF / FS / SL,Four-Seam Fastball,Splitter,Slider,-0.0068
Yusei Kikuchi,Left-Handed Batter,Disciplined All-Rounder,FF / FS / SL,Four-Seam Fastball,Splitter,Slider,0.0047
Yusei Kikuchi,Left-Handed Batter,Free-Swinging Slugger,FF / FS / SL,Four-Seam Fastball,Splitter,Slider,-0.0109
Yusei Kikuchi,Left-Handed Batter,Complete Power Hitter,FF / FS / SL,Four-Seam Fastball,Splitter,Slider,0.0026
Yusei Kikuchi,Left-Handed Batter,Contact-Over-Power Hitter,FF / FS / SL,Four-Seam Fastball,Splitter,Slider,0.0057
Yusei Kikuchi,Right-Handed Batter,Pure Slap Hitter,FF / FS / SL,Four-Seam Fastball,Splitter,Slider,-0.0024
Yusei Kikuchi,Right-Handed Batter,All-or-Nothing Power Hitter,FF / FS / SL,Four-Seam Fastball,Splitter,Slider,-0.0014
Yusei Kikuchi,Right-Handed Batter,Disciplined All-Rounder,FF / FS / SL,Four-Seam Fastball,Splitter,Slider,0.0126
Yusei Kikuchi,Right-Handed Batter,Free-Swinging Slugger,FF / FS / SL,Four-Seam Fastball,Splitter,Slider,0.0043
Yusei Kikuchi,Right-Handed Batter,Complete Power Hitter,FF / FS / SL,Four-Seam Fastball,Splitter,Slider,-0.0078
Yusei Kikuchi,Right-Handed Batter,Contact-Over-Power Hitter,FF / FS / SL,Four-Seam Fastball,Splitter,Slider,0.0081
Jason Adam,Left-Handed Batter,Pure Slap Hitter,CH / FF / SL,Changeup,Four-Seam Fastball,Slider,-0.0033
Jason Adam,Left-Handed Batter,All-or-Nothing Power Hitter,CH / FF / SL,Changeup,Four-Seam Fastball,Slider,0.0045
Jason Adam,Left-Handed Batter,Disciplined All-Rounder,CH / FF / SL,Changeup,Four-Seam Fastball,Slider,-0.0088
Jason Adam,Left-Handed Batter,Free-Swinging Slugger,CH / FF / SL,Changeup,Four-Seam Fastball,Slider,-0.0099
Jason Adam,Left-Handed Batter,Complete Power Hitter,CH / FF / SL,Changeup,Four-Seam Fastball,Slider,-0.0047
Jason Adam,Left-Handed Batter,Contact-Over-Power Hitter,CH / FF / SL,Changeup,Four-Seam Fastball,Slider,-0.0057
Jason Adam,Right-Handed Batter,Pure Slap Hitter,CH / FF / SL,Changeup,Four-Seam Fastball,Slider,-0.0087
Jason Adam,Right-Handed Batter,All-or-Nothing Power Hitter,CH / FF / SL,Changeup,Four-Seam Fastball,Slider,0.0047
Jason Adam,Right-Handed Batter,Disciplined All-Rounder,CH / FF / SL,Changeup,Four-Seam Fastball,Slider,-0.0056
Jason Adam,Right-Handed Batter,Free-Swinging Slugger,CH / FF / SL,Changeup,Four-Seam Fastball,Slider,-0.0059
Jason Adam,Right-Handed Batter,Complete Power Hitter,CH / FF / SL,Changeup,Four-Seam Fastball,Slider,0.0227
Jason Adam,Right-Handed Batter,Contact-Over-Power Hitter,CH / FF / SL,Changeup,Four-Seam Fastball,Slider,-0.0086
Kevin Gausman,Left-Handed Batter,Pure Slap Hitter,FF / FS / SL,Four-Seam Fastball,Splitter,Slider,0.006
Kevin Gausman,Left-Handed Batter,All-or-Nothing Power Hitter,FF / FS / SL,Four-Seam Fastball,Splitter,Slider,-0.0087
Kevin Gausman,Left-Handed Batter,Disciplined All-Rounder,FF / FS / SL,Four-Seam Fastball,Splitter,Slider,-0.0241
Kevin Gausman,Left-Handed Batter,Free-Swinging Slugger,FF / FS / SL,Four-Seam Fastball,Splitter,Slider,0.023
Kevin Gausman,Left-Handed Batter,Complete Power Hitter,FF / FS / SL,Four-Seam Fastball,Splitter,Slider,-0.0023
Kevin Gausman,Left-Handed Batter,Contact-Over-Power Hitter,FF / FS / SL,Four-Seam Fastball,Splitter,Slider,0.0001
Kevin Gausman,Right-Handed Batter,Pure Slap Hitter,FF / FS / SL,Four-Seam Fastball,Splitter,Slider,-0.0108
Kevin Gausman,Right-Handed Batter,All-or-Nothing Power Hitter,FF / FS / SL,Four-Seam Fastball,Splitter,Slider,-0.0017
Kevin Gausman,Right-Handed Batter,Disciplined All-Rounder,FF / FS / SL,Four-Seam Fastball,Splitter,Slider,0.0032
Kevin Gausman,Right-Handed Batter,Free-Swinging Slugger,FF / FS / SL,Four-Seam Fastball,Splitter,Slider,-0.0087
Kevin Gausman,Right-Handed Batter,Complete Power Hitter,FF / FS / SL,Four-Seam Fastball,Splitter,Slider,0.0116
Kevin Gausman,Right-Handed Batter,Contact-Over-Power Hitter,FF / FS / SL,Four-Seam Fastball,Splitter,Slider,-0.0085
Robbie Ray,Left-Handed Batter,Pure Slap Hitter,CH / FF / SL,Changeup,Four-Seam Fastball,Slider,-0.0148
Robbie Ray,Left-Handed Batter,All-or-Nothing Power Hitter,CH / KC / SI,Changeup,Knuckle Curve,Sinker,-0.0084
Robbie Ray,Left-Handed Batter,Disciplined All-Rounder,CH / SI / SL,Changeup,Sinker,Slider,0.0058
Robbie Ray,Left-Handed Batter,Free-Swinging Slugger,CH / FF / SI,Changeup,Four-Seam Fastball,Sinker,-0.016
Robbie Ray,Left-Handed Batter,Complete Power Hitter,CH / SI / SL,Changeup,Sinker,Slider,-0.0096
Robbie Ray,Left-Handed Batter,Contact-Over-Power Hitter,CH / KC / SL,Changeup,Knuckle Curve,Slider,-0.014
Robbie Ray,Right-Handed Batter,Pure Slap Hitter,CH / KC / SI,Changeup,Knuckle Curve,Sinker,-0.0071
Robbie Ray,Right-Handed Batter,All-or-Nothing Power Hitter,CH / FF / KC,Changeup,Four-Seam Fastball,Knuckle Curve,-0.0151
Robbie Ray,Right-Handed Batter,Disciplined All-Rounder,CH / KC / SI,Changeup,Knuckle Curve,Sinker,-0.0092
Robbie Ray,Right-Handed Batter,Free-Swinging Slugger,CH / FF / KC,Changeup,Four-Seam Fastball,Knuckle Curve,-0.0131
Robbie Ray,Right-Handed Batter,Complete Power Hitter,CH / KC / SI,Changeup,Knuckle Curve,Sinker,-0.0015
Robbie Ray,Right-Handed Batter,Contact-Over-Power Hitter,CH / KC / SL,Changeup,Knuckle Curve,Slider,-0.0141
Ryne Stanek,Left-Handed Batter,Pure Slap Hitter,FF / FS / SL,Four-Seam Fastball,Splitter,Slider,0.0065
Ryne Stanek,Left-Handed Batter,All-or-Nothing Power Hitter,FF / FS / SL,Four-Seam Fastball,Splitter,Slider,0.0171
Ryne Stanek,Left-Handed Batter,Disciplined All-Rounder,FF / FS / SL,Four-Seam Fastball,Splitter,Slider,-0.0081
Ryne Stanek,Left-Handed Batter,Free-Swinging Slugger,FF / FS / SL,Four-Seam Fastball,Splitter,Slider,-0.0153
Ryne Stanek,Left-Handed Batter,Complete Power Hitter,FF / FS / SL,Four-Seam Fastball,Splitter,Slider,0.0018
Ryne Stanek,Left-Handed Batter,Contact-Over-Power Hitter,FF / FS / SL,Four-Seam Fastball,Splitter,Slider,-0.0076
Ryne Stanek,Right-Handed Batter,Pure Slap Hitter,FF / FS / SL,Four-Seam Fastball,Splitter,Slider,-0.0022
Ryne Stanek,Right-Handed Batter,All-or-Nothing Power Hitter,FF / FS / SL,Four-Seam Fastball,Splitter,Slider,0.0106
Ryne Stanek,Right-Handed Batter,Disciplined All-Rounder,FF / FS / SL,Four-Seam Fastball,Splitter,Slider,-0.0007
Ryne Stanek,Right-Handed Batter,Free-Swinging Slugger,FF / FS / SL,Four-Seam Fastball,Splitter,Slider,0.0047
Ryne Stanek,Right-Handed Batter,Complete Power Hitter,FF / FS / SL,Four-Seam Fastball,Splitter,Slider,-0.0081
Ryne Stanek,Right-Handed Batter,Contact-Over-Power Hitter,FF / FS / SL,Four-Seam Fastball,Splitter,Slider,0.0267
Jameson Taillon,Left-Handed Batter,Pure Slap Hitter,CH / SI / ST,Changeup,Sinker,Sweeper,-0.0094
Jameson Taillon,Left-Handed Batter,All-or-Nothing Power Hitter,CU / SI / ST,Curveball,Sinker,Sweeper,0.01
Jameson Taillon,Left-Handed Batter,Disciplined All-Rounder,FC / SI / ST,Cutter,Sinker,Sweeper,-0.003
Jameson Taillon,Left-Handed Batter,Free-Swinging Slugger,CH / FC / ST,Changeup,Cutter,Sweeper,-0.012
Jameson Taillon,Left-Handed Batter,Complete Power Hitter,CU / FF / SI,Curveball,Four-Seam Fastball,Sinker,-0.0044
Jameson Taillon,Left-Handed Batter,Contact-Over-Power Hitter,FC / SI / ST,Cutter,Sinker,Sweeper,-0.0091
Jameson Taillon,Right-Handed Batter,Pure Slap Hitter,CH / CU / SI,Changeup,Curveball,Sinker,-0.0171
Jameson Taillon,Right-Handed Batter,All-or-Nothing Power Hitter,CH / CU / ST,Changeup,Curveball,Sweeper,-0.0405
Jameson Taillon,Right-Handed Batter,Disciplined All-Rounder,CH / SI / ST,Changeup,Sinker,Sweeper,-0.0193
Jameson Taillon,Right-Handed Batter,Free-Swinging Slugger,CH / CU / ST,Changeup,Curveball,Sweeper,-0.0303
Jameson Taillon,Right-Handed Batter,Complete Power Hitter,CH / CU / ST,Changeup,Curveball,Sweeper,-0.0169
Jameson Taillon,Right-Handed Batter,Contact-Over-Power Hitter,CH / CU / SI,Changeup,Curveball,Sinker,-0.0151
Eduardo Rodríguez,Left-Handed Batter,Pure Slap Hitter,CH / CU / FC,Changeup,Curveball,Cutter,-0.013
Eduardo Rodríguez,Left-Handed Batter,All-or-Nothing Power Hitter,CH / CU / FF,Changeup,Curveball,Four-Seam Fastball,-0.023
Eduardo Rodríguez,Left-Handed Batter,Disciplined All-Rounder,CH / CU / SI,Changeup,Curveball,Sinker,-0.01
Eduardo Rodríguez,Left-Handed Batter,Free-Swinging Slugger,CH / FC / SI,Changeup,Cutter,Sinker,-0.0137
Eduardo Rodríguez,Left-Handed Batter,Complete Power Hitter,CH / CU / FF,Changeup,Curveball,Four-Seam Fastball,-0.0127
Eduardo Rodríguez,Left-Handed Batter,Contact-Over-Power Hitter,CH / FC / FF,Changeup,Cutter,Four-Seam Fastball,-0.0186
Eduardo Rodríguez,Right-Handed Batter,Pure Slap Hitter,CU / FF / SI,Curveball,Four-Seam Fastball,Sinker,-0.0242
Eduardo Rodríguez,Right-Handed Batter,All-or-Nothing Power Hitter,CH / FC / SI,Changeup,Cutter,Sinker,-0.0169
Eduardo Rodríguez,Right-Handed Batter,Disciplined All-Rounder,CU / FF / SI,Curveball,Four-Seam Fastball,Sinker,-0.002
Eduardo Rodríguez,Right-Handed Batter,Free-Swinging Slugger,CH / CU / SI,Changeup,Curveball,Sinker,-0.0086
Eduardo Rodríguez,Right-Handed Batter,Complete Power Hitter,CU / FC / FF,Curveball,Cutter,Four-Seam Fastball,0.0048
Eduardo Rodríguez,Right-Handed Batter,Contact-Over-Power Hitter,FC / FF / SI,Cutter,Four-Seam Fastball,Sinker,-0.025
Wandy Peralta,Left-Handed Batter,Pure Slap Hitter,CH / SI / SL,Changeup,Sinker,Slider,-0.0016
Wandy Peralta,Left-Handed Batter,All-or-Nothing Power Hitter,CH / SI / SL,Changeup,Sinker,Slider,-0.0122
Wandy Peralta,Left-Handed Batter,Disciplined All-Rounder,CH / SI / SL,Changeup,Sinker,Slider,-0.0014
Wandy Peralta,Left-Handed Batter,Free-Swinging Slugger,CH / SI / SL,Changeup,Sinker,Slider,-0.0261
Wandy Peralta,Left-Handed Batter,Complete Power Hitter,CH / SI / SL,Changeup,Sinker,Slider,-0.0043
Wandy Peralta,Left-Handed Batter,Contact-Over-Power Hitter,CH / SI / SL,Changeup,Sinker,Slider,0.0061
Wandy Peralta,Right-Handed Batter,Pure Slap Hitter,CH / SI / SL,Changeup,Sinker,Slider,-0.0028
Wandy Peralta,Right-Handed Batter,All-or-Nothing Power Hitter,CH / SI / SL,Changeup,Sinker,Slider,0.0042
Wandy Peralta,Right-Handed Batter,Disciplined All-Rounder,CH / SI / SL,Changeup,Sinker,Slider,0.0088
Wandy Peralta,Right-Handed Batter,Free-Swinging Slugger,CH / SI / SL,Changeup,Sinker,Slider,-0.01
Wandy Peralta,Right-Handed Batter,Complete Power Hitter,CH / SI / SL,Changeup,Sinker,Slider,0.0014
Wandy Peralta,Right-Handed Batter,Contact-Over-Power Hitter,CH / SI / SL,Changeup,Sinker,Slider,-0.0091
Sam Moll,Left-Handed Batter,Pure Slap Hitter,CH / SI / ST,Changeup,Sinker,Sweeper,-0.0056
Sam Moll,Left-Handed Batter,All-or-Nothing Power Hitter,CH / SI / ST,Changeup,Sinker,Sweeper,-0.0078
Sam Moll,Left-Handed Batter,Disciplined All-Rounder,CH / SI / ST,Changeup,Sinker,Sweeper,0.0148
Sam Moll,Left-Handed Batter,Free-Swinging Slugger,CH / SI / ST,Changeup,Sinker,Sweeper,-0.0126
Sam Moll,Left-Handed Batter,Complete Power Hitter,CH / SI / ST,Changeup,Sinker,Sweeper,0.0066
Sam Moll,Left-Handed Batter,Contact-Over-Power Hitter,CH / SI / ST,Changeup,Sinker,Sweeper,-0.0118
Sam Moll,Right-Handed Batter,Pure Slap Hitter,CH / SI / ST,Changeup,Sinker,Sweeper,-0.0011
Sam Moll,Right-Handed Batter,All-or-Nothing Power Hitter,CH / SI / ST,Changeup,Sinker,Sweeper,0.0218
Sam Moll,Right-Handed Batter,Disciplined All-Rounder,CH / SI / ST,Changeup,Sinker,Sweeper,0.0021
Sam Moll,Right-Handed Batter,Free-Swinging Slugger,CH / SI / ST,Changeup,Sinker,Sweeper,-0.003
Sam Moll,Right-Handed Batter,Complete Power Hitter,CH / SI / ST,Changeup,Sinker,Sweeper,-0.001
Sam Moll,Right-Handed Batter,Contact-Over-Power Hitter,CH / SI / ST,Changeup,Sinker,Sweeper,0.0016
Jacob Degrom,Left-Handed Batter,Pure Slap Hitter,CH / CU / SL,Changeup,Curveball,Slider,-0.002
Jacob Degrom,Left-Handed Batter,All-or-Nothing Power Hitter,CH / FF / SL,Changeup,Four-Seam Fastball,Slider,-0.0031
Jacob Degrom,Left-Handed Batter,Disciplined All-Rounder,CH / CU / FF,Changeup,Curveball,Four-Seam Fastball,-0.0179
Jacob Degrom,Left-Handed Batter,Free-Swinging Slugger,CH / CU / SL,Changeup,Curveball,Slider,-0.0206
Jacob Degrom,Left-Handed Batter,Complete Power Hitter,CH / CU / FF,Changeup,Curveball,Four-Seam Fastball,-0.0137
Jacob Degrom,Left-Handed Batter,Contact-Over-Power Hitter,CH / CU / SL,Changeup,Curveball,Slider,-0.0109
Jacob Degrom,Right-Handed Batter,Pure Slap Hitter,CH / CU / SL,Changeup,Curveball,Slider,-0.0158
Jacob Degrom,Right-Handed Batter,All-or-Nothing Power Hitter,CH / CU / SL,Changeup,Curveball,Slider,-0.0117
Jacob Degrom,Right-Handed Batter,Disciplined All-Rounder,CH / CU / SL,Changeup,Curveball,Slider,-0.0163
Jacob Degrom,Right-Handed Batter,Free-Swinging Slugger,CH / CU / SL,Changeup,Curveball,Slider,-0.0317
Jacob Degrom,Right-Handed Batter,Complete Power Hitter,CH / CU / SL,Changeup,Curveball,Slider,0.0001
Jacob Degrom,Right-Handed Batter,Contact-Over-Power Hitter,CH / CU / SL,Changeup,Curveball,Slider,-0.0088
Jakob Junis,Left-Handed Batter,Pure Slap Hitter,FF / SI / ST,Four-Seam Fastball,Sinker,Sweeper,-0.0033
Jakob Junis,Left-Handed Batter,All-or-Nothing Power Hitter,CH / FF / ST,Changeup,Four-Seam Fastball,Sweeper,-0.0202
Jakob Junis,Left-Handed Batter,Disciplined All-Rounder,CH / SI / ST,Changeup,Sinker,Sweeper,-0.0009
Jakob Junis,Left-Handed Batter,Free-Swinging Slugger,CH / FF / SI,Changeup,Four-Seam Fastball,Sinker,-0.0078
Jakob Junis,Left-Handed Batter,Complete Power Hitter,CH / FF / ST,Changeup,Four-Seam Fastball,Sweeper,-0.0143
Jakob Junis,Left-Handed Batter,Contact-Over-Power Hitter,CH / SI / ST,Changeup,Sinker,Sweeper,-0.0118
Jakob Junis,Right-Handed Batter,Pure Slap Hitter,CH / SI / ST,Changeup,Sinker,Sweeper,-0.0199
Jakob Junis,Right-Handed Batter,All-or-Nothing Power Hitter,CH / FF / SI,Changeup,Four-Seam Fastball,Sinker,-0.0091
Jakob Junis,Right-Handed Batter,Disciplined All-Rounder,FF / SI / ST,Four-Seam Fastball,Sinker,Sweeper,-0.0075
Jakob Junis,Right-Handed Batter,Free-Swinging Slugger,FF / SI / ST,Four-Seam Fastball,Sinker,Sweeper,-0.0194
Jakob Junis,Right-Handed Batter,Complete Power Hitter,CH / FF / SI,Changeup,Four-Seam Fastball,Sinker,-0.0112
Jakob Junis,Right-Handed Batter,Contact-Over-Power Hitter,CH / FF / SI,Changeup,Four-Seam Fastball,Sinker,-0.0138
Chris Bassitt,Left-Handed Batter,Pure Slap Hitter,CU / FC / SI,Curveball,Cutter,Sinker,0.0089
Chris Bassitt,Left-Handed Batter,All-or-Nothing Power Hitter,CU / FC / SI,Curveball,Cutter,Sinker,-0.0027
Chris Bassitt,Left-Handed Batter,Disciplined All-Rounder,CU / FC / SI,Curveball,Cutter,Sinker,0.0205
Chris Bassitt,Left-Handed Batter,Free-Swinging Slugger,CU / FC / SI,Curveball,Cutter,Sinker,0.0018
Chris Bassitt,Left-Handed Batter,Complete Power Hitter,CU / FC / SI,Curveball,Cutter,Sinker,0.0128
Chris Bassitt,Left-Handed Batter,Contact-Over-Power Hitter,CU / FC / SI,Curveball,Cutter,Sinker,0.0026
Chris Bassitt,Right-Handed Batter,Pure Slap Hitter,CU / FC / SI,Curveball,Cutter,Sinker,0.0179
Chris Bassitt,Right-Handed Batter,All-or-Nothing Power Hitter,CU / FC / SI,Curveball,Cutter,Sinker,0.0275
Chris Bassitt,Right-Handed Batter,Disciplined All-Rounder,CU / FC / SI,Curveball,Cutter,Sinker,-0.0206
Chris Bassitt,Right-Handed Batter,Free-Swinging Slugger,CU / FC / SI,Curveball,Cutter,Sinker,-0.0015
Chris Bassitt,Right-Handed Batter,Complete Power Hitter,CU / FC / SI,Curveball,Cutter,Sinker,0.0042
Chris Bassitt,Right-Handed Batter,Contact-Over-Power Hitter,CU / FC / SI,Curveball,Cutter,Sinker,-0.0216
Clay Holmes,Left-Handed Batter,Pure Slap Hitter,CH / SI / ST,Changeup,Sinker,Sweeper,-0.0095
Clay Holmes,Left-Handed Batter,All-or-Nothing Power Hitter,CH / SI / ST,Changeup,Sinker,Sweeper,-0.0054
Clay Holmes,Left-Handed Batter,Disciplined All-Rounder,CH / SI / ST,Changeup,Sinker,Sweeper,-0.0116
Clay Holmes,Left-Handed Batter,Free-Swinging Slugger,CH / SI / ST,Changeup,Sinker,Sweeper,-0.01
Clay Holmes,Left-Handed Batter,Complete Power Hitter,CH / SI / ST,Changeup,Sinker,Sweeper,0.0132
Clay Holmes,Left-Handed Batter,Contact-Over-Power Hitter,CH / SI / ST,Changeup,Sinker,Sweeper,-0.01
Clay Holmes,Right-Handed Batter,Pure Slap Hitter,CH / SI / ST,Changeup,Sinker,Sweeper,-0.0032
Clay Holmes,Right-Handed Batter,All-or-Nothing Power Hitter,CH / SI / ST,Changeup,Sinker,Sweeper,0.0012
Clay Holmes,Right-Handed Batter,Disciplined All-Rounder,CH / SI / ST,Changeup,Sinker,Sweeper,-0.0096
Clay Holmes,Right-Handed Batter,Free-Swinging Slugger,CH / SI / ST,Changeup,Sinker,Sweeper,-0.0271
Clay Holmes,Right-Handed Batter,Complete Power Hitter,CH / SI / ST,Changeup,Sinker,Sweeper,0.0015
Clay Holmes,Right-Handed Batter,Contact-Over-Power Hitter,CH / SI / ST,Changeup,Sinker,Sweeper,-0.0024
Adrian Houser,Left-Handed Batter,Pure Slap Hitter,CH / CU / SL,Changeup,Curveball,Slider,-0.0036
Adrian Houser,Left-Handed Batter,All-or-Nothing Power Hitter,CU / FF / SL,Curveball,Four-Seam Fastball,Slider,-0.0022
Adrian Houser,Left-Handed Batter,Disciplined All-Rounder,FF / SI / SL,Four-Seam Fastball,Sinker,Slider,-0.005
Adrian Houser,Left-Handed Batter,Free-Swinging Slugger,CH / SI / SL,Changeup,Sinker,Slider,-0.0146
Adrian Houser,Left-Handed Batter,Complete Power Hitter,CH / FF / SL,Changeup,Four-Seam Fastball,Slider,-0.0056
Adrian Houser,Left-Handed Batter,Contact-Over-Power Hitter,CU / SI / SL,Curveball,Sinker,Slider,-0.0072
Adrian Houser,Right-Handed Batter,Pure Slap Hitter,CH / CU / SL,Changeup,Curveball,Slider,-0.0226
Adrian Houser,Right-Handed Batter,All-or-Nothing Power Hitter,CH / FF / SI,Changeup,Four-Seam Fastball,Sinker,-0.0184
Adrian Houser,Right-Handed Batter,Disciplined All-Rounder,CH / CU / SI,Changeup,Curveball,Sinker,-0.022
Adrian Houser,Right-Handed Batter,Free-Swinging Slugger,CH / CU / FF,Changeup,Curveball,Four-Seam Fastball,-0.0096
Adrian Houser,Right-Handed Batter,Complete Power Hitter,CH / CU / SI,Changeup,Curveball,Sinker,-0.0169
Adrian Houser,Right-Handed Batter,Contact-Over-Power Hitter,CH / CU / FF,Changeup,Curveball,Four-Seam Fastball,-0.0258
Aaron Nola,Left-Handed Batter,Pure Slap Hitter,CH / FC / SI,Changeup,Cutter,Sinker,-0.0135
Aaron Nola,Left-Handed Batter,All-or-Nothing Power Hitter,CH / FC / KC,Changeup,Cutter,Knuckle Curve,0.0003
Aaron Nola,Left-Handed Batter,Disciplined All-Rounder,CH / FC / FF,Changeup,Cutter,Four-Seam Fastball,-0.008
Aaron Nola,Left-Handed Batter,Free-Swinging Slugger,FC / KC / SI,Cutter,Knuckle Curve,Sinker,-0.0319
Aaron Nola,Left-Handed Batter,Complete Power Hitter,FF / KC / SI,Four-Seam Fastball,Knuckle Curve,Sinker,0.0106
Aaron Nola,Left-Handed Batter,Contact-Over-Power Hitter,FC / KC / SI,Cutter,Knuckle Curve,Sinker,-0.0264
Aaron Nola,Right-Handed Batter,Pure Slap Hitter,CH / FC / KC,Changeup,Cutter,Knuckle Curve,-0.0037
Aaron Nola,Right-Handed Batter,All-or-Nothing Power Hitter,CH / FC / FF,Changeup,Cutter,Four-Seam Fastball,-0.0192
Aaron Nola,Right-Handed Batter,Disciplined All-Rounder,CH / FC / KC,Changeup,Cutter,Knuckle Curve,-0.0123
Aaron Nola,Right-Handed Batter,Free-Swinging Slugger,CH / FC / KC,Changeup,Cutter,Knuckle Curve,-0.0077
Aaron Nola,Right-Handed Batter,Complete Power Hitter,CH / FC / FF,Changeup,Cutter,Four-Seam Fastball,0.0019
Aaron Nola,Right-Handed Batter,Contact-Over-Power Hitter,CH / FC / KC,Changeup,Cutter,Knuckle Curve,-0.0137
Jeffrey Springs,Left-Handed Batter,Pure Slap Hitter,FF / SL / ST,Four-Seam Fastball,Slider,Sweeper,-0.0032
Jeffrey Springs,Left-Handed Batter,All-or-Nothing Power Hitter,CH / FF / ST,Changeup,Four-Seam Fastball,Sweeper,-0.0022
Jeffrey Springs,Left-Handed Batter,Disciplined All-Rounder,CH / SL / ST,Changeup,Slider,Sweeper,0.0068
Jeffrey Springs,Left-Handed Batter,Free-Swinging Slugger,CH / SL / ST,Changeup,Slider,Sweeper,-0.0257
Jeffrey Springs,Left-Handed Batter,Complete Power Hitter,CH / FF / ST,Changeup,Four-Seam Fastball,Sweeper,-0.0083
Jeffrey Springs,Left-Handed Batter,Contact-Over-Power Hitter,CH / FF / ST,Changeup,Four-Seam Fastball,Sweeper,-0.0112
Jeffrey Springs,Right-Handed Batter,Pure Slap Hitter,CH / SL / ST,Changeup,Slider,Sweeper,-0.0064
Jeffrey Springs,Right-Handed Batter,All-or-Nothing Power Hitter,CH / SL / ST,Changeup,Slider,Sweeper,0.0073
Jeffrey Springs,Right-Handed Batter,Disciplined All-Rounder,CH / FF / ST,Changeup,Four-Seam Fastball,Sweeper,0.0175
Jeffrey Springs,Right-Handed Batter,Free-Swinging Slugger,CH / SL / ST,Changeup,Slider,Sweeper,0.0078
Jeffrey Springs,Right-Handed Batter,Complete Power Hitter,CH / SL / ST,Changeup,Slider,Sweeper,-0.0029
Jeffrey Springs,Right-Handed Batter,Contact-Over-Power Hitter,CH / SL / ST,Changeup,Slider,Sweeper,-0.0022
Brandon Woodruff,Left-Handed Batter,Pure Slap Hitter,CH / FF / SI,Changeup,Four-Seam Fastball,Sinker,-0.0
Brandon Woodruff,Left-Handed Batter,All-or-Nothing Power Hitter,CH / FF / SI,Changeup,Four-Seam Fastball,Sinker,-0.0075
Brandon Woodruff,Left-Handed Batter,Disciplined All-Rounder,CH / FF / SI,Changeup,Four-Seam Fastball,Sinker,-0.0149
Brandon Woodruff,Left-Handed Batter,Free-Swinging Slugger,CH / FF / SI,Changeup,Four-Seam Fastball,Sinker,-0.0145
Brandon Woodruff,Left-Handed Batter,Complete Power Hitter,CH / FF / SI,Changeup,Four-Seam Fastball,Sinker,0.0028
Brandon Woodruff,Left-Handed Batter,Contact-Over-Power Hitter,CH / FF / SI,Changeup,Four-Seam Fastball,Sinker,-0.0233
Brandon Woodruff,Right-Handed Batter,Pure Slap Hitter,CH / FF / SI,Changeup,Four-Seam Fastball,Sinker,0.0012
Brandon Woodruff,Right-Handed Batter,All-or-Nothing Power Hitter,CH / FF / SI,Changeup,Four-Seam Fastball,Sinker,0.0022
Brandon Woodruff,Right-Handed Batter,Disciplined All-Rounder,CH / FF / SI,Changeup,Four-Seam Fastball,Sinker,-0.0157
Brandon Woodruff,Right-Handed Batter,Free-Swinging Slugger,CH / FF / SI,Changeup,Four-Seam Fastball,Sinker,0.0052
Brandon Woodruff,Right-Handed Batter,Complete Power Hitter,CH / FF / SI,Changeup,Four-Seam Fastball,Sinker,-0.0054
Brandon Woodruff,Right-Handed Batter,Contact-Over-Power Hitter,CH / FF / SI,Changeup,Four-Seam Fastball,Sinker,-0.0217
Kyle Hart,Left-Handed Batter,Pure Slap Hitter,FS / SI / SL,Splitter,Sinker,Slider,0.0031
Kyle Hart,Left-Handed Batter,All-or-Nothing Power Hitter,FS / SL / ST,Splitter,Slider,Sweeper,0.0
Kyle Hart,Left-Handed Batter,Disciplined All-Rounder,FS / SI / SL,Splitter,Sinker,Slider,-0.0122
Kyle Hart,Left-Handed Batter,Free-Swinging Slugger,FS / SL / ST,Splitter,Slider,Sweeper,-0.0152
Kyle Hart,Left-Handed Batter,Complete Power Hitter,FS / SI / SL,Splitter,Sinker,Slider,-0.0053
Kyle Hart,Left-Handed Batter,Contact-Over-Power Hitter,FS / SI / SL,Splitter,Sinker,Slider,-0.0254
Kyle Hart,Right-Handed Batter,Pure Slap Hitter,FS / SI / SL,Splitter,Sinker,Slider,-0.017
Kyle Hart,Right-Handed Batter,All-or-Nothing Power Hitter,FS / SL / ST,Splitter,Slider,Sweeper,-0.0027
Kyle Hart,Right-Handed Batter,Disciplined All-Rounder,SI / SL / ST,Sinker,Slider,Sweeper,-0.0169
Kyle Hart,Right-Handed Batter,Free-Swinging Slugger,FS / SI / ST,Splitter,Sinker,Sweeper,-0.0145
Kyle Hart,Right-Handed Batter,Complete Power Hitter,SI / SL / ST,Sinker,Slider,Sweeper,-0.0132
Kyle Hart,Right-Handed Batter,Contact-Over-Power Hitter,SI / SL / ST,Sinker,Slider,Sweeper,-0.0083
Colin Rea,Left-Handed Batter,Pure Slap Hitter,FC / SI / ST,Cutter,Sinker,Sweeper,-0.0103
Colin Rea,Left-Handed Batter,All-or-Nothing Power Hitter,SI / SL / ST,Sinker,Slider,Sweeper,-0.023
Colin Rea,Left-Handed Batter,Disciplined All-Rounder,FF / SI / ST,Four-Seam Fastball,Sinker,Sweeper,-0.0149
Colin Rea,Left-Handed Batter,Free-Swinging Slugger,SI / SL / ST,Sinker,Slider,Sweeper,-0.0157
Colin Rea,Left-Handed Batter,Complete Power Hitter,CH / SI / ST,Changeup,Sinker,Sweeper,-0.0345
Colin Rea,Left-Handed Batter,Contact-Over-Power Hitter,FC / SL / ST,Cutter,Slider,Sweeper,-0.0151
Colin Rea,Right-Handed Batter,Pure Slap Hitter,CH / CU / ST,Changeup,Curveball,Sweeper,-0.0138
Colin Rea,Right-Handed Batter,All-or-Nothing Power Hitter,CH / CU / ST,Changeup,Curveball,Sweeper,-0.0249
Colin Rea,Right-Handed Batter,Disciplined All-Rounder,CU / SI / ST,Curveball,Sinker,Sweeper,-0.0141
Colin Rea,Right-Handed Batter,Free-Swinging Slugger,CH / CU / FC,Changeup,Curveball,Cutter,-0.0063
Colin Rea,Right-Handed Batter,Complete Power Hitter,CU / FC / SL,Curveball,Cutter,Slider,-0.0253
Colin Rea,Right-Handed Batter,Contact-Over-Power Hitter,CH / CU / SL,Changeup,Curveball,Slider,-0.0327
Carlos Rodón,Left-Handed Batter,Pure Slap Hitter,CH / FF / SI,Changeup,Four-Seam Fastball,Sinker,-0.0182
Carlos Rodón,Left-Handed Batter,All-or-Nothing Power Hitter,CH / SI / SL,Changeup,Sinker,Slider,0.0047
Carlos Rodón,Left-Handed Batter,Disciplined All-Rounder,CH / FF / SI,Changeup,Four-Seam Fastball,Sinker,-0.0155
Carlos Rodón,Left-Handed Batter,Free-Swinging Slugger,CH / SI / SL,Changeup,Sinker,Slider,-0.0094
Carlos Rodón,Left-Handed Batter,Complete Power Hitter,CH / SI / SL,Changeup,Sinker,Slider,0.015
Carlos Rodón,Left-Handed Batter,Contact-Over-Power Hitter,CH / FF / SI,Changeup,Four-Seam Fastball,Sinker,-0.0134
Carlos Rodón,Right-Handed Batter,Pure Slap Hitter,CH / SI / SL,Changeup,Sinker,Slider,-0.0152
Carlos Rodón,Right-Handed Batter,All-or-Nothing Power Hitter,CH / FF / SI,Changeup,Four-Seam Fastball,Sinker,-0.024
Carlos Rodón,Right-Handed Batter,Disciplined All-Rounder,CH / FF / SI,Changeup,Four-Seam Fastball,Sinker,0.0014
Carlos Rodón,Right-Handed Batter,Free-Swinging Slugger,FF / SI / SL,Four-Seam Fastball,Sinker,Slider,-0.0183
Carlos Rodón,Right-Handed Batter,Complete Power Hitter,FF / SI / SL,Four-Seam Fastball,Sinker,Slider,0.0011
Carlos Rodón,Right-Handed Batter,Contact-Over-Power Hitter,FF / SI / SL,Four-Seam Fastball,Sinker,Slider,-0.0149
Tyler Glasnow,Left-Handed Batter,Pure Slap Hitter,FF / KC / SI,Four-Seam Fastball,Knuckle Curve,Sinker,-0.0081
Tyler Glasnow,Left-Handed Batter,All-or-Nothing Power Hitter,FF / KC / SI,Four-Seam Fastball,Knuckle Curve,Sinker,0.0098
Tyler Glasnow,Left-Handed Batter,Disciplined All-Rounder,FF / KC / SI,Four-Seam Fastball,Knuckle Curve,Sinker,-0.0035
Tyler Glasnow,Left-Handed Batter,Free-Swinging Slugger,FF / KC / SI,Four-Seam Fastball,Knuckle Curve,Sinker,-0.0107
Tyler Glasnow,Left-Handed Batter,Complete Power Hitter,FF / KC / SI,Four-Seam Fastball,Knuckle Curve,Sinker,0.0148
Tyler Glasnow,Left-Handed Batter,Contact-Over-Power Hitter,FF / KC / SI,Four-Seam Fastball,Knuckle Curve,Sinker,-0.0116
Tyler Glasnow,Right-Handed Batter,Pure Slap Hitter,FF / KC / SI,Four-Seam Fastball,Knuckle Curve,Sinker,-0.0199
Tyler Glasnow,Right-Handed Batter,All-or-Nothing Power Hitter,FF / KC / SI,Four-Seam Fastball,Knuckle Curve,Sinker,-0.0047
Tyler Glasnow,Right-Handed Batter,Disciplined All-Rounder,FF / KC / SI,Four-Seam Fastball,Knuckle Curve,Sinker,-0.0048
Tyler Glasnow,Right-Handed Batter,Free-Swinging Slugger,FF / KC / SI,Four-Seam Fastball,Knuckle Curve,Sinker,0.0214
Tyler Glasnow,Right-Handed Batter,Complete Power Hitter,FF / KC / SI,Four-Seam Fastball,Knuckle Curve,Sinker,0.0046
Tyler Glasnow,Right-Handed Batter,Contact-Over-Power Hitter,FF / KC / SI,Four-Seam Fastball,Knuckle Curve,Sinker,-0.0154
Erick Fedde,Left-Handed Batter,Pure Slap Hitter,CH / FC / ST,Changeup,Cutter,Sweeper,0.0117
Erick Fedde,Left-Handed Batter,All-or-Nothing Power Hitter,CH / FC / ST,Changeup,Cutter,Sweeper,-0.0045
Erick Fedde,Left-Handed Batter,Disciplined All-Rounder,FC / SI / ST,Cutter,Sinker,Sweeper,-0.015
Erick Fedde,Left-Handed Batter,Free-Swinging Slugger,CH / SI / ST,Changeup,Sinker,Sweeper,-0.0217
Erick Fedde,Left-Handed Batter,Complete Power Hitter,CH / SI / ST,Changeup,Sinker,Sweeper,0.0034
Erick Fedde,Left-Handed Batter,Contact-Over-Power Hitter,FC / SI / ST,Cutter,Sinker,Sweeper,-0.0194
Erick Fedde,Right-Handed Batter,Pure Slap Hitter,CH / SI / ST,Changeup,Sinker,Sweeper,0.004
Erick Fedde,Right-Handed Batter,All-or-Nothing Power Hitter,CH / SI / ST,Changeup,Sinker,Sweeper,0.0049
Erick Fedde,Right-Handed Batter,Disciplined All-Rounder,CH / FC / ST,Changeup,Cutter,Sweeper,-0.0075
Erick Fedde,Right-Handed Batter,Free-Swinging Slugger,CH / SI / ST,Changeup,Sinker,Sweeper,-0.0025
Erick Fedde,Right-Handed Batter,Complete Power Hitter,CH / FC / ST,Changeup,Cutter,Sweeper,0.0071
Erick Fedde,Right-Handed Batter,Contact-Over-Power Hitter,CH / FC / SI,Changeup,Cutter,Sinker,-0.0201
Nick Martínez,Left-Handed Batter,Pure Slap Hitter,CU / FC / FF,Curveball,Cutter,Four-Seam Fastball,-0.0167
Nick Martínez,Left-Handed Batter,All-or-Nothing Power Hitter,CH / FC / FF,Changeup,Cutter,Four-Seam Fastball,-0.0098
Nick Martínez,Left-Handed Batter,Disciplined All-Rounder,CU / FC / SI,Curveball,Cutter,Sinker,-0.0025
Nick Martínez,Left-Handed Batter,Free-Swinging Slugger,CH / CU / SI,Changeup,Curveball,Sinker,-0.0108
Nick Martínez,Left-Handed Batter,Complete Power Hitter,CU / FC / FF,Curveball,Cutter,Four-Seam Fastball,-0.0034
Nick Martínez,Left-Handed Batter,Contact-Over-Power Hitter,CH / CU / SI,Changeup,Curveball,Sinker,-0.0388
Nick Martínez,Right-Handed Batter,Pure Slap Hitter,CU / FC / FF,Curveball,Cutter,Four-Seam Fastball,-0.0178
Nick Martínez,Right-Handed Batter,All-or-Nothing Power Hitter,CH / CU / SI,Changeup,Curveball,Sinker,-0.024
Nick Martínez,Right-Handed Batter,Disciplined All-Rounder,CH / FC / FF,Changeup,Cutter,Four-Seam Fastball,0.0028
Nick Martínez,Right-Handed Batter,Free-Swinging Slugger,CH / CU / FC,Changeup,Curveball,Cutter,-0.0195
Nick Martínez,Right-Handed Batter,Complete Power Hitter,CH / CU / FF,Changeup,Curveball,Four-Seam Fastball,0.0038
Nick Martínez,Right-Handed Batter,Contact-Over-Power Hitter,CH / CU / SI,Changeup,Curveball,Sinker,-0.0372
Anthony Banda,Left-Handed Batter,Pure Slap Hitter,FF / SI / SL,Four-Seam Fastball,Sinker,Slider,-0.0124
Anthony Banda,Left-Handed Batter,All-or-Nothing Power Hitter,FF / SI / SL,Four-Seam Fastball,Sinker,Slider,0.0067
Anthony Banda,Left-Handed Batter,Disciplined All-Rounder,FF / SI / SL,Four-Seam Fastball,Sinker,Slider,0.0219
Anthony Banda,Left-Handed Batter,Free-Swinging Slugger,FF / SI / SL,Four-Seam Fastball,Sinker,Slider,-0.0021
Anthony Banda,Left-Handed Batter,Complete Power Hitter,FF / SI / SL,Four-Seam Fastball,Sinker,Slider,-0.0051
Anthony Banda,Left-Handed Batter,Contact-Over-Power Hitter,FF / SI / SL,Four-Seam Fastball,Sinker,Slider,-0.0002
Anthony Banda,Right-Handed Batter,Pure Slap Hitter,FF / SI / SL,Four-Seam Fastball,Sinker,Slider,0.0006
Anthony Banda,Right-Handed Batter,All-or-Nothing Power Hitter,FF / SI / SL,Four-Seam Fastball,Sinker,Slider,-0.0005
Anthony Banda,Right-Handed Batter,Disciplined All-Rounder,FF / SI / SL,Four-Seam Fastball,Sinker,Slider,0.0124
Anthony Banda,Right-Handed Batter,Free-Swinging Slugger,FF / SI / SL,Four-Seam Fastball,Sinker,Slider,0.0027
Anthony Banda,Right-Handed Batter,Complete Power Hitter,FF / SI / SL,Four-Seam Fastball,Sinker,Slider,0.0003
Anthony Banda,Right-Handed Batter,Contact-Over-Power Hitter,FF / SI / SL,Four-Seam Fastball,Sinker,Slider,0.0058
Kyle Freeland,Left-Handed Batter,Pure Slap Hitter,FF / KC / ST,Four-Seam Fastball,Knuckle Curve,Sweeper,-0.0065
Kyle Freeland,Left-Handed Batter,All-or-Nothing Power Hitter,FF / KC / ST,Four-Seam Fastball,Knuckle Curve,Sweeper,-0.0056
Kyle Freeland,Left-Handed Batter,Disciplined All-Rounder,CH / FC / SI,Changeup,Cutter,Sinker,-0.0212
Kyle Freeland,Left-Handed Batter,Free-Swinging Slugger,CH / KC / SI,Changeup,Knuckle Curve,Sinker,-0.0177
Kyle Freeland,Left-Handed Batter,Complete Power Hitter,CH / SI / ST,Changeup,Sinker,Sweeper,-0.0121
Kyle Freeland,Left-Handed Batter,Contact-Over-Power Hitter,CH / KC / SI,Changeup,Knuckle Curve,Sinker,-0.0227
Kyle Freeland,Right-Handed Batter,Pure Slap Hitter,CH / FC / ST,Changeup,Cutter,Sweeper,-0.0083
Kyle Freeland,Right-Handed Batter,All-or-Nothing Power Hitter,KC / SI / ST,Knuckle Curve,Sinker,Sweeper,-0.0056
Kyle Freeland,Right-Handed Batter,Disciplined All-Rounder,CH / FC / ST,Changeup,Cutter,Sweeper,-0.0003
Kyle Freeland,Right-Handed Batter,Free-Swinging Slugger,FC / KC / SI,Cutter,Knuckle Curve,Sinker,-0.0113
Kyle Freeland,Right-Handed Batter,Complete Power Hitter,CH / SI / ST,Changeup,Sinker,Sweeper,-0.0136
Kyle Freeland,Right-Handed Batter,Contact-Over-Power Hitter,CH / SI / ST,Changeup,Sinker,Sweeper,-0.0092
Seth Lugo,Left-Handed Batter,Pure Slap Hitter,CU / FC / SL,Curveball,Cutter,Slider,-0.006
Seth Lugo,Left-Handed Batter,All-or-Nothing Power Hitter,FC / SL / ST,Cutter,Slider,Sweeper,-0.0142
Seth Lugo,Left-Handed Batter,Disciplined All-Rounder,CH / FC / SI,Changeup,Cutter,Sinker,-0.0195
Seth Lugo,Left-Handed Batter,Free-Swinging Slugger,CH / FC / SL,Changeup,Cutter,Slider,-0.0083
Seth Lugo,Left-Handed Batter,Complete Power Hitter,CH / FF / SI,Changeup,Four-Seam Fastball,Sinker,-0.0118
Seth Lugo,Left-Handed Batter,Contact-Over-Power Hitter,CH / SI / SL,Changeup,Sinker,Slider,-0.0154
Seth Lugo,Right-Handed Batter,Pure Slap Hitter,FC / FF / SI,Cutter,Four-Seam Fastball,Sinker,-0.0106
Seth Lugo,Right-Handed Batter,All-or-Nothing Power Hitter,CH / FC / ST,Changeup,Cutter,Sweeper,-0.0094
Seth Lugo,Right-Handed Batter,Disciplined All-Rounder,CH / SI / ST,Changeup,Sinker,Sweeper,-0.0112
Seth Lugo,Right-Handed Batter,Free-Swinging Slugger,CH / FC / SL,Changeup,Cutter,Slider,-0.0198
Seth Lugo,Right-Handed Batter,Complete Power Hitter,CH / FC / ST,Changeup,Cutter,Sweeper,-0.0059
Seth Lugo,Right-Handed Batter,Contact-Over-Power Hitter,CH / SI / ST,Changeup,Sinker,Sweeper,-0.0304
Max Fried,Left-Handed Batter,Pure Slap Hitter,CH / FC / SI,Changeup,Cutter,Sinker,-0.0306
Max Fried,Left-Handed Batter,All-or-Nothing Power Hitter,CH / FC / ST,Changeup,Cutter,Sweeper,-0.0046
Max Fried,Left-Handed Batter,Disciplined All-Rounder,CH / FF / SI,Changeup,Four-Seam Fastball,Sinker,-0.0253
Max Fried,Left-Handed Batter,Free-Swinging Slugger,CH / FC / SI,Changeup,Cutter,Sinker,-0.0073
Max Fried,Left-Handed Batter,Complete Power Hitter,CH / CU / SI,Changeup,Curveball,Sinker,-0.019
Max Fried,Left-Handed Batter,Contact-Over-Power Hitter,CH / FF / SI,Changeup,Four-Seam Fastball,Sinker,-0.0195
Max Fried,Right-Handed Batter,Pure Slap Hitter,FC / SI / ST,Cutter,Sinker,Sweeper,-0.0257
Max Fried,Right-Handed Batter,All-or-Nothing Power Hitter,CH / FF / ST,Changeup,Four-Seam Fastball,Sweeper,-0.0189
Max Fried,Right-Handed Batter,Disciplined All-Rounder,CH / CU / FC,Changeup,Curveball,Cutter,-0.0187
Max Fried,Right-Handed Batter,Free-Swinging Slugger,CH / FC / ST,Changeup,Cutter,Sweeper,-0.0104
Max Fried,Right-Handed Batter,Complete Power Hitter,FC / SI / ST,Cutter,Sinker,Sweeper,-0.0005
Max Fried,Right-Handed Batter,Contact-Over-Power Hitter,CH / CU / FF,Changeup,Curveball,Four-Seam Fastball,-0.0237
Tomoyuki Sugano,Left-Handed Batter,Pure Slap Hitter,FF / SL / ST,Four-Seam Fastball,Slider,Sweeper,-0.0183
Tomoyuki Sugano,Left-Handed Batter,All-or-Nothing Power Hitter,CU / SI / ST,Curveball,Sinker,Sweeper,-0.0087
Tomoyuki Sugano,Left-Handed Batter,Disciplined All-Rounder,CU / FS / SL,Curveball,Splitter,Slider,-0.0013
Tomoyuki Sugano,Left-Handed Batter,Free-Swinging Slugger,FF / SL / ST,Four-Seam Fastball,Slider,Sweeper,-0.0274
Tomoyuki Sugano,Left-Handed Batter,Complete Power Hitter,FC / SI / ST,Cutter,Sinker,Sweeper,-0.0004
Tomoyuki Sugano,Left-Handed Batter,Contact-Over-Power Hitter,CU / FF / FS,Curveball,Four-Seam Fastball,Splitter,-0.0229
Tomoyuki Sugano,Right-Handed Batter,Pure Slap Hitter,FC / FF / FS,Cutter,Four-Seam Fastball,Splitter,-0.0232
Tomoyuki Sugano,Right-Handed Batter,All-or-Nothing Power Hitter,CU / FS / ST,Curveball,Splitter,Sweeper,-0.0044
Tomoyuki Sugano,Right-Handed Batter,Disciplined All-Rounder,CU / SL / ST,Curveball,Slider,Sweeper,-0.0126
Tomoyuki Sugano,Right-Handed Batter,Free-Swinging Slugger,FC / FS / SI,Cutter,Splitter,Sinker,-0.0288
Tomoyuki Sugano,Right-Handed Batter,Complete Power Hitter,CU / SL / ST,Curveball,Slider,Sweeper,-0.0099
Tomoyuki Sugano,Right-Handed Batter,Contact-Over-Power Hitter,CU / FC / ST,Curveball,Cutter,Sweeper,-0.002
Michael Wacha,Left-Handed Batter,Pure Slap Hitter,CH / SI / SL,Changeup,Sinker,Slider,-0.0173
Michael Wacha,Left-Handed Batter,All-or-Nothing Power Hitter,CH / CU / SL,Changeup,Curveball,Slider,-0.0063
Michael Wacha,Left-Handed Batter,Disciplined All-Rounder,CH / FC / SL,Changeup,Cutter,Slider,-0.0199
Michael Wacha,Left-Handed Batter,Free-Swinging Slugger,CH / FC / SL,Changeup,Cutter,Slider,-0.0138
Michael Wacha,Left-Handed Batter,Complete Power Hitter,CH / SI / SL,Changeup,Sinker,Slider,-0.0187
Michael Wacha,Left-Handed Batter,Contact-Over-Power Hitter,FF / SI / SL,Four-Seam Fastball,Sinker,Slider,-0.0238
Michael Wacha,Right-Handed Batter,Pure Slap Hitter,CU / SI / SL,Curveball,Sinker,Slider,-0.0342
Michael Wacha,Right-Handed Batter,All-or-Nothing Power Hitter,CH / CU / SL,Changeup,Curveball,Slider,-0.0115
Michael Wacha,Right-Handed Batter,Disciplined All-Rounder,CU / FF / SL,Curveball,Four-Seam Fastball,Slider,-0.0093
Michael Wacha,Right-Handed Batter,Free-Swinging Slugger,CH / CU / SI,Changeup,Curveball,Sinker,-0.0063
Michael Wacha,Right-Handed Batter,Complete Power Hitter,FC / FF / SI,Cutter,Four-Seam Fastball,Sinker,0.001
Michael Wacha,Right-Handed Batter,Contact-Over-Power Hitter,CU / FC / FF,Curveball,Cutter,Four-Seam Fastball,-0.0173
Germán Márquez,Left-Handed Batter,Pure Slap Hitter,FF / SI / SL,Four-Seam Fastball,Sinker,Slider,-0.0215
Germán Márquez,Left-Handed Batter,All-or-Nothing Power Hitter,FF / SI / SL,Four-Seam Fastball,Sinker,Slider,-0.0007
Germán Márquez,Left-Handed Batter,Disciplined All-Rounder,FF / SI / SL,Four-Seam Fastball,Sinker,Slider,0.0112
Germán Márquez,Left-Handed Batter,Free-Swinging Slugger,KC / SI / SL,Knuckle Curve,Sinker,Slider,-0.0132
Germán Márquez,Left-Handed Batter,Complete Power Hitter,FF / SI / SL,Four-Seam Fastball,Sinker,Slider,0.0148
Germán Márquez,Left-Handed Batter,Contact-Over-Power Hitter,KC / SI / SL,Knuckle Curve,Sinker,Slider,-0.0088
Germán Márquez,Right-Handed Batter,Pure Slap Hitter,FF / KC / SI,Four-Seam Fastball,Knuckle Curve,Sinker,-0.0088
Germán Márquez,Right-Handed Batter,All-or-Nothing Power Hitter,FF / SI / SL,Four-Seam Fastball,Sinker,Slider,0.0016
Germán Márquez,Right-Handed Batter,Disciplined All-Rounder,FF / SI / SL,Four-Seam Fastball,Sinker,Slider,0.0024
Germán Márquez,Right-Handed Batter,Free-Swinging Slugger,FF / SI / SL,Four-Seam Fastball,Sinker,Slider,-0.0244
Germán Márquez,Right-Handed Batter,Complete Power Hitter,KC / SI / SL,Knuckle Curve,Sinker,Slider,-0.0015
Germán Márquez,Right-Handed Batter,Contact-Over-Power Hitter,KC / SI / SL,Knuckle Curve,Sinker,Slider,-0.0081
Brent Suter,Left-Handed Batter,Pure Slap Hitter,CH / FF / SI,Changeup,Four-Seam Fastball,Sinker,-0.0089
Brent Suter,Left-Handed Batter,All-or-Nothing Power Hitter,CH / FF / SL,Changeup,Four-Seam Fastball,Slider,0.01
Brent Suter,Left-Handed Batter,Disciplined All-Rounder,CH / SI / SL,Changeup,Sinker,Slider,0.002
Brent Suter,Left-Handed Batter,Free-Swinging Slugger,CH / SI / SL,Changeup,Sinker,Slider,-0.0077
Brent Suter,Left-Handed Batter,Complete Power Hitter,CH / SI / SL,Changeup,Sinker,Slider,-0.0247
Brent Suter,Left-Handed Batter,Contact-Over-Power Hitter,CH / FF / SI,Changeup,Four-Seam Fastball,Sinker,-0.0107
Brent Suter,Right-Handed Batter,Pure Slap Hitter,CH / SI / SL,Changeup,Sinker,Slider,-0.0092
Brent Suter,Right-Handed Batter,All-or-Nothing Power Hitter,CH / SI / SL,Changeup,Sinker,Slider,-0.0038
Brent Suter,Right-Handed Batter,Disciplined All-Rounder,CH / SI / SL,Changeup,Sinker,Slider,-0.0077
Brent Suter,Right-Handed Batter,Free-Swinging Slugger,CH / FF / SL,Changeup,Four-Seam Fastball,Slider,0.0025
Brent Suter,Right-Handed Batter,Complete Power Hitter,FF / SI / SL,Four-Seam Fastball,Sinker,Slider,-0.0132
Brent Suter,Right-Handed Batter,Contact-Over-Power Hitter,CH / SI / SL,Changeup,Sinker,Slider,-0.0004
Cal Quantrill,Left-Handed Batter,Pure Slap Hitter,FC / FF / SI,Cutter,Four-Seam Fastball,Sinker,0.0024
Cal Quantrill,Left-Handed Batter,All-or-Nothing Power Hitter,FC / FS / SI,Cutter,Splitter,Sinker,-0.0066
Cal Quantrill,Left-Handed Batter,Disciplined All-Rounder,FC / FF / SI,Cutter,Four-Seam Fastball,Sinker,-0.0101
Cal Quantrill,Left-Handed Batter,Free-Swinging Slugger,FC / FF / FS,Cutter,Four-Seam Fastball,Splitter,-0.0238
Cal Quantrill,Left-Handed Batter,Complete Power Hitter,FC / FS / SI,Cutter,Splitter,Sinker,0.0314
Cal Quantrill,Left-Handed Batter,Contact-Over-Power Hitter,FC / FF / SI,Cutter,Four-Seam Fastball,Sinker,-0.0142
Cal Quantrill,Right-Handed Batter,Pure Slap Hitter,FC / FS / SI,Cutter,Splitter,Sinker,-0.005
Cal Quantrill,Right-Handed Batter,All-or-Nothing Power Hitter,FF / FS / SI,Four-Seam Fastball,Splitter,Sinker,-0.0147
Cal Quantrill,Right-Handed Batter,Disciplined All-Rounder,FF / FS / SI,Four-Seam Fastball,Splitter,Sinker,-0.0194
Cal Quantrill,Right-Handed Batter,Free-Swinging Slugger,FC / FF / SI,Cutter,Four-Seam Fastball,Sinker,-0.0162
Cal Quantrill,Right-Handed Batter,Complete Power Hitter,FC / FF / SI,Cutter,Four-Seam Fastball,Sinker,-0.0157
Cal Quantrill,Right-Handed Batter,Contact-Over-Power Hitter,FC / FS / SI,Cutter,Splitter,Sinker,-0.0163
Walker Buehler,Left-Handed Batter,Pure Slap Hitter,FF / SL / ST,Four-Seam Fastball,Slider,Sweeper,-0.0156
Walker Buehler,Left-Handed Batter,All-or-Nothing Power Hitter,FF / SI / SL,Four-Seam Fastball,Sinker,Slider,-0.0079
Walker Buehler,Left-Handed Batter,Disciplined All-Rounder,KC / SL / ST,Knuckle Curve,Slider,Sweeper,-0.0127
Walker Buehler,Left-Handed Batter,Free-Swinging Slugger,FC / SL / ST,Cutter,Slider,Sweeper,-0.0136
Walker Buehler,Left-Handed Batter,Complete Power Hitter,FC / KC / SL,Cutter,Knuckle Curve,Slider,-0.0144
Walker Buehler,Left-Handed Batter,Contact-Over-Power Hitter,FC / SI / ST,Cutter,Sinker,Sweeper,-0.023
Walker Buehler,Right-Handed Batter,Pure Slap Hitter,CH / SL / ST,Changeup,Slider,Sweeper,-0.0243
Walker Buehler,Right-Handed Batter,All-or-Nothing Power Hitter,CH / SI / SL,Changeup,Sinker,Slider,-0.0247
Walker Buehler,Right-Handed Batter,Disciplined All-Rounder,CH / SL / ST,Changeup,Slider,Sweeper,-0.0131
Walker Buehler,Right-Handed Batter,Free-Swinging Slugger,CH / FC / ST,Changeup,Cutter,Sweeper,-0.0041
Walker Buehler,Right-Handed Batter,Complete Power Hitter,CH / FC / SL,Changeup,Cutter,Slider,-0.0107
Walker Buehler,Right-Handed Batter,Contact-Over-Power Hitter,CH / KC / SI,Changeup,Knuckle Curve,Sinker,-0.0375
Paul Blackburn,Left-Handed Batter,Pure Slap Hitter,CH / CU / SI,Changeup,Curveball,Sinker,-0.0222
Paul Blackburn,Left-Handed Batter,All-or-Nothing Power Hitter,CH / FC / SI,Changeup,Cutter,Sinker,0.0207
Paul Blackburn,Left-Handed Batter,Disciplined All-Rounder,CH / CU / SI,Changeup,Curveball,Sinker,-0.0153
Paul Blackburn,Left-Handed Batter,Free-Swinging Slugger,CH / FC / SI,Changeup,Cutter,Sinker,-0.0173
Paul Blackburn,Left-Handed Batter,Complete Power Hitter,CH / CU / FC,Changeup,Curveball,Cutter,-0.0166
Paul Blackburn,Left-Handed Batter,Contact-Over-Power Hitter,CH / CU / SI,Changeup,Curveball,Sinker,-0.0205
Paul Blackburn,Right-Handed Batter,Pure Slap Hitter,CH / CU / SI,Changeup,Curveball,Sinker,-0.022
Paul Blackburn,Right-Handed Batter,All-or-Nothing Power Hitter,CH / CU / FC,Changeup,Curveball,Cutter,0.0069
Paul Blackburn,Right-Handed Batter,Disciplined All-Rounder,CH / CU / SI,Changeup,Curveball,Sinker,-0.0265
Paul Blackburn,Right-Handed Batter,Free-Swinging Slugger,CH / CU / SI,Changeup,Curveball,Sinker,-0.0063
Paul Blackburn,Right-Handed Batter,Complete Power Hitter,CH / CU / SI,Changeup,Curveball,Sinker,-0.0473
Paul Blackburn,Right-Handed Batter,Contact-Over-Power Hitter,CH / FC / SI,Changeup,Cutter,Sinker,-0.0131
Lance Mccullers,Left-Handed Batter,Pure Slap Hitter,CH / FC / KC,Changeup,Cutter,Knuckle Curve,-0.001
Lance Mccullers,Left-Handed Batter,All-or-Nothing Power Hitter,CH / FC / SI,Changeup,Cutter,Sinker,0.0068
Lance Mccullers,Left-Handed Batter,Disciplined All-Rounder,FC / SI / ST,Cutter,Sinker,Sweeper,-0.0136
Lance Mccullers,Left-Handed Batter,Free-Swinging Slugger,KC / SI / ST,Knuckle Curve,Sinker,Sweeper,-0.0084
Lance Mccullers,Left-Handed Batter,Complete Power Hitter,CH / KC / ST,Changeup,Knuckle Curve,Sweeper,-0.0092
Lance Mccullers,Left-Handed Batter,Contact-Over-Power Hitter,CH / KC / SI,Changeup,Knuckle Curve,Sinker,-0.0201
Lance Mccullers,Right-Handed Batter,Pure Slap Hitter,FC / KC / SI,Cutter,Knuckle Curve,Sinker,-0.0127
Lance Mccullers,Right-Handed Batter,All-or-Nothing Power Hitter,CH / KC / SI,Changeup,Knuckle Curve,Sinker,-0.0039
Lance Mccullers,Right-Handed Batter,Disciplined All-Rounder,CH / FC / KC,Changeup,Cutter,Knuckle Curve,0.009
Lance Mccullers,Right-Handed Batter,Free-Swinging Slugger,FC / KC / ST,Cutter,Knuckle Curve,Sweeper,-0.0277
Lance Mccullers,Right-Handed Batter,Complete Power Hitter,FC / KC / ST,Cutter,Knuckle Curve,Sweeper,0.0059
Lance Mccullers,Right-Handed Batter,Contact-Over-Power Hitter,CH / FC / ST,Changeup,Cutter,Sweeper,-0.0125
Tanner Banks,Left-Handed Batter,Pure Slap Hitter,FF / SL / ST,Four-Seam Fastball,Slider,Sweeper,-0.0137
Tanner Banks,Left-Handed Batter,All-or-Nothing Power Hitter,FF / SL / ST,Four-Seam Fastball,Slider,Sweeper,0.0252
Tanner Banks,Left-Handed Batter,Disciplined All-Rounder,FF / SL / ST,Four-Seam Fastball,Slider,Sweeper,-0.001
Tanner Banks,Left-Handed Batter,Free-Swinging Slugger,FF / SL / ST,Four-Seam Fastball,Slider,Sweeper,0.0251
Tanner Banks,Left-Handed Batter,Complete Power Hitter,FF / SL / ST,Four-Seam Fastball,Slider,Sweeper,0.019
Tanner Banks,Left-Handed Batter,Contact-Over-Power Hitter,FF / SL / ST,Four-Seam Fastball,Slider,Sweeper,-0.0007
Tanner Banks,Right-Handed Batter,Pure Slap Hitter,FF / SL / ST,Four-Seam Fastball,Slider,Sweeper,0.0038
Tanner Banks,Right-Handed Batter,All-or-Nothing Power Hitter,FF / SL / ST,Four-Seam Fastball,Slider,Sweeper,0.0033
Tanner Banks,Right-Handed Batter,Disciplined All-Rounder,FF / SL / ST,Four-Seam Fastball,Slider,Sweeper,-0.0114
Tanner Banks,Right-Handed Batter,Free-Swinging Slugger,FF / SL / ST,Four-Seam Fastball,Slider,Sweeper,0.0119
Tanner Banks,Right-Handed Batter,Complete Power Hitter,FF / SL / ST,Four-Seam Fastball,Slider,Sweeper,0.0348
Tanner Banks,Right-Handed Batter,Contact-Over-Power Hitter,FF / SL / ST,Four-Seam Fastball,Slider,Sweeper,0.0145
Luis Castillo,Left-Handed Batter,Pure Slap Hitter,FF / SI / SL,Four-Seam Fastball,Sinker,Slider,-0.0029
Luis Castillo,Left-Handed Batter,All-or-Nothing Power Hitter,CH / SI / SL,Changeup,Sinker,Slider,0.0094
Luis Castillo,Left-Handed Batter,Disciplined All-Rounder,CH / SI / SL,Changeup,Sinker,Slider,0.0057
Luis Castillo,Left-Handed Batter,Free-Swinging Slugger,CH / FF / SI,Changeup,Four-Seam Fastball,Sinker,-0.0168
Luis Castillo,Left-Handed Batter,Complete Power Hitter,CH / SI / SL,Changeup,Sinker,Slider,-0.0027
Luis Castillo,Left-Handed Batter,Contact-Over-Power Hitter,FF / SI / SL,Four-Seam Fastball,Sinker,Slider,0.0007
Luis Castillo,Right-Handed Batter,Pure Slap Hitter,CH / SI / SL,Changeup,Sinker,Slider,0.0033
Luis Castillo,Right-Handed Batter,All-or-Nothing Power Hitter,CH / FF / SL,Changeup,Four-Seam Fastball,Slider,0.0029
Luis Castillo,Right-Handed Batter,Disciplined All-Rounder,CH / FF / SI,Changeup,Four-Seam Fastball,Sinker,-0.0197
Luis Castillo,Right-Handed Batter,Free-Swinging Slugger,CH / FF / SL,Changeup,Four-Seam Fastball,Slider,-0.0228
Luis Castillo,Right-Handed Batter,Complete Power Hitter,CH / FF / SL,Changeup,Four-Seam Fastball,Slider,-0.0021
Luis Castillo,Right-Handed Batter,Contact-Over-Power Hitter,CH / FF / SI,Changeup,Four-Seam Fastball,Sinker,-0.0186
Seranthony Domínguez,Left-Handed Batter,Pure Slap Hitter,FF / SI / ST,Four-Seam Fastball,Sinker,Sweeper,0.0017
Seranthony Domínguez,Left-Handed Batter,All-or-Nothing Power Hitter,FF / SI / ST,Four-Seam Fastball,Sinker,Sweeper,0.02
Seranthony Domínguez,Left-Handed Batter,Disciplined All-Rounder,FF / SI / ST,Four-Seam Fastball,Sinker,Sweeper,-0.009
Seranthony Domínguez,Left-Handed Batter,Free-Swinging Slugger,FF / SI / ST,Four-Seam Fastball,Sinker,Sweeper,0.0075
Seranthony Domínguez,Left-Handed Batter,Complete Power Hitter,FF / SI / ST,Four-Seam Fastball,Sinker,Sweeper,0.0063
Seranthony Domínguez,Left-Handed Batter,Contact-Over-Power Hitter,FF / SI / ST,Four-Seam Fastball,Sinker,Sweeper,-0.003
Seranthony Domínguez,Right-Handed Batter,Pure Slap Hitter,FF / SI / ST,Four-Seam Fastball,Sinker,Sweeper,-0.0074
Seranthony Domínguez,Right-Handed Batter,All-or-Nothing Power Hitter,FF / SI / ST,Four-Seam Fastball,Sinker,Sweeper,0.0032
Seranthony Domínguez,Right-Handed Batter,Disciplined All-Rounder,FF / SI / ST,Four-Seam Fastball,Sinker,Sweeper,-0.0074
Seranthony Domínguez,Right-Handed Batter,Free-Swinging Slugger,FF / SI / ST,Four-Seam Fastball,Sinker,Sweeper,-0.0199
Seranthony Domínguez,Right-Handed Batter,Complete Power Hitter,FF / SI / ST,Four-Seam Fastball,Sinker,Sweeper,0.0371
Seranthony Domínguez,Right-Handed Batter,Contact-Over-Power Hitter,FF / SI / ST,Four-Seam Fastball,Sinker,Sweeper,-0.002
Antonio Senzatela,Left-Handed Batter,Pure Slap Hitter,FC / FF / SI,Cutter,Four-Seam Fastball,Sinker,-0.0152
Antonio Senzatela,Left-Handed Batter,All-or-Nothing Power Hitter,FC / FF / SI,Cutter,Four-Seam Fastball,Sinker,0.0016
Antonio Senzatela,Left-Handed Batter,Disciplined All-Rounder,FC / FF / SI,Cutter,Four-Seam Fastball,Sinker,-0.0003
Antonio Senzatela,Left-Handed Batter,Free-Swinging Slugger,FC / FF / SI,Cutter,Four-Seam Fastball,Sinker,-0.0101
Antonio Senzatela,Left-Handed Batter,Complete Power Hitter,FC / FF / SI,Cutter,Four-Seam Fastball,Sinker,0.006
Antonio Senzatela,Left-Handed Batter,Contact-Over-Power Hitter,FC / FF / SI,Cutter,Four-Seam Fastball,Sinker,-0.0269
Antonio Senzatela,Right-Handed Batter,Pure Slap Hitter,FC / FF / SI,Cutter,Four-Seam Fastball,Sinker,-0.0032
Antonio Senzatela,Right-Handed Batter,All-or-Nothing Power Hitter,FC / FF / SI,Cutter,Four-Seam Fastball,Sinker,0.0051
Antonio Senzatela,Right-Handed Batter,Disciplined All-Rounder,FC / FF / SI,Cutter,Four-Seam Fastball,Sinker,0.0198
Antonio Senzatela,Right-Handed Batter,Free-Swinging Slugger,FC / FF / SI,Cutter,Four-Seam Fastball,Sinker,-0.0054
Antonio Senzatela,Right-Handed Batter,Complete Power Hitter,FC / FF / SI,Cutter,Four-Seam Fastball,Sinker,0.0182
Antonio Senzatela,Right-Handed Batter,Contact-Over-Power Hitter,FC / FF / SI,Cutter,Four-Seam Fastball,Sinker,-0.0163
Luis Severino,Left-Handed Batter,Pure Slap Hitter,FC / FF / SI,Cutter,Four-Seam Fastball,Sinker,0.0065
Luis Severino,Left-Handed Batter,All-or-Nothing Power Hitter,FC / FF / SI,Cutter,Four-Seam Fastball,Sinker,0.0048
Luis Severino,Left-Handed Batter,Disciplined All-Rounder,FF / SI / ST,Four-Seam Fastball,Sinker,Sweeper,-0.0038
Luis Severino,Left-Handed Batter,Free-Swinging Slugger,FC / FF / ST,Cutter,Four-Seam Fastball,Sweeper,-0.0012
Luis Severino,Left-Handed Batter,Complete Power Hitter,FC / FF / SI,Cutter,Four-Seam Fastball,Sinker,-0.0039
Luis Severino,Left-Handed Batter,Contact-Over-Power Hitter,FC / SI / ST,Cutter,Sinker,Sweeper,-0.007
Luis Severino,Right-Handed Batter,Pure Slap Hitter,FF / SI / ST,Four-Seam Fastball,Sinker,Sweeper,-0.0123
Luis Severino,Right-Handed Batter,All-or-Nothing Power Hitter,FC / FF / ST,Cutter,Four-Seam Fastball,Sweeper,-0.0138
Luis Severino,Right-Handed Batter,Disciplined All-Rounder,FC / FF / SI,Cutter,Four-Seam Fastball,Sinker,-0.0083
Luis Severino,Right-Handed Batter,Free-Swinging Slugger,FC / FF / SI,Cutter,Four-Seam Fastball,Sinker,0.0064
Luis Severino,Right-Handed Batter,Complete Power Hitter,FC / FF / SI,Cutter,Four-Seam Fastball,Sinker,0.0074
Luis Severino,Right-Handed Batter,Contact-Over-Power Hitter,FC / FF / SI,Cutter,Four-Seam Fastball,Sinker,-0.0043
Drew Anderson,Left-Handed Batter,Pure Slap Hitter,CH / CU / FF,Changeup,Curveball,Four-Seam Fastball,0.009
Drew Anderson,Left-Handed Batter,All-or-Nothing Power Hitter,CH / CU / FF,Changeup,Curveball,Four-Seam Fastball,0.0158
Drew Anderson,Left-Handed Batter,Disciplined All-Rounder,CH / CU / FF,Changeup,Curveball,Four-Seam Fastball,-0.0032
Drew Anderson,Left-Handed Batter,Free-Swinging Slugger,CH / CU / FF,Changeup,Curveball,Four-Seam Fastball,-0.0013
Drew Anderson,Left-Handed Batter,Complete Power Hitter,CH / CU / FF,Changeup,Curveball,Four-Seam Fastball,-0.0213
Drew Anderson,Left-Handed Batter,Contact-Over-Power Hitter,CH / CU / FF,Changeup,Curveball,Four-Seam Fastball,-0.0117
Drew Anderson,Right-Handed Batter,Pure Slap Hitter,CH / CU / FF,Changeup,Curveball,Four-Seam Fastball,-0.0152
Drew Anderson,Right-Handed Batter,All-or-Nothing Power Hitter,CH / CU / FF,Changeup,Curveball,Four-Seam Fastball,0.001
Drew Anderson,Right-Handed Batter,Disciplined All-Rounder,CH / CU / FF,Changeup,Curveball,Four-Seam Fastball,-0.0005
Drew Anderson,Right-Handed Batter,Free-Swinging Slugger,CH / CU / FF,Changeup,Curveball,Four-Seam Fastball,-0.0118
Drew Anderson,Right-Handed Batter,Complete Power Hitter,CH / CU / FF,Changeup,Curveball,Four-Seam Fastball,0.0441
Drew Anderson,Right-Handed Batter,Contact-Over-Power Hitter,CH / CU / FF,Changeup,Curveball,Four-Seam Fastball,-0.0085
Jimmy Herget,Left-Handed Batter,Pure Slap Hitter,SI / SL / ST,Sinker,Slider,Sweeper,0.0044
Jimmy Herget,Left-Handed Batter,All-or-Nothing Power Hitter,SI / SL / ST,Sinker,Slider,Sweeper,-0.0048
Jimmy Herget,Left-Handed Batter,Disciplined All-Rounder,SI / SL / ST,Sinker,Slider,Sweeper,0.0027
Jimmy Herget,Left-Handed Batter,Free-Swinging Slugger,SI / SL / ST,Sinker,Slider,Sweeper,0.0077
Jimmy Herget,Left-Handed Batter,Complete Power Hitter,SI / SL / ST,Sinker,Slider,Sweeper,0.015
Jimmy Herget,Left-Handed Batter,Contact-Over-Power Hitter,SI / SL / ST,Sinker,Slider,Sweeper,0.0128
Jimmy Herget,Right-Handed Batter,Pure Slap Hitter,SI / SL / ST,Sinker,Slider,Sweeper,0.0017
Jimmy Herget,Right-Handed Batter,All-or-Nothing Power Hitter,SI / SL / ST,Sinker,Slider,Sweeper,0.0134
Jimmy Herget,Right-Handed Batter,Disciplined All-Rounder,SI / SL / ST,Sinker,Slider,Sweeper,-0.0019
Jimmy Herget,Right-Handed Batter,Free-Swinging Slugger,SI / SL / ST,Sinker,Slider,Sweeper,-0.0174
Jimmy Herget,Right-Handed Batter,Complete Power Hitter,SI / SL / ST,Sinker,Slider,Sweeper,0.014
Jimmy Herget,Right-Handed Batter,Contact-Over-Power Hitter,SI / SL / ST,Sinker,Slider,Sweeper,0.0018
Ranger Suarez,Left-Handed Batter,Pure Slap Hitter,CU / FC / FF,Curveball,Cutter,Four-Seam Fastball,-0.0049
Ranger Suarez,Left-Handed Batter,All-or-Nothing Power Hitter,CH / FC / SI,Changeup,Cutter,Sinker,-0.0003
Ranger Suarez,Left-Handed Batter,Disciplined All-Rounder,CU / FC / SI,Curveball,Cutter,Sinker,-0.0092
Ranger Suarez,Left-Handed Batter,Free-Swinging Slugger,CH / FC / SI,Changeup,Cutter,Sinker,-0.0394
Ranger Suarez,Left-Handed Batter,Complete Power Hitter,CH / CU / FF,Changeup,Curveball,Four-Seam Fastball,-0.0121
Ranger Suarez,Left-Handed Batter,Contact-Over-Power Hitter,CH / CU / FC,Changeup,Curveball,Cutter,-0.0101
Ranger Suarez,Right-Handed Batter,Pure Slap Hitter,CU / FC / FF,Curveball,Cutter,Four-Seam Fastball,-0.0221
Ranger Suarez,Right-Handed Batter,All-or-Nothing Power Hitter,CU / FC / SI,Curveball,Cutter,Sinker,-0.0021
Ranger Suarez,Right-Handed Batter,Disciplined All-Rounder,CH / FF / SI,Changeup,Four-Seam Fastball,Sinker,-0.0154
Ranger Suarez,Right-Handed Batter,Free-Swinging Slugger,FC / FF / SI,Cutter,Four-Seam Fastball,Sinker,-0.0161
Ranger Suarez,Right-Handed Batter,Complete Power Hitter,FC / FF / SI,Cutter,Four-Seam Fastball,Sinker,-0.0093
Ranger Suarez,Right-Handed Batter,Contact-Over-Power Hitter,CH / CU / FF,Changeup,Curveball,Four-Seam Fastball,-0.0234
Reynaldo López,Left-Handed Batter,Pure Slap Hitter,CU / FF / SL,Curveball,Four-Seam Fastball,Slider,0.0031
Reynaldo López,Left-Handed Batter,All-or-Nothing Power Hitter,CU / FF / SL,Curveball,Four-Seam Fastball,Slider,0.0112
Reynaldo López,Left-Handed Batter,Disciplined All-Rounder,CU / FF / SL,Curveball,Four-Seam Fastball,Slider,-0.0093
Reynaldo López,Left-Handed Batter,Free-Swinging Slugger,CU / FF / SL,Curveball,Four-Seam Fastball,Slider,-0.0132
Reynaldo López,Left-Handed Batter,Complete Power Hitter,CU / FF / SL,Curveball,Four-Seam Fastball,Slider,0.0083
Reynaldo López,Left-Handed Batter,Contact-Over-Power Hitter,CU / FF / SL,Curveball,Four-Seam Fastball,Slider,0.0062
Reynaldo López,Right-Handed Batter,Pure Slap Hitter,CU / FF / SL,Curveball,Four-Seam Fastball,Slider,0.0376
Reynaldo López,Right-Handed Batter,All-or-Nothing Power Hitter,CU / FF / SL,Curveball,Four-Seam Fastball,Slider,-0.0073
Reynaldo López,Right-Handed Batter,Disciplined All-Rounder,CU / FF / SL,Curveball,Four-Seam Fastball,Slider,0.0025
Reynaldo López,Right-Handed Batter,Free-Swinging Slugger,CU / FF / SL,Curveball,Four-Seam Fastball,Slider,-0.0182
Reynaldo López,Right-Handed Batter,Complete Power Hitter,CU / FF / SL,Curveball,Four-Seam Fastball,Slider,0.014
Reynaldo López,Right-Handed Batter,Contact-Over-Power Hitter,CU / FF / SL,Curveball,Four-Seam Fastball,Slider,-0.0268
Raisel Iglesias,Left-Handed Batter,Pure Slap Hitter,CH / FF / SI,Changeup,Four-Seam Fastball,Sinker,0.0074
Raisel Iglesias,Left-Handed Batter,All-or-Nothing Power Hitter,CH / FF / SI,Changeup,Four-Seam Fastball,Sinker,-0.0237
Raisel Iglesias,Left-Handed Batter,Disciplined All-Rounder,CH / FF / SI,Changeup,Four-Seam Fastball,Sinker,0.0049
Raisel Iglesias,Left-Handed Batter,Free-Swinging Slugger,CH / FF / SI,Changeup,Four-Seam Fastball,Sinker,0.0032
Raisel Iglesias,Left-Handed Batter,Complete Power Hitter,CH / FF / SI,Changeup,Four-Seam Fastball,Sinker,0.0005
Raisel Iglesias,Left-Handed Batter,Contact-Over-Power Hitter,CH / FF / SI,Changeup,Four-Seam Fastball,Sinker,-0.0146
Raisel Iglesias,Right-Handed Batter,Pure Slap Hitter,CH / FF / SI,Changeup,Four-Seam Fastball,Sinker,0.0089
Raisel Iglesias,Right-Handed Batter,All-or-Nothing Power Hitter,CH / FF / SI,Changeup,Four-Seam Fastball,Sinker,-0.002
Raisel Iglesias,Right-Handed Batter,Disciplined All-Rounder,CH / FF / SI,Changeup,Four-Seam Fastball,Sinker,-0.0045
Raisel Iglesias,Right-Handed Batter,Free-Swinging Slugger,CH / FF / SI,Changeup,Four-Seam Fastball,Sinker,-0.0139
Raisel Iglesias,Right-Handed Batter,Complete Power Hitter,CH / FF / SI,Changeup,Four-Seam Fastball,Sinker,0.0004
Raisel Iglesias,Right-Handed Batter,Contact-Over-Power Hitter,CH / FF / SI,Changeup,Four-Seam Fastball,Sinker,-0.0022
Kyle Finnegan,Left-Handed Batter,Pure Slap Hitter,FF / FS / SL,Four-Seam Fastball,Splitter,Slider,-0.0074
Kyle Finnegan,Left-Handed Batter,All-or-Nothing Power Hitter,FF / FS / SL,Four-Seam Fastball,Splitter,Slider,0.0007
Kyle Finnegan,Left-Handed Batter,Disciplined All-Rounder,FF / FS / SL,Four-Seam Fastball,Splitter,Slider,0.0019
Kyle Finnegan,Left-Handed Batter,Free-Swinging Slugger,FF / FS / SL,Four-Seam Fastball,Splitter,Slider,0.0177
Kyle Finnegan,Left-Handed Batter,Complete Power Hitter,FF / FS / SL,Four-Seam Fastball,Splitter,Slider,0.016
Kyle Finnegan,Left-Handed Batter,Contact-Over-Power Hitter,FF / FS / SL,Four-Seam Fastball,Splitter,Slider,0.0018
Kyle Finnegan,Right-Handed Batter,Pure Slap Hitter,FF / FS / SL,Four-Seam Fastball,Splitter,Slider,0.0039
Kyle Finnegan,Right-Handed Batter,All-or-Nothing Power Hitter,FF / FS / SL,Four-Seam Fastball,Splitter,Slider,-0.0108
Kyle Finnegan,Right-Handed Batter,Disciplined All-Rounder,FF / FS / SL,Four-Seam Fastball,Splitter,Slider,0.0123
Kyle Finnegan,Right-Handed Batter,Free-Swinging Slugger,FF / FS / SL,Four-Seam Fastball,Splitter,Slider,0.0029
Kyle Finnegan,Right-Handed Batter,Complete Power Hitter,FF / FS / SL,Four-Seam Fastball,Splitter,Slider,0.0078
Kyle Finnegan,Right-Handed Batter,Contact-Over-Power Hitter,FF / FS / SL,Four-Seam Fastball,Splitter,Slider,-0.0086
Sean Manaea,Left-Handed Batter,Pure Slap Hitter,FC / SI / ST,Cutter,Sinker,Sweeper,-0.0161
Sean Manaea,Left-Handed Batter,All-or-Nothing Power Hitter,FC / FF / SI,Cutter,Four-Seam Fastball,Sinker,-0.0034
Sean Manaea,Left-Handed Batter,Disciplined All-Rounder,FC / FF / SI,Cutter,Four-Seam Fastball,Sinker,0.0008
Sean Manaea,Left-Handed Batter,Free-Swinging Slugger,FC / FF / SI,Cutter,Four-Seam Fastball,Sinker,-0.0022
Sean Manaea,Left-Handed Batter,Complete Power Hitter,FC / SI / ST,Cutter,Sinker,Sweeper,-0.0098
Sean Manaea,Left-Handed Batter,Contact-Over-Power Hitter,FC / SI / ST,Cutter,Sinker,Sweeper,-0.002
Sean Manaea,Right-Handed Batter,Pure Slap Hitter,FC / FF / SI,Cutter,Four-Seam Fastball,Sinker,-0.0061
Sean Manaea,Right-Handed Batter,All-or-Nothing Power Hitter,FC / FF / SI,Cutter,Four-Seam Fastball,Sinker,-0.0238
Sean Manaea,Right-Handed Batter,Disciplined All-Rounder,FC / FF / SI,Cutter,Four-Seam Fastball,Sinker,-0.0008
Sean Manaea,Right-Handed Batter,Free-Swinging Slugger,FC / FF / SI,Cutter,Four-Seam Fastball,Sinker,-0.005
Sean Manaea,Right-Handed Batter,Complete Power Hitter,FC / FF / SI,Cutter,Four-Seam Fastball,Sinker,-0.0083
Sean Manaea,Right-Handed Batter,Contact-Over-Power Hitter,FF / SI / ST,Four-Seam Fastball,Sinker,Sweeper,0.0151
Tyler Alexander,Left-Handed Batter,Pure Slap Hitter,CH / FF / SI,Changeup,Four-Seam Fastball,Sinker,-0.0161
Tyler Alexander,Left-Handed Batter,All-or-Nothing Power Hitter,CH / FF / ST,Changeup,Four-Seam Fastball,Sweeper,-0.011
Tyler Alexander,Left-Handed Batter,Disciplined All-Rounder,CH / SI / ST,Changeup,Sinker,Sweeper,-0.0058
Tyler Alexander,Left-Handed Batter,Free-Swinging Slugger,CH / FC / ST,Changeup,Cutter,Sweeper,-0.0105
Tyler Alexander,Left-Handed Batter,Complete Power Hitter,CH / FC / FF,Changeup,Cutter,Four-Seam Fastball,-0.0031
Tyler Alexander,Left-Handed Batter,Contact-Over-Power Hitter,CH / FF / ST,Changeup,Four-Seam Fastball,Sweeper,-0.0185
Tyler Alexander,Right-Handed Batter,Pure Slap Hitter,FF / SI / ST,Four-Seam Fastball,Sinker,Sweeper,-0.0075
Tyler Alexander,Right-Handed Batter,All-or-Nothing Power Hitter,CH / SI / ST,Changeup,Sinker,Sweeper,-0.0274
Tyler Alexander,Right-Handed Batter,Disciplined All-Rounder,CH / FC / FF,Changeup,Cutter,Four-Seam Fastball,-0.0126
Tyler Alexander,Right-Handed Batter,Free-Swinging Slugger,CH / FF / SI,Changeup,Four-Seam Fastball,Sinker,-0.0113
Tyler Alexander,Right-Handed Batter,Complete Power Hitter,FC / SI / ST,Cutter,Sinker,Sweeper,-0.0071
Tyler Alexander,Right-Handed Batter,Contact-Over-Power Hitter,CH / FC / ST,Changeup,Cutter,Sweeper,-0.0147
Anthony Kay,Left-Handed Batter,Pure Slap Hitter,CH / SI / SL,Changeup,Sinker,Slider,-0.0285
Anthony Kay,Left-Handed Batter,All-or-Nothing Power Hitter,CH / FF / ST,Changeup,Four-Seam Fastball,Sweeper,-0.0154
Anthony Kay,Left-Handed Batter,Disciplined All-Rounder,CH / FC / SL,Changeup,Cutter,Slider,-0.0164
Anthony Kay,Left-Handed Batter,Free-Swinging Slugger,CH / SI / SL,Changeup,Sinker,Slider,-0.0178
Anthony Kay,Left-Handed Batter,Complete Power Hitter,CH / FC / FF,Changeup,Cutter,Four-Seam Fastball,-0.0067
Anthony Kay,Left-Handed Batter,Contact-Over-Power Hitter,CH / SI / SL,Changeup,Sinker,Slider,-0.0183
Anthony Kay,Right-Handed Batter,Pure Slap Hitter,CH / FC / SL,Changeup,Cutter,Slider,-0.0071
Anthony Kay,Right-Handed Batter,All-or-Nothing Power Hitter,FC / FF / SL,Cutter,Four-Seam Fastball,Slider,-0.0069
Anthony Kay,Right-Handed Batter,Disciplined All-Rounder,SI / SL / ST,Sinker,Slider,Sweeper,-0.0112
Anthony Kay,Right-Handed Batter,Free-Swinging Slugger,FC / FF / ST,Cutter,Four-Seam Fastball,Sweeper,-0.0207
Anthony Kay,Right-Handed Batter,Complete Power Hitter,CH / SI / SL,Changeup,Sinker,Slider,-0.005
Anthony Kay,Right-Handed Batter,Contact-Over-Power Hitter,CH / FC / ST,Changeup,Cutter,Sweeper,-0.0055
Brad Keller,Left-Handed Batter,Pure Slap Hitter,FF / SI / SL,Four-Seam Fastball,Sinker,Slider,0.012
Brad Keller,Left-Handed Batter,All-or-Nothing Power Hitter,FF / SI / SL,Four-Seam Fastball,Sinker,Slider,0.0015
Brad Keller,Left-Handed Batter,Disciplined All-Rounder,FF / SI / SL,Four-Seam Fastball,Sinker,Slider,-0.0012
Brad Keller,Left-Handed Batter,Free-Swinging Slugger,FF / SI / SL,Four-Seam Fastball,Sinker,Slider,0.0028
Brad Keller,Left-Handed Batter,Complete Power Hitter,FF / SI / SL,Four-Seam Fastball,Sinker,Slider,-0.0046
Brad Keller,Left-Handed Batter,Contact-Over-Power Hitter,FF / SI / SL,Four-Seam Fastball,Sinker,Slider,0.0034
Brad Keller,Right-Handed Batter,Pure Slap Hitter,FF / SI / SL,Four-Seam Fastball,Sinker,Slider,0.0005
Brad Keller,Right-Handed Batter,All-or-Nothing Power Hitter,FF / SI / SL,Four-Seam Fastball,Sinker,Slider,-0.0128
Brad Keller,Right-Handed Batter,Disciplined All-Rounder,FF / SI / SL,Four-Seam Fastball,Sinker,Slider,0.0071
Brad Keller,Right-Handed Batter,Free-Swinging Slugger,FF / SI / SL,Four-Seam Fastball,Sinker,Slider,-0.0206
Brad Keller,Right-Handed Batter,Complete Power Hitter,FF / SI / SL,Four-Seam Fastball,Sinker,Slider,0.0123
Brad Keller,Right-Handed Batter,Contact-Over-Power Hitter,FF / SI / SL,Four-Seam Fastball,Sinker,Slider,-0.012
Tyler Kinley,Left-Handed Batter,Pure Slap Hitter,CU / FF / SL,Curveball,Four-Seam Fastball,Slider,-0.0168
Tyler Kinley,Left-Handed Batter,All-or-Nothing Power Hitter,CU / FF / SL,Curveball,Four-Seam Fastball,Slider,-0.0046
Tyler Kinley,Left-Handed Batter,Disciplined All-Rounder,CU / FF / SL,Curveball,Four-Seam Fastball,Slider,0.0285
Tyler Kinley,Left-Handed Batter,Free-Swinging Slugger,CU / FF / SL,Curveball,Four-Seam Fastball,Slider,0.0287
Tyler Kinley,Left-Handed Batter,Complete Power Hitter,CU / FF / SL,Curveball,Four-Seam Fastball,Slider,-0.0109
Tyler Kinley,Left-Handed Batter,Contact-Over-Power Hitter,CU / FF / SL,Curveball,Four-Seam Fastball,Slider,0.0179
Tyler Kinley,Right-Handed Batter,Pure Slap Hitter,CU / FF / SL,Curveball,Four-Seam Fastball,Slider,0.0011
Tyler Kinley,Right-Handed Batter,All-or-Nothing Power Hitter,CU / FF / SL,Curveball,Four-Seam Fastball,Slider,-0.0175
Tyler Kinley,Right-Handed Batter,Disciplined All-Rounder,CU / FF / SL,Curveball,Four-Seam Fastball,Slider,-0.0157
Tyler Kinley,Right-Handed Batter,Free-Swinging Slugger,CU / FF / SL,Curveball,Four-Seam Fastball,Slider,-0.0031
Tyler Kinley,Right-Handed Batter,Complete Power Hitter,CU / FF / SL,Curveball,Four-Seam Fastball,Slider,0.0298
Tyler Kinley,Right-Handed Batter,Contact-Over-Power Hitter,CU / FF / SL,Curveball,Four-Seam Fastball,Slider,0.0032
Eric Lauer,Left-Handed Batter,Pure Slap Hitter,CH / FC / SL,Changeup,Cutter,Slider,-0.01
Eric Lauer,Left-Handed Batter,All-or-Nothing Power Hitter,CH / CU / FC,Changeup,Curveball,Cutter,-0.0113
Eric Lauer,Left-Handed Batter,Disciplined All-Rounder,CH / CU / FC,Changeup,Curveball,Cutter,-0.005
Eric Lauer,Left-Handed Batter,Free-Swinging Slugger,CH / FC / SL,Changeup,Cutter,Slider,-0.0207
Eric Lauer,Left-Handed Batter,Complete Power Hitter,CH / CU / FF,Changeup,Curveball,Four-Seam Fastball,0.019
Eric Lauer,Left-Handed Batter,Contact-Over-Power Hitter,CH / FC / SL,Changeup,Cutter,Slider,-0.0235
Eric Lauer,Right-Handed Batter,Pure Slap Hitter,CH / FC / SL,Changeup,Cutter,Slider,-0.0238
Eric Lauer,Right-Handed Batter,All-or-Nothing Power Hitter,CU / FC / SL,Curveball,Cutter,Slider,-0.017
Eric Lauer,Right-Handed Batter,Disciplined All-Rounder,CU / FF / SL,Curveball,Four-Seam Fastball,Slider,-0.022
Eric Lauer,Right-Handed Batter,Free-Swinging Slugger,CH / FC / SL,Changeup,Cutter,Slider,-0.014
Eric Lauer,Right-Handed Batter,Complete Power Hitter,CH / FC / SL,Changeup,Cutter,Slider,0.0122
Eric Lauer,Right-Handed Batter,Contact-Over-Power Hitter,CU / FF / SL,Curveball,Four-Seam Fastball,Slider,0.0004
Zack Littell,Left-Handed Batter,Pure Slap Hitter,FS / SL / ST,Splitter,Slider,Sweeper,-0.0115
Zack Littell,Left-Handed Batter,All-or-Nothing Power Hitter,FF / SL / ST,Four-Seam Fastball,Slider,Sweeper,-0.0239
Zack Littell,Left-Handed Batter,Disciplined All-Rounder,FF / FS / ST,Four-Seam Fastball,Splitter,Sweeper,-0.0013
Zack Littell,Left-Handed Batter,Free-Swinging Slugger,FS / SI / ST,Splitter,Sinker,Sweeper,-0.0161
Zack Littell,Left-Handed Batter,Complete Power Hitter,FS / SL / ST,Splitter,Slider,Sweeper,0.0216
Zack Littell,Left-Handed Batter,Contact-Over-Power Hitter,FS / SL / ST,Splitter,Slider,Sweeper,-0.0136
Zack Littell,Right-Handed Batter,Pure Slap Hitter,FS / SI / ST,Splitter,Sinker,Sweeper,-0.0198
Zack Littell,Right-Handed Batter,All-or-Nothing Power Hitter,FS / SL / ST,Splitter,Slider,Sweeper,-0.0183
Zack Littell,Right-Handed Batter,Disciplined All-Rounder,SI / SL / ST,Sinker,Slider,Sweeper,-0.0215
Zack Littell,Right-Handed Batter,Free-Swinging Slugger,SI / SL / ST,Sinker,Slider,Sweeper,-0.0063
Zack Littell,Right-Handed Batter,Complete Power Hitter,FF / SI / ST,Four-Seam Fastball,Sinker,Sweeper,-0.0093
Zack Littell,Right-Handed Batter,Contact-Over-Power Hitter,FF / FS / SI,Four-Seam Fastball,Splitter,Sinker,-0.0063
Tyler Mahle,Left-Handed Batter,Pure Slap Hitter,FC / FF / FS,Cutter,Four-Seam Fastball,Splitter,-0.0127
Tyler Mahle,Left-Handed Batter,All-or-Nothing Power Hitter,FC / FF / SL,Cutter,Four-Seam Fastball,Slider,0.0026
Tyler Mahle,Left-Handed Batter,Disciplined All-Rounder,FC / FF / SL,Cutter,Four-Seam Fastball,Slider,-0.005
Tyler Mahle,Left-Handed Batter,Free-Swinging Slugger,FC / FF / SL,Cutter,Four-Seam Fastball,Slider,-0.0162
Tyler Mahle,Left-Handed Batter,Complete Power Hitter,FC / FS / SL,Cutter,Splitter,Slider,-0.0038
Tyler Mahle,Left-Handed Batter,Contact-Over-Power Hitter,FC / FF / SL,Cutter,Four-Seam Fastball,Slider,-0.0284
Tyler Mahle,Right-Handed Batter,Pure Slap Hitter,FC / FF / FS,Cutter,Four-Seam Fastball,Splitter,-0.0114
Tyler Mahle,Right-Handed Batter,All-or-Nothing Power Hitter,FF / FS / SL,Four-Seam Fastball,Splitter,Slider,0.0096
Tyler Mahle,Right-Handed Batter,Disciplined All-Rounder,FF / FS / SL,Four-Seam Fastball,Splitter,Slider,-0.0104
Tyler Mahle,Right-Handed Batter,Free-Swinging Slugger,FC / FF / FS,Cutter,Four-Seam Fastball,Splitter,-0.0015
Tyler Mahle,Right-Handed Batter,Complete Power Hitter,FC / FS / SL,Cutter,Splitter,Slider,0.0005
Tyler Mahle,Right-Handed Batter,Contact-Over-Power Hitter,FC / FF / FS,Cutter,Four-Seam Fastball,Splitter,-0.0002
Bailey Ober,Left-Handed Batter,Pure Slap Hitter,CH / SL / ST,Changeup,Slider,Sweeper,-0.0106
Bailey Ober,Left-Handed Batter,All-or-Nothing Power Hitter,CH / SL / ST,Changeup,Slider,Sweeper,-0.0066
Bailey Ober,Left-Handed Batter,Disciplined All-Rounder,CH / SL / ST,Changeup,Slider,Sweeper,-0.0093
Bailey Ober,Left-Handed Batter,Free-Swinging Slugger,FF / SL / ST,Four-Seam Fastball,Slider,Sweeper,-0.0147
Bailey Ober,Left-Handed Batter,Complete Power Hitter,FF / SL / ST,Four-Seam Fastball,Slider,Sweeper,-0.0061
Bailey Ober,Left-Handed Batter,Contact-Over-Power Hitter,CH / SL / ST,Changeup,Slider,Sweeper,-0.0156
Bailey Ober,Right-Handed Batter,Pure Slap Hitter,CH / SL / ST,Changeup,Slider,Sweeper,-0.0017
Bailey Ober,Right-Handed Batter,All-or-Nothing Power Hitter,CH / FF / ST,Changeup,Four-Seam Fastball,Sweeper,-0.0157
Bailey Ober,Right-Handed Batter,Disciplined All-Rounder,FF / SL / ST,Four-Seam Fastball,Slider,Sweeper,-0.0179
Bailey Ober,Right-Handed Batter,Free-Swinging Slugger,CH / FF / SL,Changeup,Four-Seam Fastball,Slider,-0.0267
Bailey Ober,Right-Handed Batter,Complete Power Hitter,CH / SL / ST,Changeup,Slider,Sweeper,0.0096
Bailey Ober,Right-Handed Batter,Contact-Over-Power Hitter,CH / SL / ST,Changeup,Slider,Sweeper,-0.0065
Gabe Speier,Left-Handed Batter,Pure Slap Hitter,FF / SI / SL,Four-Seam Fastball,Sinker,Slider,-0.0246
Gabe Speier,Left-Handed Batter,All-or-Nothing Power Hitter,FF / SI / SL,Four-Seam Fastball,Sinker,Slider,-0.0076
Gabe Speier,Left-Handed Batter,Disciplined All-Rounder,FF / SI / SL,Four-Seam Fastball,Sinker,Slider,0.0114
Gabe Speier,Left-Handed Batter,Free-Swinging Slugger,FF / SI / SL,Four-Seam Fastball,Sinker,Slider,-0.0018
Gabe Speier,Left-Handed Batter,Complete Power Hitter,FF / SI / SL,Four-Seam Fastball,Sinker,Slider,-0.0111
Gabe Speier,Left-Handed Batter,Contact-Over-Power Hitter,FF / SI / SL,Four-Seam Fastball,Sinker,Slider,-0.013
Gabe Speier,Right-Handed Batter,Pure Slap Hitter,FF / SI / SL,Four-Seam Fastball,Sinker,Slider,-0.0057
Gabe Speier,Right-Handed Batter,All-or-Nothing Power Hitter,FF / SI / SL,Four-Seam Fastball,Sinker,Slider,0.0207
Gabe Speier,Right-Handed Batter,Disciplined All-Rounder,FF / SI / SL,Four-Seam Fastball,Sinker,Slider,0.0236
Gabe Speier,Right-Handed Batter,Free-Swinging Slugger,FF / SI / SL,Four-Seam Fastball,Sinker,Slider,-0.0167
Gabe Speier,Right-Handed Batter,Complete Power Hitter,FF / SI / SL,Four-Seam Fastball,Sinker,Slider,0.005
Gabe Speier,Right-Handed Batter,Contact-Over-Power Hitter,FF / SI / SL,Four-Seam Fastball,Sinker,Slider,-0.0139
Ryan Yarbrough,Left-Handed Batter,Pure Slap Hitter,CH / FC / FF,Changeup,Cutter,Four-Seam Fastball,-0.0211
Ryan Yarbrough,Left-Handed Batter,All-or-Nothing Power Hitter,CH / FC / SI,Changeup,Cutter,Sinker,0.0064
Ryan Yarbrough,Left-Handed Batter,Disciplined All-Rounder,CH / FC / ST,Changeup,Cutter,Sweeper,-0.015
Ryan Yarbrough,Left-Handed Batter,Free-Swinging Slugger,CH / FC / ST,Changeup,Cutter,Sweeper,-0.0171
Ryan Yarbrough,Left-Handed Batter,Complete Power Hitter,CH / SI / ST,Changeup,Sinker,Sweeper,-0.0245
Ryan Yarbrough,Left-Handed Batter,Contact-Over-Power Hitter,CH / FC / FF,Changeup,Cutter,Four-Seam Fastball,-0.0226
Ryan Yarbrough,Right-Handed Batter,Pure Slap Hitter,FC / SI / ST,Cutter,Sinker,Sweeper,-0.0171
Ryan Yarbrough,Right-Handed Batter,All-or-Nothing Power Hitter,CH / FF / SI,Changeup,Four-Seam Fastball,Sinker,-0.0121
Ryan Yarbrough,Right-Handed Batter,Disciplined All-Rounder,FC / SI / ST,Cutter,Sinker,Sweeper,-0.0229
Ryan Yarbrough,Right-Handed Batter,Free-Swinging Slugger,CH / FF / SI,Changeup,Four-Seam Fastball,Sinker,-0.0303
Ryan Yarbrough,Right-Handed Batter,Complete Power Hitter,FC / SI / ST,Cutter,Sinker,Sweeper,0.0005
Ryan Yarbrough,Right-Handed Batter,Contact-Over-Power Hitter,FC / FF / SI,Cutter,Four-Seam Fastball,Sinker,-0.0174
Gregory Soto,Left-Handed Batter,Pure Slap Hitter,FF / SI / ST,Four-Seam Fastball,Sinker,Sweeper,-0.017
Gregory Soto,Left-Handed Batter,All-or-Nothing Power Hitter,FF / SL / ST,Four-Seam Fastball,Slider,Sweeper,0.0081
Gregory Soto,Left-Handed Batter,Disciplined All-Rounder,FF / SI / SL,Four-Seam Fastball,Sinker,Slider,-0.0142
Gregory Soto,Left-Handed Batter,Free-Swinging Slugger,SI / SL / ST,Sinker,Slider,Sweeper,-0.0134
Gregory Soto,Left-Handed Batter,Complete Power Hitter,SI / SL / ST,Sinker,Slider,Sweeper,0.0051
Gregory Soto,Left-Handed Batter,Contact-Over-Power Hitter,FF / SI / SL,Four-Seam Fastball,Sinker,Slider,-0.0152
Gregory Soto,Right-Handed Batter,Pure Slap Hitter,SI / SL / ST,Sinker,Slider,Sweeper,-0.0056
Gregory Soto,Right-Handed Batter,All-or-Nothing Power Hitter,FF / SL / ST,Four-Seam Fastball,Slider,Sweeper,-0.0023
Gregory Soto,Right-Handed Batter,Disciplined All-Rounder,FF / SL / ST,Four-Seam Fastball,Slider,Sweeper,-0.0124
Gregory Soto,Right-Handed Batter,Free-Swinging Slugger,FF / SL / ST,Four-Seam Fastball,Slider,Sweeper,-0.0063
Gregory Soto,Right-Handed Batter,Complete Power Hitter,SI / SL / ST,Sinker,Slider,Sweeper,-0.0106
Gregory Soto,Right-Handed Batter,Contact-Over-Power Hitter,FF / SL / ST,Four-Seam Fastball,Slider,Sweeper,-0.0243
Jonathan Loáisiga,Left-Handed Batter,Pure Slap Hitter,CH / CU / SI,Changeup,Curveball,Sinker,-0.0075
Jonathan Loáisiga,Left-Handed Batter,All-or-Nothing Power Hitter,CH / CU / SI,Changeup,Curveball,Sinker,-0.0184
Jonathan Loáisiga,Left-Handed Batter,Disciplined All-Rounder,CU / FF / SI,Curveball,Four-Seam Fastball,Sinker,-0.0022
Jonathan Loáisiga,Left-Handed Batter,Free-Swinging Slugger,CH / CU / FF,Changeup,Curveball,Four-Seam Fastball,-0.0088
Jonathan Loáisiga,Left-Handed Batter,Complete Power Hitter,CH / CU / FF,Changeup,Curveball,Four-Seam Fastball,0.004
Jonathan Loáisiga,Left-Handed Batter,Contact-Over-Power Hitter,CH / CU / SI,Changeup,Curveball,Sinker,0.0092
Jonathan Loáisiga,Right-Handed Batter,Pure Slap Hitter,CH / FF / SI,Changeup,Four-Seam Fastball,Sinker,-0.0297
Jonathan Loáisiga,Right-Handed Batter,All-or-Nothing Power Hitter,CH / CU / SI,Changeup,Curveball,Sinker,-0.0064
Jonathan Loáisiga,Right-Handed Batter,Disciplined All-Rounder,CU / FF / SI,Curveball,Four-Seam Fastball,Sinker,-0.0128
Jonathan Loáisiga,Right-Handed Batter,Free-Swinging Slugger,CH / CU / FF,Changeup,Curveball,Four-Seam Fastball,-0.0225
Jonathan Loáisiga,Right-Handed Batter,Complete Power Hitter,CH / FF / SI,Changeup,Four-Seam Fastball,Sinker,-0.0209
Jonathan Loáisiga,Right-Handed Batter,Contact-Over-Power Hitter,CH / CU / FF,Changeup,Curveball,Four-Seam Fastball,-0.0119
Freddy Peralta,Left-Handed Batter,Pure Slap Hitter,CH / SL / ST,Changeup,Slider,Sweeper,-0.0049
Freddy Peralta,Left-Handed Batter,All-or-Nothing Power Hitter,CU / SL / ST,Curveball,Slider,Sweeper,-0.0027
Freddy Peralta,Left-Handed Batter,Disciplined All-Rounder,CU / FF / SL,Curveball,Four-Seam Fastball,Slider,-0.0111
Freddy Peralta,Left-Handed Batter,Free-Swinging Slugger,CU / SL / ST,Curveball,Slider,Sweeper,-0.0121
Freddy Peralta,Left-Handed Batter,Complete Power Hitter,CH / SL / ST,Changeup,Slider,Sweeper,0.0046
Freddy Peralta,Left-Handed Batter,Contact-Over-Power Hitter,CH / SL / ST,Changeup,Slider,Sweeper,-0.0206
Freddy Peralta,Right-Handed Batter,Pure Slap Hitter,CH / SL / ST,Changeup,Slider,Sweeper,-0.0134
Freddy Peralta,Right-Handed Batter,All-or-Nothing Power Hitter,CU / SL / ST,Curveball,Slider,Sweeper,-0.0089
Freddy Peralta,Right-Handed Batter,Disciplined All-Rounder,CH / SL / ST,Changeup,Slider,Sweeper,-0.0037
Freddy Peralta,Right-Handed Batter,Free-Swinging Slugger,CU / FF / ST,Curveball,Four-Seam Fastball,Sweeper,-0.0033
Freddy Peralta,Right-Handed Batter,Complete Power Hitter,FF / SL / ST,Four-Seam Fastball,Slider,Sweeper,-0.0081
Freddy Peralta,Right-Handed Batter,Contact-Over-Power Hitter,CU / FF / SL,Curveball,Four-Seam Fastball,Slider,-0.0122
Dennis Santana,Left-Handed Batter,Pure Slap Hitter,CH / FF / SL,Changeup,Four-Seam Fastball,Slider,0.0072
Dennis Santana,Left-Handed Batter,All-or-Nothing Power Hitter,CH / FF / SL,Changeup,Four-Seam Fastball,Slider,-0.0063
Dennis Santana,Left-Handed Batter,Disciplined All-Rounder,CH / FF / SL,Changeup,Four-Seam Fastball,Slider,0.0288
Dennis Santana,Left-Handed Batter,Free-Swinging Slugger,CH / FF / SL,Changeup,Four-Seam Fastball,Slider,0.0099
Dennis Santana,Left-Handed Batter,Complete Power Hitter,CH / FF / SL,Changeup,Four-Seam Fastball,Slider,0.0098
Dennis Santana,Left-Handed Batter,Contact-Over-Power Hitter,CH / FF / SL,Changeup,Four-Seam Fastball,Slider,-0.0077
Dennis Santana,Right-Handed Batter,Pure Slap Hitter,CH / FF / SL,Changeup,Four-Seam Fastball,Slider,-0.0024
Dennis Santana,Right-Handed Batter,All-or-Nothing Power Hitter,CH / FF / SL,Changeup,Four-Seam Fastball,Slider,-0.0263
Dennis Santana,Right-Handed Batter,Disciplined All-Rounder,CH / FF / SL,Changeup,Four-Seam Fastball,Slider,0.025
Dennis Santana,Right-Handed Batter,Free-Swinging Slugger,CH / FF / SL,Changeup,Four-Seam Fastball,Slider,0.0095
Dennis Santana,Right-Handed Batter,Complete Power Hitter,CH / FF / SL,Changeup,Four-Seam Fastball,Slider,0.006
Dennis Santana,Right-Handed Batter,Contact-Over-Power Hitter,CH / FF / SL,Changeup,Four-Seam Fastball,Slider,-0.0146
Griffin Jax,Left-Handed Batter,Pure Slap Hitter,CH / FF / ST,Changeup,Four-Seam Fastball,Sweeper,-0.0036
Griffin Jax,Left-Handed Batter,All-or-Nothing Power Hitter,CU / FF / SI,Curveball,Four-Seam Fastball,Sinker,-0.0058
Griffin Jax,Left-Handed Batter,Disciplined All-Rounder,CU / FF / ST,Curveball,Four-Seam Fastball,Sweeper,-0.0126
Griffin Jax,Left-Handed Batter,Free-Swinging Slugger,CH / SI / ST,Changeup,Sinker,Sweeper,-0.008
Griffin Jax,Left-Handed Batter,Complete Power Hitter,CH / CU / ST,Changeup,Curveball,Sweeper,0.0034
Griffin Jax,Left-Handed Batter,Contact-Over-Power Hitter,CH / CU / SI,Changeup,Curveball,Sinker,-0.0151
Griffin Jax,Right-Handed Batter,Pure Slap Hitter,CH / CU / ST,Changeup,Curveball,Sweeper,-0.0186
Griffin Jax,Right-Handed Batter,All-or-Nothing Power Hitter,CH / CU / ST,Changeup,Curveball,Sweeper,-0.0114
Griffin Jax,Right-Handed Batter,Disciplined All-Rounder,CH / CU / ST,Changeup,Curveball,Sweeper,-0.0122
Griffin Jax,Right-Handed Batter,Free-Swinging Slugger,CH / FF / SI,Changeup,Four-Seam Fastball,Sinker,-0.0138
Griffin Jax,Right-Handed Batter,Complete Power Hitter,CH / CU / SI,Changeup,Curveball,Sinker,0.0168
Griffin Jax,Right-Handed Batter,Contact-Over-Power Hitter,CU / FF / SI,Curveball,Four-Seam Fastball,Sinker,-0.0273
Mark Leiter,Left-Handed Batter,Pure Slap Hitter,CU / FS / SI,Curveball,Splitter,Sinker,-0.008
Mark Leiter,Left-Handed Batter,All-or-Nothing Power Hitter,CU / FS / SI,Curveball,Splitter,Sinker,-0.0106
Mark Leiter,Left-Handed Batter,Disciplined All-Rounder,CU / FS / SI,Curveball,Splitter,Sinker,-0.0003
Mark Leiter,Left-Handed Batter,Free-Swinging Slugger,CU / FS / SI,Curveball,Splitter,Sinker,-0.0139
Mark Leiter,Left-Handed Batter,Complete Power Hitter,CU / FS / SI,Curveball,Splitter,Sinker,-0.0116
Mark Leiter,Left-Handed Batter,Contact-Over-Power Hitter,CU / FS / SI,Curveball,Splitter,Sinker,0.0189
Mark Leiter,Right-Handed Batter,Pure Slap Hitter,CU / FS / SI,Curveball,Splitter,Sinker,-0.0088
Mark Leiter,Right-Handed Batter,All-or-Nothing Power Hitter,CU / FS / SI,Curveball,Splitter,Sinker,0.0001
Mark Leiter,Right-Handed Batter,Disciplined All-Rounder,CU / FS / SI,Curveball,Splitter,Sinker,-0.0048
Mark Leiter,Right-Handed Batter,Free-Swinging Slugger,CU / FS / SI,Curveball,Splitter,Sinker,-0.0047
Mark Leiter,Right-Handed Batter,Complete Power Hitter,CU / FS / SI,Curveball,Splitter,Sinker,0.0036
Mark Leiter,Right-Handed Batter,Contact-Over-Power Hitter,CU / FS / SI,Curveball,Splitter,Sinker,-0.0166
Sandy Alcántara,Left-Handed Batter,Pure Slap Hitter,FC / SI / SL,Cutter,Sinker,Slider,-0.009
Sandy Alcántara,Left-Handed Batter,All-or-Nothing Power Hitter,FF / SL / ST,Four-Seam Fastball,Slider,Sweeper,-0.0166
Sandy Alcántara,Left-Handed Batter,Disciplined All-Rounder,FC / SL / ST,Cutter,Slider,Sweeper,-0.013
Sandy Alcántara,Left-Handed Batter,Free-Swinging Slugger,FF / SI / SL,Four-Seam Fastball,Sinker,Slider,-0.0252
Sandy Alcántara,Left-Handed Batter,Complete Power Hitter,FC / SI / SL,Cutter,Sinker,Slider,-0.0161
Sandy Alcántara,Left-Handed Batter,Contact-Over-Power Hitter,FC / FF / SL,Cutter,Four-Seam Fastball,Slider,-0.0163
Sandy Alcántara,Right-Handed Batter,Pure Slap Hitter,CH / FC / SL,Changeup,Cutter,Slider,-0.0035
Sandy Alcántara,Right-Handed Batter,All-or-Nothing Power Hitter,FC / SI / ST,Cutter,Sinker,Sweeper,-0.028
Sandy Alcántara,Right-Handed Batter,Disciplined All-Rounder,FF / SL / ST,Four-Seam Fastball,Slider,Sweeper,-0.011
Sandy Alcántara,Right-Handed Batter,Free-Swinging Slugger,CH / SL / ST,Changeup,Slider,Sweeper,-0.017
Sandy Alcántara,Right-Handed Batter,Complete Power Hitter,FF / SI / ST,Four-Seam Fastball,Sinker,Sweeper,-0.0098
Sandy Alcántara,Right-Handed Batter,Contact-Over-Power Hitter,SI / SL / ST,Sinker,Slider,Sweeper,-0.0212
Enmanuel De Jesus,Left-Handed Batter,Pure Slap Hitter,CH / FC / FF,Changeup,Cutter,Four-Seam Fastball,0.0045
Enmanuel De Jesus,Left-Handed Batter,All-or-Nothing Power Hitter,CH / FC / FF,Changeup,Cutter,Four-Seam Fastball,0.0088
Enmanuel De Jesus,Left-Handed Batter,Disciplined All-Rounder,CH / FC / FF,Changeup,Cutter,Four-Seam Fastball,0.0031
Enmanuel De Jesus,Left-Handed Batter,Free-Swinging Slugger,CH / FC / FF,Changeup,Cutter,Four-Seam Fastball,0.0052
Enmanuel De Jesus,Left-Handed Batter,Complete Power Hitter,CH / FC / FF,Changeup,Cutter,Four-Seam Fastball,-0.0086
Enmanuel De Jesus,Left-Handed Batter,Contact-Over-Power Hitter,CH / FC / FF,Changeup,Cutter,Four-Seam Fastball,-0.0065
Enmanuel De Jesus,Right-Handed Batter,Pure Slap Hitter,CH / FC / FF,Changeup,Cutter,Four-Seam Fastball,-0.0223
Enmanuel De Jesus,Right-Handed Batter,All-or-Nothing Power Hitter,CH / FC / FF,Changeup,Cutter,Four-Seam Fastball,-0.0009
Enmanuel De Jesus,Right-Handed Batter,Disciplined All-Rounder,CH / FC / FF,Changeup,Cutter,Four-Seam Fastball,-0.0029
Enmanuel De Jesus,Right-Handed Batter,Free-Swinging Slugger,CH / FC / FF,Changeup,Cutter,Four-Seam Fastball,-0.0256
Enmanuel De Jesus,Right-Handed Batter,Complete Power Hitter,CH / FC / FF,Changeup,Cutter,Four-Seam Fastball,-0.01
Enmanuel De Jesus,Right-Handed Batter,Contact-Over-Power Hitter,CH / FC / FF,Changeup,Cutter,Four-Seam Fastball,-0.0044
Michael Soroka,Left-Handed Batter,Pure Slap Hitter,CH / FF / SI,Changeup,Four-Seam Fastball,Sinker,-0.0175
Michael Soroka,Left-Handed Batter,All-or-Nothing Power Hitter,FC / SI / SV,Cutter,Sinker,Slurve,-0.0166
Michael Soroka,Left-Handed Batter,Disciplined All-Rounder,CH / SI / SV,Changeup,Sinker,Slurve,-0.0126
Michael Soroka,Left-Handed Batter,Free-Swinging Slugger,CH / SI / SV,Changeup,Sinker,Slurve,-0.0051
Michael Soroka,Left-Handed Batter,Complete Power Hitter,CH / FC / SI,Changeup,Cutter,Sinker,-0.0153
Michael Soroka,Left-Handed Batter,Contact-Over-Power Hitter,CH / FF / SI,Changeup,Four-Seam Fastball,Sinker,-0.0274
Michael Soroka,Right-Handed Batter,Pure Slap Hitter,CH / FC / SI,Changeup,Cutter,Sinker,-0.0165
Michael Soroka,Right-Handed Batter,All-or-Nothing Power Hitter,CH / SI / SV,Changeup,Sinker,Slurve,-0.028
Michael Soroka,Right-Handed Batter,Disciplined All-Rounder,CH / SI / SV,Changeup,Sinker,Slurve,-0.0153
Michael Soroka,Right-Handed Batter,Free-Swinging Slugger,CH / FC / FF,Changeup,Cutter,Four-Seam Fastball,-0.0165
Michael Soroka,Right-Handed Batter,Complete Power Hitter,CH / FC / SI,Changeup,Cutter,Sinker,-0.0164
Michael Soroka,Right-Handed Batter,Contact-Over-Power Hitter,CH / FC / SI,Changeup,Cutter,Sinker,-0.0299
Mike King,Left-Handed Batter,Pure Slap Hitter,CH / SL / ST,Changeup,Slider,Sweeper,-0.0055
Mike King,Left-Handed Batter,All-or-Nothing Power Hitter,CH / SL / ST,Changeup,Slider,Sweeper,-0.0163
Mike King,Left-Handed Batter,Disciplined All-Rounder,SI / SL / ST,Sinker,Slider,Sweeper,-0.0225
Mike King,Left-Handed Batter,Free-Swinging Slugger,SI / SL / ST,Sinker,Slider,Sweeper,-0.0063
Mike King,Left-Handed Batter,Complete Power Hitter,FF / SI / ST,Four-Seam Fastball,Sinker,Sweeper,-0.0114
Mike King,Left-Handed Batter,Contact-Over-Power Hitter,CH / FF / SL,Changeup,Four-Seam Fastball,Slider,-0.0074
Mike King,Right-Handed Batter,Pure Slap Hitter,CH / SL / ST,Changeup,Slider,Sweeper,-0.0141
Mike King,Right-Handed Batter,All-or-Nothing Power Hitter,FF / SL / ST,Four-Seam Fastball,Slider,Sweeper,-0.0046
Mike King,Right-Handed Batter,Disciplined All-Rounder,CH / FF / SL,Changeup,Four-Seam Fastball,Slider,-0.004
Mike King,Right-Handed Batter,Free-Swinging Slugger,CH / FF / SL,Changeup,Four-Seam Fastball,Slider,-0.0281
Mike King,Right-Handed Batter,Complete Power Hitter,FF / SL / ST,Four-Seam Fastball,Slider,Sweeper,-0.0213
Mike King,Right-Handed Batter,Contact-Over-Power Hitter,CH / SI / SL,Changeup,Sinker,Slider,-0.0091
Aaron Civale,Left-Handed Batter,Pure Slap Hitter,CU / FF / SI,Curveball,Four-Seam Fastball,Sinker,-0.004
Aaron Civale,Left-Handed Batter,All-or-Nothing Power Hitter,CU / FF / SI,Curveball,Four-Seam Fastball,Sinker,0.0072
Aaron Civale,Left-Handed Batter,Disciplined All-Rounder,CU / FC / FF,Curveball,Cutter,Four-Seam Fastball,-0.0168
Aaron Civale,Left-Handed Batter,Free-Swinging Slugger,CU / FC / SI,Curveball,Cutter,Sinker,0.0004
Aaron Civale,Left-Handed Batter,Complete Power Hitter,CU / FC / SI,Curveball,Cutter,Sinker,0.0025
Aaron Civale,Left-Handed Batter,Contact-Over-Power Hitter,CU / FC / SI,Curveball,Cutter,Sinker,-0.0039
Aaron Civale,Right-Handed Batter,Pure Slap Hitter,CU / FF / SI,Curveball,Four-Seam Fastball,Sinker,-0.0056
Aaron Civale,Right-Handed Batter,All-or-Nothing Power Hitter,FC / FF / SI,Cutter,Four-Seam Fastball,Sinker,-0.0253
Aaron Civale,Right-Handed Batter,Disciplined All-Rounder,CU / FC / SI,Curveball,Cutter,Sinker,0.001
Aaron Civale,Right-Handed Batter,Free-Swinging Slugger,FC / FF / SI,Cutter,Four-Seam Fastball,Sinker,0.0016
Aaron Civale,Right-Handed Batter,Complete Power Hitter,CU / FC / FF,Curveball,Cutter,Four-Seam Fastball,-0.0032
Aaron Civale,Right-Handed Batter,Contact-Over-Power Hitter,CU / FC / FF,Curveball,Cutter,Four-Seam Fastball,-0.0115
Cristopher Sánchez,Left-Handed Batter,Pure Slap Hitter,CH / SI / SL,Changeup,Sinker,Slider,-0.0356
Cristopher Sánchez,Left-Handed Batter,All-or-Nothing Power Hitter,CH / SI / SL,Changeup,Sinker,Slider,-0.0406
Cristopher Sánchez,Left-Handed Batter,Disciplined All-Rounder,CH / SI / SL,Changeup,Sinker,Slider,-0.0197
Cristopher Sánchez,Left-Handed Batter,Free-Swinging Slugger,CH / SI / SL,Changeup,Sinker,Slider,-0.0124
Cristopher Sánchez,Left-Handed Batter,Complete Power Hitter,CH / SI / SL,Changeup,Sinker,Slider,-0.0185
Cristopher Sánchez,Left-Handed Batter,Contact-Over-Power Hitter,CH / SI / SL,Changeup,Sinker,Slider,-0.0228
Cristopher Sánchez,Right-Handed Batter,Pure Slap Hitter,CH / SI / SL,Changeup,Sinker,Slider,-0.0103
Cristopher Sánchez,Right-Handed Batter,All-or-Nothing Power Hitter,CH / SI / SL,Changeup,Sinker,Slider,0.0007
Cristopher Sánchez,Right-Handed Batter,Disciplined All-Rounder,CH / SI / SL,Changeup,Sinker,Slider,0.0056
Cristopher Sánchez,Right-Handed Batter,Free-Swinging Slugger,CH / SI / SL,Changeup,Sinker,Slider,-0.0049
Cristopher Sánchez,Right-Handed Batter,Complete Power Hitter,CH / SI / SL,Changeup,Sinker,Slider,0.006
Cristopher Sánchez,Right-Handed Batter,Contact-Over-Power Hitter,CH / SI / SL,Changeup,Sinker,Slider,0.0139
Brock Burke,Left-Handed Batter,Pure Slap Hitter,CH / FF / SL,Changeup,Four-Seam Fastball,Slider,-0.0053
Brock Burke,Left-Handed Batter,All-or-Nothing Power Hitter,CH / SI / SL,Changeup,Sinker,Slider,-0.0055
Brock Burke,Left-Handed Batter,Disciplined All-Rounder,CH / FF / SI,Changeup,Four-Seam Fastball,Sinker,-0.0096
Brock Burke,Left-Handed Batter,Free-Swinging Slugger,CH / FF / SI,Changeup,Four-Seam Fastball,Sinker,-0.0035
Brock Burke,Left-Handed Batter,Complete Power Hitter,CH / FF / SI,Changeup,Four-Seam Fastball,Sinker,-0.0128
Brock Burke,Left-Handed Batter,Contact-Over-Power Hitter,CH / FF / SL,Changeup,Four-Seam Fastball,Slider,-0.0181
Brock Burke,Right-Handed Batter,Pure Slap Hitter,CH / FF / SI,Changeup,Four-Seam Fastball,Sinker,-0.0189
Brock Burke,Right-Handed Batter,All-or-Nothing Power Hitter,FF / SI / SL,Four-Seam Fastball,Sinker,Slider,-0.019
Brock Burke,Right-Handed Batter,Disciplined All-Rounder,CH / SI / SL,Changeup,Sinker,Slider,-0.0107
Brock Burke,Right-Handed Batter,Free-Swinging Slugger,FF / SI / SL,Four-Seam Fastball,Sinker,Slider,-0.0123
Brock Burke,Right-Handed Batter,Complete Power Hitter,CH / SI / SL,Changeup,Sinker,Slider,0.0044
Brock Burke,Right-Handed Batter,Contact-Over-Power Hitter,CH / SI / SL,Changeup,Sinker,Slider,-0.0128
Griffin Canning,Left-Handed Batter,Pure Slap Hitter,FF / SI / SL,Four-Seam Fastball,Sinker,Slider,-0.0013
Griffin Canning,Left-Handed Batter,All-or-Nothing Power Hitter,FF / SI / SL,Four-Seam Fastball,Sinker,Slider,0.0023
Griffin Canning,Left-Handed Batter,Disciplined All-Rounder,FF / SI / SL,Four-Seam Fastball,Sinker,Slider,-0.0038
Griffin Canning,Left-Handed Batter,Free-Swinging Slugger,CH / FF / SI,Changeup,Four-Seam Fastball,Sinker,-0.0042
Griffin Canning,Left-Handed Batter,Complete Power Hitter,FF / SI / SL,Four-Seam Fastball,Sinker,Slider,0.0265
Griffin Canning,Left-Handed Batter,Contact-Over-Power Hitter,FF / SI / SL,Four-Seam Fastball,Sinker,Slider,0.0003
Griffin Canning,Right-Handed Batter,Pure Slap Hitter,CH / FF / SL,Changeup,Four-Seam Fastball,Slider,-0.007
Griffin Canning,Right-Handed Batter,All-or-Nothing Power Hitter,CH / SI / SL,Changeup,Sinker,Slider,-0.0136
Griffin Canning,Right-Handed Batter,Disciplined All-Rounder,CH / FF / SI,Changeup,Four-Seam Fastball,Sinker,-0.0088
Griffin Canning,Right-Handed Batter,Free-Swinging Slugger,CH / SI / SL,Changeup,Sinker,Slider,-0.0175
Griffin Canning,Right-Handed Batter,Complete Power Hitter,CH / FF / SI,Changeup,Four-Seam Fastball,Sinker,-0.0087
Griffin Canning,Right-Handed Batter,Contact-Over-Power Hitter,CH / SI / SL,Changeup,Sinker,Slider,-0.0114
Dylan Cease,Left-Handed Batter,Pure Slap Hitter,CH / FF / SI,Changeup,Four-Seam Fastball,Sinker,-0.0284
Dylan Cease,Left-Handed Batter,All-or-Nothing Power Hitter,FF / SI / SL,Four-Seam Fastball,Sinker,Slider,-0.0187
Dylan Cease,Left-Handed Batter,Disciplined All-Rounder,CH / SI / SL,Changeup,Sinker,Slider,-0.0107
Dylan Cease,Left-Handed Batter,Free-Swinging Slugger,CH / KC / SL,Changeup,Knuckle Curve,Slider,-0.0405
Dylan Cease,Left-Handed Batter,Complete Power Hitter,KC / SI / SL,Knuckle Curve,Sinker,Slider,-0.0054
Dylan Cease,Left-Handed Batter,Contact-Over-Power Hitter,FF / KC / SI,Four-Seam Fastball,Knuckle Curve,Sinker,-0.0139
Dylan Cease,Right-Handed Batter,Pure Slap Hitter,CH / SI / SL,Changeup,Sinker,Slider,-0.0182
Dylan Cease,Right-Handed Batter,All-or-Nothing Power Hitter,CH / FF / SI,Changeup,Four-Seam Fastball,Sinker,-0.0131
Dylan Cease,Right-Handed Batter,Disciplined All-Rounder,CH / KC / SL,Changeup,Knuckle Curve,Slider,-0.0276
Dylan Cease,Right-Handed Batter,Free-Swinging Slugger,CH / KC / SL,Changeup,Knuckle Curve,Slider,-0.0301
Dylan Cease,Right-Handed Batter,Complete Power Hitter,CH / FF / SL,Changeup,Four-Seam Fastball,Slider,-0.0163
Dylan Cease,Right-Handed Batter,Contact-Over-Power Hitter,CH / KC / SL,Changeup,Knuckle Curve,Slider,-0.0305
Jack Flaherty,Left-Handed Batter,Pure Slap Hitter,FF / KC / SL,Four-Seam Fastball,Knuckle Curve,Slider,-0.0131
Jack Flaherty,Left-Handed Batter,All-or-Nothing Power Hitter,FF / KC / SL,Four-Seam Fastball,Knuckle Curve,Slider,-0.0035
Jack Flaherty,Left-Handed Batter,Disciplined All-Rounder,FF / KC / SL,Four-Seam Fastball,Knuckle Curve,Slider,0.0008
Jack Flaherty,Left-Handed Batter,Free-Swinging Slugger,FF / KC / SL,Four-Seam Fastball,Knuckle Curve,Slider,0.0054
Jack Flaherty,Left-Handed Batter,Complete Power Hitter,FF / KC / SL,Four-Seam Fastball,Knuckle Curve,Slider,0.0108
Jack Flaherty,Left-Handed Batter,Contact-Over-Power Hitter,FF / KC / SL,Four-Seam Fastball,Knuckle Curve,Slider,0.0089
Jack Flaherty,Right-Handed Batter,Pure Slap Hitter,FF / KC / SL,Four-Seam Fastball,Knuckle Curve,Slider,0.0099
Jack Flaherty,Right-Handed Batter,All-or-Nothing Power Hitter,FF / KC / SL,Four-Seam Fastball,Knuckle Curve,Slider,-0.0136
Jack Flaherty,Right-Handed Batter,Disciplined All-Rounder,FF / KC / SL,Four-Seam Fastball,Knuckle Curve,Slider,0.0132
Jack Flaherty,Right-Handed Batter,Free-Swinging Slugger,FF / KC / SL,Four-Seam Fastball,Knuckle Curve,Slider,-0.009
Jack Flaherty,Right-Handed Batter,Complete Power Hitter,FF / KC / SL,Four-Seam Fastball,Knuckle Curve,Slider,0.0175
Jack Flaherty,Right-Handed Batter,Contact-Over-Power Hitter,FF / KC / SL,Four-Seam Fastball,Knuckle Curve,Slider,-0.0126
Foster Griffin,Left-Handed Batter,Pure Slap Hitter,CH / FC / FS,Changeup,Cutter,Splitter,-0.0148
Foster Griffin,Left-Handed Batter,All-or-Nothing Power Hitter,CH / CU / ST,Changeup,Curveball,Sweeper,-0.0316
Foster Griffin,Left-Handed Batter,Disciplined All-Rounder,CH / FC / FS,Changeup,Cutter,Splitter,-0.0262
Foster Griffin,Left-Handed Batter,Free-Swinging Slugger,CH / FC / FS,Changeup,Cutter,Splitter,-0.016
Foster Griffin,Left-Handed Batter,Complete Power Hitter,CH / FF / FS,Changeup,Four-Seam Fastball,Splitter,-0.0247
Foster Griffin,Left-Handed Batter,Contact-Over-Power Hitter,CH / FS / SI,Changeup,Splitter,Sinker,-0.0071
Foster Griffin,Right-Handed Batter,Pure Slap Hitter,CH / FS / SI,Changeup,Splitter,Sinker,-0.0153
Foster Griffin,Right-Handed Batter,All-or-Nothing Power Hitter,FC / FS / SI,Cutter,Splitter,Sinker,-0.0224
Foster Griffin,Right-Handed Batter,Disciplined All-Rounder,CH / FF / FS,Changeup,Four-Seam Fastball,Splitter,-0.001
Foster Griffin,Right-Handed Batter,Free-Swinging Slugger,FF / FS / SI,Four-Seam Fastball,Splitter,Sinker,-0.0139
Foster Griffin,Right-Handed Batter,Complete Power Hitter,FS / SI / ST,Splitter,Sinker,Sweeper,0.0029
Foster Griffin,Right-Handed Batter,Contact-Over-Power Hitter,FC / SI / ST,Cutter,Sinker,Sweeper,-0.0316
Sam Hentges,Left-Handed Batter,Pure Slap Hitter,FF / SI / SL,Four-Seam Fastball,Sinker,Slider,0.0068
Sam Hentges,Left-Handed Batter,All-or-Nothing Power Hitter,FF / SI / SL,Four-Seam Fastball,Sinker,Slider,0.0007
Sam Hentges,Left-Handed Batter,Disciplined All-Rounder,FF / SI / SL,Four-Seam Fastball,Sinker,Slider,0.0138
Sam Hentges,Left-Handed Batter,Free-Swinging Slugger,FF / SI / SL,Four-Seam Fastball,Sinker,Slider,-0.0103
Sam Hentges,Left-Handed Batter,Complete Power Hitter,FF / SI / SL,Four-Seam Fastball,Sinker,Slider,0.0056
Sam Hentges,Left-Handed Batter,Contact-Over-Power Hitter,FF / SI / SL,Four-Seam Fastball,Sinker,Slider,-0.002
Sam Hentges,Right-Handed Batter,Pure Slap Hitter,FF / SI / SL,Four-Seam Fastball,Sinker,Slider,-0.0232
Sam Hentges,Right-Handed Batter,All-or-Nothing Power Hitter,FF / SI / SL,Four-Seam Fastball,Sinker,Slider,-0.0021
Sam Hentges,Right-Handed Batter,Disciplined All-Rounder,FF / SI / SL,Four-Seam Fastball,Sinker,Slider,-0.0081
Sam Hentges,Right-Handed Batter,Free-Swinging Slugger,FF / SI / SL,Four-Seam Fastball,Sinker,Slider,0.0029
Sam Hentges,Right-Handed Batter,Complete Power Hitter,FF / SI / SL,Four-Seam Fastball,Sinker,Slider,-0.0045
Sam Hentges,Right-Handed Batter,Contact-Over-Power Hitter,FF / SI / SL,Four-Seam Fastball,Sinker,Slider,-0.0112
Jeff Hoffman,Left-Handed Batter,Pure Slap Hitter,FF / FS / SL,Four-Seam Fastball,Splitter,Slider,-0.0055
Jeff Hoffman,Left-Handed Batter,All-or-Nothing Power Hitter,FF / FS / SL,Four-Seam Fastball,Splitter,Slider,-0.0018
Jeff Hoffman,Left-Handed Batter,Disciplined All-Rounder,FF / FS / SL,Four-Seam Fastball,Splitter,Slider,0.0118
Jeff Hoffman,Left-Handed Batter,Free-Swinging Slugger,FF / FS / SL,Four-Seam Fastball,Splitter,Slider,0.0035
Jeff Hoffman,Left-Handed Batter,Complete Power Hitter,FF / FS / SL,Four-Seam Fastball,Splitter,Slider,-0.0097
Jeff Hoffman,Left-Handed Batter,Contact-Over-Power Hitter,FF / FS / SL,Four-Seam Fastball,Splitter,Slider,-0.0103
Jeff Hoffman,Right-Handed Batter,Pure Slap Hitter,FF / FS / SL,Four-Seam Fastball,Splitter,Slider,-0.0101
Jeff Hoffman,Right-Handed Batter,All-or-Nothing Power Hitter,FF / FS / SL,Four-Seam Fastball,Splitter,Slider,-0.0062
Jeff Hoffman,Right-Handed Batter,Disciplined All-Rounder,FF / FS / SL,Four-Seam Fastball,Splitter,Slider,0.0397
Jeff Hoffman,Right-Handed Batter,Free-Swinging Slugger,FF / FS / SL,Four-Seam Fastball,Splitter,Slider,-0.0222
Jeff Hoffman,Right-Handed Batter,Complete Power Hitter,FF / FS / SL,Four-Seam Fastball,Splitter,Slider,0.0115
Jeff Hoffman,Right-Handed Batter,Contact-Over-Power Hitter,FF / FS / SL,Four-Seam Fastball,Splitter,Slider,0.0147
Grant Holmes,Left-Handed Batter,Pure Slap Hitter,CH / FC / SI,Changeup,Cutter,Sinker,-0.0173
Grant Holmes,Left-Handed Batter,All-or-Nothing Power Hitter,CH / CU / SI,Changeup,Curveball,Sinker,-0.009
Grant Holmes,Left-Handed Batter,Disciplined All-Rounder,FC / FF / SI,Cutter,Four-Seam Fastball,Sinker,-0.0116
Grant Holmes,Left-Handed Batter,Free-Swinging Slugger,CH / SI / SL,Changeup,Sinker,Slider,-0.0111
Grant Holmes,Left-Handed Batter,Complete Power Hitter,CH / CU / SL,Changeup,Curveball,Slider,-0.0145
Grant Holmes,Left-Handed Batter,Contact-Over-Power Hitter,CH / FC / SI,Changeup,Cutter,Sinker,-0.0137
Grant Holmes,Right-Handed Batter,Pure Slap Hitter,CH / FC / FF,Changeup,Cutter,Four-Seam Fastball,-0.0181
Grant Holmes,Right-Handed Batter,All-or-Nothing Power Hitter,CH / FC / FF,Changeup,Cutter,Four-Seam Fastball,-0.0348
Grant Holmes,Right-Handed Batter,Disciplined All-Rounder,CH / FF / SL,Changeup,Four-Seam Fastball,Slider,-0.0056
Grant Holmes,Right-Handed Batter,Free-Swinging Slugger,CH / CU / SL,Changeup,Curveball,Slider,-0.0097
Grant Holmes,Right-Handed Batter,Complete Power Hitter,CH / FC / SI,Changeup,Cutter,Sinker,-0.0131
Grant Holmes,Right-Handed Batter,Contact-Over-Power Hitter,CU / FC / SI,Curveball,Cutter,Sinker,-0.0308
Mitch Keller,Left-Handed Batter,Pure Slap Hitter,FC / FF / SI,Cutter,Four-Seam Fastball,Sinker,-0.0196
Mitch Keller,Left-Handed Batter,All-or-Nothing Power Hitter,CH / FC / FF,Changeup,Cutter,Four-Seam Fastball,-0.0152
Mitch Keller,Left-Handed Batter,Disciplined All-Rounder,FF / SI / SL,Four-Seam Fastball,Sinker,Slider,-0.0182
Mitch Keller,Left-Handed Batter,Free-Swinging Slugger,CH / CU / SI,Changeup,Curveball,Sinker,-0.0037
Mitch Keller,Left-Handed Batter,Complete Power Hitter,CH / FF / SL,Changeup,Four-Seam Fastball,Slider,0.0089
Mitch Keller,Left-Handed Batter,Contact-Over-Power Hitter,FC / SL / ST,Cutter,Slider,Sweeper,-0.0136
Mitch Keller,Right-Handed Batter,Pure Slap Hitter,CH / FC / ST,Changeup,Cutter,Sweeper,-0.0157
Mitch Keller,Right-Handed Batter,All-or-Nothing Power Hitter,CH / FC / SI,Changeup,Cutter,Sinker,-0.0093
Mitch Keller,Right-Handed Batter,Disciplined All-Rounder,CH / CU / ST,Changeup,Curveball,Sweeper,-0.0199
Mitch Keller,Right-Handed Batter,Free-Swinging Slugger,CH / FC / FF,Changeup,Cutter,Four-Seam Fastball,-0.0255
Mitch Keller,Right-Handed Batter,Complete Power Hitter,CH / FC / FF,Changeup,Cutter,Four-Seam Fastball,-0.0215
Mitch Keller,Right-Handed Batter,Contact-Over-Power Hitter,CH / SI / SL,Changeup,Sinker,Slider,-0.0127
Alex Lange,Left-Handed Batter,Pure Slap Hitter,FC / SI / SL,Cutter,Sinker,Slider,-0.0002
Alex Lange,Left-Handed Batter,All-or-Nothing Power Hitter,FC / SI / SL,Cutter,Sinker,Slider,-0.0191
Alex Lange,Left-Handed Batter,Disciplined All-Rounder,CH / SI / SL,Changeup,Sinker,Slider,0.0063
Alex Lange,Left-Handed Batter,Free-Swinging Slugger,FC / SI / SL,Cutter,Sinker,Slider,-0.0099
Alex Lange,Left-Handed Batter,Complete Power Hitter,CH / FC / SI,Changeup,Cutter,Sinker,-0.0115
Alex Lange,Left-Handed Batter,Contact-Over-Power Hitter,CH / FC / SL,Changeup,Cutter,Slider,-0.0143
Alex Lange,Right-Handed Batter,Pure Slap Hitter,CH / FC / SL,Changeup,Cutter,Slider,-0.0161
Alex Lange,Right-Handed Batter,All-or-Nothing Power Hitter,FC / SI / SL,Cutter,Sinker,Slider,0.0047
Alex Lange,Right-Handed Batter,Disciplined All-Rounder,CH / FC / SI,Changeup,Cutter,Sinker,-0.0137
Alex Lange,Right-Handed Batter,Free-Swinging Slugger,CH / FC / SL,Changeup,Cutter,Slider,-0.0085
Alex Lange,Right-Handed Batter,Complete Power Hitter,CH / FC / SL,Changeup,Cutter,Slider,-0.0037
Alex Lange,Right-Handed Batter,Contact-Over-Power Hitter,CH / SI / SL,Changeup,Sinker,Slider,-0.0072
Jacob Latz,Left-Handed Batter,Pure Slap Hitter,CH / FF / SL,Changeup,Four-Seam Fastball,Slider,-0.0072
Jacob Latz,Left-Handed Batter,All-or-Nothing Power Hitter,CH / FF / SL,Changeup,Four-Seam Fastball,Slider,0.0113
Jacob Latz,Left-Handed Batter,Disciplined All-Rounder,CH / FF / SL,Changeup,Four-Seam Fastball,Slider,-0.0182
Jacob Latz,Left-Handed Batter,Free-Swinging Slugger,CH / FF / SL,Changeup,Four-Seam Fastball,Slider,-0.0187
Jacob Latz,Left-Handed Batter,Complete Power Hitter,CH / FF / SL,Changeup,Four-Seam Fastball,Slider,0.0033
Jacob Latz,Left-Handed Batter,Contact-Over-Power Hitter,CH / FF / SL,Changeup,Four-Seam Fastball,Slider,-0.0169
Jacob Latz,Right-Handed Batter,Pure Slap Hitter,CH / FF / SL,Changeup,Four-Seam Fastball,Slider,-0.0077
Jacob Latz,Right-Handed Batter,All-or-Nothing Power Hitter,CH / FF / SL,Changeup,Four-Seam Fastball,Slider,-0.0025
Jacob Latz,Right-Handed Batter,Disciplined All-Rounder,CH / FF / SL,Changeup,Four-Seam Fastball,Slider,-0.0259
Jacob Latz,Right-Handed Batter,Free-Swinging Slugger,CH / FF / SL,Changeup,Four-Seam Fastball,Slider,-0.0208
Jacob Latz,Right-Handed Batter,Complete Power Hitter,CH / FF / SL,Changeup,Four-Seam Fastball,Slider,-0.0124
Jacob Latz,Right-Handed Batter,Contact-Over-Power Hitter,CH / FF / SL,Changeup,Four-Seam Fastball,Slider,-0.01
Sean Newcomb,Left-Handed Batter,Pure Slap Hitter,FF / SI / SV,Four-Seam Fastball,Sinker,Slurve,-0.0128
Sean Newcomb,Left-Handed Batter,All-or-Nothing Power Hitter,FF / SI / SV,Four-Seam Fastball,Sinker,Slurve,-0.0073
Sean Newcomb,Left-Handed Batter,Disciplined All-Rounder,FF / SI / SV,Four-Seam Fastball,Sinker,Slurve,-0.0136
Sean Newcomb,Left-Handed Batter,Free-Swinging Slugger,FF / SI / SV,Four-Seam Fastball,Sinker,Slurve,-0.0025
Sean Newcomb,Left-Handed Batter,Complete Power Hitter,FF / SI / SV,Four-Seam Fastball,Sinker,Slurve,0.0017
Sean Newcomb,Left-Handed Batter,Contact-Over-Power Hitter,FF / SI / SV,Four-Seam Fastball,Sinker,Slurve,0.0125
Sean Newcomb,Right-Handed Batter,Pure Slap Hitter,FF / SI / SV,Four-Seam Fastball,Sinker,Slurve,-0.0015
Sean Newcomb,Right-Handed Batter,All-or-Nothing Power Hitter,FF / SI / SV,Four-Seam Fastball,Sinker,Slurve,-0.0088
Sean Newcomb,Right-Handed Batter,Disciplined All-Rounder,FF / SI / SV,Four-Seam Fastball,Sinker,Slurve,-0.0124
Sean Newcomb,Right-Handed Batter,Free-Swinging Slugger,FF / SI / SV,Four-Seam Fastball,Sinker,Slurve,-0.0245
Sean Newcomb,Right-Handed Batter,Complete Power Hitter,FF / SI / SV,Four-Seam Fastball,Sinker,Slurve,-0.0077
Sean Newcomb,Right-Handed Batter,Contact-Over-Power Hitter,FF / SI / SV,Four-Seam Fastball,Sinker,Slurve,0.0026
Michael Petersen,Left-Handed Batter,Pure Slap Hitter,CH / FF / SL,Changeup,Four-Seam Fastball,Slider,-0.0045
Michael Petersen,Left-Handed Batter,All-or-Nothing Power Hitter,CH / FF / SL,Changeup,Four-Seam Fastball,Slider,-0.0033
Michael Petersen,Left-Handed Batter,Disciplined All-Rounder,CH / FF / SL,Changeup,Four-Seam Fastball,Slider,-0.0137
Michael Petersen,Left-Handed Batter,Free-Swinging Slugger,CH / FF / SL,Changeup,Four-Seam Fastball,Slider,-0.0016
Michael Petersen,Left-Handed Batter,Complete Power Hitter,CH / FF / SL,Changeup,Four-Seam Fastball,Slider,0.0113
Michael Petersen,Left-Handed Batter,Contact-Over-Power Hitter,CH / FF / SL,Changeup,Four-Seam Fastball,Slider,-0.0193
Michael Petersen,Right-Handed Batter,Pure Slap Hitter,CH / FF / SL,Changeup,Four-Seam Fastball,Slider,0.0035
Michael Petersen,Right-Handed Batter,All-or-Nothing Power Hitter,CH / FF / SL,Changeup,Four-Seam Fastball,Slider,-0.003
Michael Petersen,Right-Handed Batter,Disciplined All-Rounder,CH / FF / SL,Changeup,Four-Seam Fastball,Slider,-0.0141
Michael Petersen,Right-Handed Batter,Free-Swinging Slugger,CH / FF / SL,Changeup,Four-Seam Fastball,Slider,-0.0156
Michael Petersen,Right-Handed Batter,Complete Power Hitter,CH / FF / SL,Changeup,Four-Seam Fastball,Slider,-0.011
Michael Petersen,Right-Handed Batter,Contact-Over-Power Hitter,CH / FF / SL,Changeup,Four-Seam Fastball,Slider,-0.0102
David Peterson,Left-Handed Batter,Pure Slap Hitter,CH / CU / SL,Changeup,Curveball,Slider,-0.0169
David Peterson,Left-Handed Batter,All-or-Nothing Power Hitter,CH / CU / SL,Changeup,Curveball,Slider,-0.0075
David Peterson,Left-Handed Batter,Disciplined All-Rounder,CH / SI / SL,Changeup,Sinker,Slider,-0.012
David Peterson,Left-Handed Batter,Free-Swinging Slugger,CH / CU / FF,Changeup,Curveball,Four-Seam Fastball,-0.0124
David Peterson,Left-Handed Batter,Complete Power Hitter,CH / FF / SI,Changeup,Four-Seam Fastball,Sinker,-0.0193
David Peterson,Left-Handed Batter,Contact-Over-Power Hitter,CH / FF / SI,Changeup,Four-Seam Fastball,Sinker,-0.023
David Peterson,Right-Handed Batter,Pure Slap Hitter,CH / CU / SL,Changeup,Curveball,Slider,0.0059
David Peterson,Right-Handed Batter,All-or-Nothing Power Hitter,CU / SI / SL,Curveball,Sinker,Slider,-0.0129
David Peterson,Right-Handed Batter,Disciplined All-Rounder,CH / FF / SL,Changeup,Four-Seam Fastball,Slider,-0.0014
David Peterson,Right-Handed Batter,Free-Swinging Slugger,CH / CU / SI,Changeup,Curveball,Sinker,-0.0234
David Peterson,Right-Handed Batter,Complete Power Hitter,CU / SI / SL,Curveball,Sinker,Slider,0.005
David Peterson,Right-Handed Batter,Contact-Over-Power Hitter,CU / SI / SL,Curveball,Sinker,Slider,-0.01
Drew Rasmussen,Left-Handed Batter,Pure Slap Hitter,CH / FF / SI,Changeup,Four-Seam Fastball,Sinker,-0.0174
Drew Rasmussen,Left-Handed Batter,All-or-Nothing Power Hitter,CH / FF / SI,Changeup,Four-Seam Fastball,Sinker,-0.0207
Drew Rasmussen,Left-Handed Batter,Disciplined All-Rounder,CH / FC / SI,Changeup,Cutter,Sinker,-0.0023
Drew Rasmussen,Left-Handed Batter,Free-Swinging Slugger,CH / FC / SI,Changeup,Cutter,Sinker,-0.015
Drew Rasmussen,Left-Handed Batter,Complete Power Hitter,CH / FC / SI,Changeup,Cutter,Sinker,-0.0082
Drew Rasmussen,Left-Handed Batter,Contact-Over-Power Hitter,CH / FF / SI,Changeup,Four-Seam Fastball,Sinker,0.0069
Drew Rasmussen,Right-Handed Batter,Pure Slap Hitter,CH / FF / SI,Changeup,Four-Seam Fastball,Sinker,-0.0249
Drew Rasmussen,Right-Handed Batter,All-or-Nothing Power Hitter,CH / FC / SI,Changeup,Cutter,Sinker,-0.021
Drew Rasmussen,Right-Handed Batter,Disciplined All-Rounder,CH / FC / FF,Changeup,Cutter,Four-Seam Fastball,-0.0198
Drew Rasmussen,Right-Handed Batter,Free-Swinging Slugger,CH / FC / FF,Changeup,Cutter,Four-Seam Fastball,-0.0184
Drew Rasmussen,Right-Handed Batter,Complete Power Hitter,CH / FC / SI,Changeup,Cutter,Sinker,-0.0186
Drew Rasmussen,Right-Handed Batter,Contact-Over-Power Hitter,CH / FC / FF,Changeup,Cutter,Four-Seam Fastball,-0.0089
Logan Webb,Left-Handed Batter,Pure Slap Hitter,FC / SI / ST,Cutter,Sinker,Sweeper,-0.006
Logan Webb,Left-Handed Batter,All-or-Nothing Power Hitter,FC / FF / ST,Cutter,Four-Seam Fastball,Sweeper,-0.0118
Logan Webb,Left-Handed Batter,Disciplined All-Rounder,FC / FF / SI,Cutter,Four-Seam Fastball,Sinker,-0.0196
Logan Webb,Left-Handed Batter,Free-Swinging Slugger,FC / FF / ST,Cutter,Four-Seam Fastball,Sweeper,-0.0094
Logan Webb,Left-Handed Batter,Complete Power Hitter,FC / FF / ST,Cutter,Four-Seam Fastball,Sweeper,-0.0117
Logan Webb,Left-Handed Batter,Contact-Over-Power Hitter,FC / SI / ST,Cutter,Sinker,Sweeper,-0.0201
Logan Webb,Right-Handed Batter,Pure Slap Hitter,CH / FF / ST,Changeup,Four-Seam Fastball,Sweeper,-0.01
Logan Webb,Right-Handed Batter,All-or-Nothing Power Hitter,CH / SI / ST,Changeup,Sinker,Sweeper,-0.0209
Logan Webb,Right-Handed Batter,Disciplined All-Rounder,CH / FF / SI,Changeup,Four-Seam Fastball,Sinker,-0.0396
Logan Webb,Right-Handed Batter,Free-Swinging Slugger,CH / SI / ST,Changeup,Sinker,Sweeper,-0.0111
Logan Webb,Right-Handed Batter,Complete Power Hitter,CH / FF / SI,Changeup,Four-Seam Fastball,Sinker,-0.0118
Logan Webb,Right-Handed Batter,Contact-Over-Power Hitter,CH / FF / SI,Changeup,Four-Seam Fastball,Sinker,-0.0224
Caleb Ferguson,Left-Handed Batter,Pure Slap Hitter,FC / FF / SI,Cutter,Four-Seam Fastball,Sinker,-0.0029
Caleb Ferguson,Left-Handed Batter,All-or-Nothing Power Hitter,FC / FF / SI,Cutter,Four-Seam Fastball,Sinker,-0.0026
Caleb Ferguson,Left-Handed Batter,Disciplined All-Rounder,FC / FF / SI,Cutter,Four-Seam Fastball,Sinker,-0.0008
Caleb Ferguson,Left-Handed Batter,Free-Swinging Slugger,FC / FF / SI,Cutter,Four-Seam Fastball,Sinker,-0.0168
Caleb Ferguson,Left-Handed Batter,Complete Power Hitter,FC / FF / SI,Cutter,Four-Seam Fastball,Sinker,0.0161
Caleb Ferguson,Left-Handed Batter,Contact-Over-Power Hitter,FC / FF / SI,Cutter,Four-Seam Fastball,Sinker,0.0042
Caleb Ferguson,Right-Handed Batter,Pure Slap Hitter,FC / FF / SI,Cutter,Four-Seam Fastball,Sinker,-0.0195
Caleb Ferguson,Right-Handed Batter,All-or-Nothing Power Hitter,FC / FF / SI,Cutter,Four-Seam Fastball,Sinker,0.0208
Caleb Ferguson,Right-Handed Batter,Disciplined All-Rounder,FC / FF / SI,Cutter,Four-Seam Fastball,Sinker,-0.0162
Caleb Ferguson,Right-Handed Batter,Free-Swinging Slugger,FC / FF / SI,Cutter,Four-Seam Fastball,Sinker,-0.0138
Caleb Ferguson,Right-Handed Batter,Complete Power Hitter,FC / FF / SI,Cutter,Four-Seam Fastball,Sinker,-0.0039
Caleb Ferguson,Right-Handed Batter,Contact-Over-Power Hitter,FC / FF / SI,Cutter,Four-Seam Fastball,Sinker,-0.0039
Joe Ryan,Left-Handed Batter,Pure Slap Hitter,FF / FS / SI,Four-Seam Fastball,Splitter,Sinker,-0.0209
Joe Ryan,Left-Handed Batter,All-or-Nothing Power Hitter,FF / SI / SL,Four-Seam Fastball,Sinker,Slider,-0.0397
Joe Ryan,Left-Handed Batter,Disciplined All-Rounder,SI / SL / ST,Sinker,Slider,Sweeper,-0.0024
Joe Ryan,Left-Handed Batter,Free-Swinging Slugger,KC / SI / SL,Knuckle Curve,Sinker,Slider,-0.0071
Joe Ryan,Left-Handed Batter,Complete Power Hitter,FS / SL / ST,Splitter,Slider,Sweeper,-0.0098
Joe Ryan,Left-Handed Batter,Contact-Over-Power Hitter,SI / SL / ST,Sinker,Slider,Sweeper,-0.0082
Joe Ryan,Right-Handed Batter,Pure Slap Hitter,FS / SI / SL,Splitter,Sinker,Slider,-0.0236
Joe Ryan,Right-Handed Batter,All-or-Nothing Power Hitter,FS / KC / SL,Splitter,Knuckle Curve,Slider,0.001
Joe Ryan,Right-Handed Batter,Disciplined All-Rounder,FS / KC / ST,Splitter,Knuckle Curve,Sweeper,-0.0077
Joe Ryan,Right-Handed Batter,Free-Swinging Slugger,FS / SL / ST,Splitter,Slider,Sweeper,-0.0256
Joe Ryan,Right-Handed Batter,Complete Power Hitter,FS / KC / SI,Splitter,Knuckle Curve,Sinker,-0.0052
Joe Ryan,Right-Handed Batter,Contact-Over-Power Hitter,FS / KC / ST,Splitter,Knuckle Curve,Sweeper,-0.0251
Shohei Ohtani,Left-Handed Batter,Pure Slap Hitter,FF / FS / ST,Four-Seam Fastball,Splitter,Sweeper,-0.0186
Shohei Ohtani,Left-Handed Batter,All-or-Nothing Power Hitter,CU / FS / ST,Curveball,Splitter,Sweeper,0.0115
Shohei Ohtani,Left-Handed Batter,Disciplined All-Rounder,FF / FS / ST,Four-Seam Fastball,Splitter,Sweeper,-0.0149
Shohei Ohtani,Left-Handed Batter,Free-Swinging Slugger,CU / FS / ST,Curveball,Splitter,Sweeper,0.0105
Shohei Ohtani,Left-Handed Batter,Complete Power Hitter,FF / FS / ST,Four-Seam Fastball,Splitter,Sweeper,-0.0038
Shohei Ohtani,Left-Handed Batter,Contact-Over-Power Hitter,CU / FF / ST,Curveball,Four-Seam Fastball,Sweeper,-0.0252
Shohei Ohtani,Right-Handed Batter,Pure Slap Hitter,CU / FS / ST,Curveball,Splitter,Sweeper,-0.0401
Shohei Ohtani,Right-Handed Batter,All-or-Nothing Power Hitter,CU / FF / FS,Curveball,Four-Seam Fastball,Splitter,-0.0187
Shohei Ohtani,Right-Handed Batter,Disciplined All-Rounder,FF / FS / ST,Four-Seam Fastball,Splitter,Sweeper,-0.004
Shohei Ohtani,Right-Handed Batter,Free-Swinging Slugger,CU / FS / ST,Curveball,Splitter,Sweeper,-0.0129
Shohei Ohtani,Right-Handed Batter,Complete Power Hitter,FF / FS / ST,Four-Seam Fastball,Splitter,Sweeper,-0.026
Shohei Ohtani,Right-Handed Batter,Contact-Over-Power Hitter,FF / FS / ST,Four-Seam Fastball,Splitter,Sweeper,-0.0293
José Suarez,Left-Handed Batter,Pure Slap Hitter,CH / FF / SL,Changeup,Four-Seam Fastball,Slider,0.0048
José Suarez,Left-Handed Batter,All-or-Nothing Power Hitter,CH / FF / SL,Changeup,Four-Seam Fastball,Slider,-0.0163
José Suarez,Left-Handed Batter,Disciplined All-Rounder,CH / FF / SL,Changeup,Four-Seam Fastball,Slider,0.0062
José Suarez,Left-Handed Batter,Free-Swinging Slugger,CH / FF / SL,Changeup,Four-Seam Fastball,Slider,-0.0161
José Suarez,Left-Handed Batter,Complete Power Hitter,CH / FF / SL,Changeup,Four-Seam Fastball,Slider,0.0095
José Suarez,Left-Handed Batter,Contact-Over-Power Hitter,CH / FF / SL,Changeup,Four-Seam Fastball,Slider,-0.0066
José Suarez,Right-Handed Batter,Pure Slap Hitter,CH / FF / SL,Changeup,Four-Seam Fastball,Slider,0.0013
José Suarez,Right-Handed Batter,All-or-Nothing Power Hitter,CH / FF / SL,Changeup,Four-Seam Fastball,Slider,0.0013
José Suarez,Right-Handed Batter,Disciplined All-Rounder,CH / FF / SL,Changeup,Four-Seam Fastball,Slider,0.0033
José Suarez,Right-Handed Batter,Free-Swinging Slugger,CH / FF / SL,Changeup,Four-Seam Fastball,Slider,0.0163
José Suarez,Right-Handed Batter,Complete Power Hitter,CH / FF / SL,Changeup,Four-Seam Fastball,Slider,-0.0094
José Suarez,Right-Handed Batter,Contact-Over-Power Hitter,CH / FF / SL,Changeup,Four-Seam Fastball,Slider,-0.0033
Enyel De Los Santos,Left-Handed Batter,Pure Slap Hitter,CH / FF / SL,Changeup,Four-Seam Fastball,Slider,-0.0195
Enyel De Los Santos,Left-Handed Batter,All-or-Nothing Power Hitter,CH / FF / SL,Changeup,Four-Seam Fastball,Slider,-0.0004
Enyel De Los Santos,Left-Handed Batter,Disciplined All-Rounder,CH / FF / SL,Changeup,Four-Seam Fastball,Slider,-0.0097
Enyel De Los Santos,Left-Handed Batter,Free-Swinging Slugger,CH / FF / SL,Changeup,Four-Seam Fastball,Slider,0.0013
Enyel De Los Santos,Left-Handed Batter,Complete Power Hitter,CH / FF / SL,Changeup,Four-Seam Fastball,Slider,-0.0197
Enyel De Los Santos,Left-Handed Batter,Contact-Over-Power Hitter,CH / FF / SL,Changeup,Four-Seam Fastball,Slider,-0.0096
Enyel De Los Santos,Right-Handed Batter,Pure Slap Hitter,CH / FF / SL,Changeup,Four-Seam Fastball,Slider,-0.0031
Enyel De Los Santos,Right-Handed Batter,All-or-Nothing Power Hitter,CH / FF / SL,Changeup,Four-Seam Fastball,Slider,0.0362
Enyel De Los Santos,Right-Handed Batter,Disciplined All-Rounder,CH / FF / SL,Changeup,Four-Seam Fastball,Slider,-0.0028
Enyel De Los Santos,Right-Handed Batter,Free-Swinging Slugger,CH / FF / SL,Changeup,Four-Seam Fastball,Slider,-0.0079
Enyel De Los Santos,Right-Handed Batter,Complete Power Hitter,CH / FF / SL,Changeup,Four-Seam Fastball,Slider,0.0005
Enyel De Los Santos,Right-Handed Batter,Contact-Over-Power Hitter,CH / FF / SL,Changeup,Four-Seam Fastball,Slider,-0.0069
Matt Waldron,Left-Handed Batter,Pure Slap Hitter,FC / FF / KN,Cutter,Four-Seam Fastball,,0.0287
Matt Waldron,Left-Handed Batter,All-or-Nothing Power Hitter,FC / FF / KN,Cutter,Four-Seam Fastball,,0.0166
Matt Waldron,Left-Handed Batter,Disciplined All-Rounder,FC / FF / KN,Cutter,Four-Seam Fastball,,0.0064
Matt Waldron,Left-Handed Batter,Free-Swinging Slugger,FC / FF / KN,Cutter,Four-Seam Fastball,,0.0166
Matt Waldron,Left-Handed Batter,Complete Power Hitter,FC / FF / KN,Cutter,Four-Seam Fastball,,0.0013
Matt Waldron,Left-Handed Batter,Contact-Over-Power Hitter,FC / FF / KN,Cutter,Four-Seam Fastball,,0.0141
Matt Waldron,Right-Handed Batter,Pure Slap Hitter,FC / FF / KN,Cutter,Four-Seam Fastball,,0.0797
Matt Waldron,Right-Handed Batter,All-or-Nothing Power Hitter,FC / FF / KN,Cutter,Four-Seam Fastball,,0.0123
Matt Waldron,Right-Handed Batter,Disciplined All-Rounder,FC / FF / KN,Cutter,Four-Seam Fastball,,0.0075
Matt Waldron,Right-Handed Batter,Free-Swinging Slugger,FC / FF / KN,Cutter,Four-Seam Fastball,,0.0119
Matt Waldron,Right-Handed Batter,Complete Power Hitter,FC / FF / KN,Cutter,Four-Seam Fastball,,-0.0027
Matt Waldron,Right-Handed Batter,Contact-Over-Power Hitter,FC / FF / KN,Cutter,Four-Seam Fastball,,0.0053
Ryan Feltner,Left-Handed Batter,Pure Slap Hitter,CH / FF / ST,Changeup,Four-Seam Fastball,Sweeper,-0.0199
Ryan Feltner,Left-Handed Batter,All-or-Nothing Power Hitter,CH / SL / ST,Changeup,Slider,Sweeper,-0.0119
Ryan Feltner,Left-Handed Batter,Disciplined All-Rounder,CH / SI / ST,Changeup,Sinker,Sweeper,-0.0178
Ryan Feltner,Left-Handed Batter,Free-Swinging Slugger,FF / SI / ST,Four-Seam Fastball,Sinker,Sweeper,-0.0286
Ryan Feltner,Left-Handed Batter,Complete Power Hitter,CH / SI / ST,Changeup,Sinker,Sweeper,0.0016
Ryan Feltner,Left-Handed Batter,Contact-Over-Power Hitter,FF / SL / ST,Four-Seam Fastball,Slider,Sweeper,-0.0153
Ryan Feltner,Right-Handed Batter,Pure Slap Hitter,CH / CU / SL,Changeup,Curveball,Slider,-0.0181
Ryan Feltner,Right-Handed Batter,All-or-Nothing Power Hitter,CU / SL / ST,Curveball,Slider,Sweeper,-0.0123
Ryan Feltner,Right-Handed Batter,Disciplined All-Rounder,CH / SI / ST,Changeup,Sinker,Sweeper,-0.0116
Ryan Feltner,Right-Handed Batter,Free-Swinging Slugger,CH / CU / SI,Changeup,Curveball,Sinker,-0.0276
Ryan Feltner,Right-Handed Batter,Complete Power Hitter,CH / CU / SI,Changeup,Curveball,Sinker,0.008
Ryan Feltner,Right-Handed Batter,Contact-Over-Power Hitter,CH / CU / SI,Changeup,Curveball,Sinker,-0.0207
Davis Martin,Left-Handed Batter,Pure Slap Hitter,CH / SI / SL,Changeup,Sinker,Slider,-0.0033
Davis Martin,Left-Handed Batter,All-or-Nothing Power Hitter,CH / CU / SL,Changeup,Curveball,Slider,-0.0109
Davis Martin,Left-Handed Batter,Disciplined All-Rounder,CH / FC / SI,Changeup,Cutter,Sinker,-0.0059
Davis Martin,Left-Handed Batter,Free-Swinging Slugger,CH / CU / FF,Changeup,Curveball,Four-Seam Fastball,-0.0105
Davis Martin,Left-Handed Batter,Complete Power Hitter,FC / FF / SL,Cutter,Four-Seam Fastball,Slider,-0.0259
Davis Martin,Left-Handed Batter,Contact-Over-Power Hitter,FC / SI / SL,Cutter,Sinker,Slider,-0.0172
Davis Martin,Right-Handed Batter,Pure Slap Hitter,CH / FC / SL,Changeup,Cutter,Slider,-0.0096
Davis Martin,Right-Handed Batter,All-or-Nothing Power Hitter,CH / CU / SI,Changeup,Curveball,Sinker,-0.022
Davis Martin,Right-Handed Batter,Disciplined All-Rounder,CU / FC / SI,Curveball,Cutter,Sinker,-0.0002
Davis Martin,Right-Handed Batter,Free-Swinging Slugger,CH / CU / FC,Changeup,Curveball,Cutter,-0.0143
Davis Martin,Right-Handed Batter,Complete Power Hitter,CU / FC / SI,Curveball,Cutter,Sinker,-0.0059
Davis Martin,Right-Handed Batter,Contact-Over-Power Hitter,FC / SI / SL,Cutter,Sinker,Slider,-0.0203
Kris Bubic,Left-Handed Batter,Pure Slap Hitter,CH / FF / SI,Changeup,Four-Seam Fastball,Sinker,-0.005
Kris Bubic,Left-Handed Batter,All-or-Nothing Power Hitter,CH / FF / SI,Changeup,Four-Seam Fastball,Sinker,-0.0061
Kris Bubic,Left-Handed Batter,Disciplined All-Rounder,CH / FF / ST,Changeup,Four-Seam Fastball,Sweeper,-0.0183
Kris Bubic,Left-Handed Batter,Free-Swinging Slugger,CH / SI / ST,Changeup,Sinker,Sweeper,-0.0101
Kris Bubic,Left-Handed Batter,Complete Power Hitter,CH / FF / SI,Changeup,Four-Seam Fastball,Sinker,0.0017
Kris Bubic,Left-Handed Batter,Contact-Over-Power Hitter,CH / FF / SI,Changeup,Four-Seam Fastball,Sinker,-0.0082
Kris Bubic,Right-Handed Batter,Pure Slap Hitter,CH / FF / SI,Changeup,Four-Seam Fastball,Sinker,-0.0148
Kris Bubic,Right-Handed Batter,All-or-Nothing Power Hitter,CH / SI / ST,Changeup,Sinker,Sweeper,-0.016
Kris Bubic,Right-Handed Batter,Disciplined All-Rounder,CH / SI / ST,Changeup,Sinker,Sweeper,-0.0143
Kris Bubic,Right-Handed Batter,Free-Swinging Slugger,CH / FF / SI,Changeup,Four-Seam Fastball,Sinker,-0.0107
Kris Bubic,Right-Handed Batter,Complete Power Hitter,CH / FF / SI,Changeup,Four-Seam Fastball,Sinker,0.0058
Kris Bubic,Right-Handed Batter,Contact-Over-Power Hitter,CH / SI / ST,Changeup,Sinker,Sweeper,-0.0009
Casey Mize,Left-Handed Batter,Pure Slap Hitter,FF / FS / SI,Four-Seam Fastball,Splitter,Sinker,-0.0163
Casey Mize,Left-Handed Batter,All-or-Nothing Power Hitter,FS / SI / SL,Splitter,Sinker,Slider,-0.0165
Casey Mize,Left-Handed Batter,Disciplined All-Rounder,FF / SI / SL,Four-Seam Fastball,Sinker,Slider,-0.0086
Casey Mize,Left-Handed Batter,Free-Swinging Slugger,FF / FS / SI,Four-Seam Fastball,Splitter,Sinker,-0.0103
Casey Mize,Left-Handed Batter,Complete Power Hitter,FF / FS / SI,Four-Seam Fastball,Splitter,Sinker,-0.0128
Casey Mize,Left-Handed Batter,Contact-Over-Power Hitter,FF / SI / SL,Four-Seam Fastball,Sinker,Slider,-0.0353
Casey Mize,Right-Handed Batter,Pure Slap Hitter,FS / SI / SL,Splitter,Sinker,Slider,-0.0019
Casey Mize,Right-Handed Batter,All-or-Nothing Power Hitter,FF / FS / SL,Four-Seam Fastball,Splitter,Slider,-0.0081
Casey Mize,Right-Handed Batter,Disciplined All-Rounder,FS / SI / SL,Splitter,Sinker,Slider,-0.011
Casey Mize,Right-Handed Batter,Free-Swinging Slugger,FF / FS / SI,Four-Seam Fastball,Splitter,Sinker,-0.0068
Casey Mize,Right-Handed Batter,Complete Power Hitter,FS / SI / SL,Splitter,Sinker,Slider,0.0117
Casey Mize,Right-Handed Batter,Contact-Over-Power Hitter,FF / FS / SI,Four-Seam Fastball,Splitter,Sinker,-0.0144
Shane Mcclanahan,Left-Handed Batter,Pure Slap Hitter,CH / CU / SL,Changeup,Curveball,Slider,-0.0124
Shane Mcclanahan,Left-Handed Batter,All-or-Nothing Power Hitter,CH / CU / SL,Changeup,Curveball,Slider,-0.0216
Shane Mcclanahan,Left-Handed Batter,Disciplined All-Rounder,CH / CU / SL,Changeup,Curveball,Slider,-0.0043
Shane Mcclanahan,Left-Handed Batter,Free-Swinging Slugger,CH / FF / SL,Changeup,Four-Seam Fastball,Slider,-0.0145
Shane Mcclanahan,Left-Handed Batter,Complete Power Hitter,CH / CU / FF,Changeup,Curveball,Four-Seam Fastball,-0.0034
Shane Mcclanahan,Left-Handed Batter,Contact-Over-Power Hitter,CH / CU / FF,Changeup,Curveball,Four-Seam Fastball,-0.0168
Shane Mcclanahan,Right-Handed Batter,Pure Slap Hitter,CH / CU / SL,Changeup,Curveball,Slider,0.0072
Shane Mcclanahan,Right-Handed Batter,All-or-Nothing Power Hitter,CH / CU / SL,Changeup,Curveball,Slider,-0.0117
Shane Mcclanahan,Right-Handed Batter,Disciplined All-Rounder,CU / FF / SL,Curveball,Four-Seam Fastball,Slider,-0.0207
Shane Mcclanahan,Right-Handed Batter,Free-Swinging Slugger,CH / CU / SL,Changeup,Curveball,Slider,-0.0134
Shane Mcclanahan,Right-Handed Batter,Complete Power Hitter,CH / CU / SL,Changeup,Curveball,Slider,-0.0115
Shane Mcclanahan,Right-Handed Batter,Contact-Over-Power Hitter,CH / CU / FF,Changeup,Curveball,Four-Seam Fastball,-0.0109
Peter Lambert,Left-Handed Batter,Pure Slap Hitter,CH / SI / ST,Changeup,Sinker,Sweeper,-0.0134
Peter Lambert,Left-Handed Batter,All-or-Nothing Power Hitter,CH / FC / SI,Changeup,Cutter,Sinker,-0.0208
Peter Lambert,Left-Handed Batter,Disciplined All-Rounder,FF / SI / ST,Four-Seam Fastball,Sinker,Sweeper,-0.0271
Peter Lambert,Left-Handed Batter,Free-Swinging Slugger,SI / SL / ST,Sinker,Slider,Sweeper,-0.0134
Peter Lambert,Left-Handed Batter,Complete Power Hitter,SI / SL / ST,Sinker,Slider,Sweeper,-0.0061
Peter Lambert,Left-Handed Batter,Contact-Over-Power Hitter,SI / SL / ST,Sinker,Slider,Sweeper,-0.0258
Peter Lambert,Right-Handed Batter,Pure Slap Hitter,CH / FC / SI,Changeup,Cutter,Sinker,-0.029
Peter Lambert,Right-Handed Batter,All-or-Nothing Power Hitter,FC / FF / ST,Cutter,Four-Seam Fastball,Sweeper,-0.0026
Peter Lambert,Right-Handed Batter,Disciplined All-Rounder,FF / SL / ST,Four-Seam Fastball,Slider,Sweeper,-0.0156
Peter Lambert,Right-Handed Batter,Free-Swinging Slugger,CH / FC / SL,Changeup,Cutter,Slider,-0.0094
Peter Lambert,Right-Handed Batter,Complete Power Hitter,SI / SL / ST,Sinker,Slider,Sweeper,-0.0046
Peter Lambert,Right-Handed Batter,Contact-Over-Power Hitter,CH / SI / SL,Changeup,Sinker,Slider,-0.0085
Stephen Kolek,Left-Handed Batter,Pure Slap Hitter,CH / SI / SL,Changeup,Sinker,Slider,-0.0126
Stephen Kolek,Left-Handed Batter,All-or-Nothing Power Hitter,FC / SI / SL,Cutter,Sinker,Slider,-0.0103
Stephen Kolek,Left-Handed Batter,Disciplined All-Rounder,CH / FC / SL,Changeup,Cutter,Slider,-0.0021
Stephen Kolek,Left-Handed Batter,Free-Swinging Slugger,FF / SI / SL,Four-Seam Fastball,Sinker,Slider,-0.0142
Stephen Kolek,Left-Handed Batter,Complete Power Hitter,FC / FF / SL,Cutter,Four-Seam Fastball,Slider,-0.0084
Stephen Kolek,Left-Handed Batter,Contact-Over-Power Hitter,CH / FC / SL,Changeup,Cutter,Slider,-0.0046
Stephen Kolek,Right-Handed Batter,Pure Slap Hitter,CH / FF / SI,Changeup,Four-Seam Fastball,Sinker,-0.0055
Stephen Kolek,Right-Handed Batter,All-or-Nothing Power Hitter,CH / FC / FF,Changeup,Cutter,Four-Seam Fastball,-0.0136
Stephen Kolek,Right-Handed Batter,Disciplined All-Rounder,CH / FC / FF,Changeup,Cutter,Four-Seam Fastball,-0.001
Stephen Kolek,Right-Handed Batter,Free-Swinging Slugger,CH / FC / SL,Changeup,Cutter,Slider,-0.0214
Stephen Kolek,Right-Handed Batter,Complete Power Hitter,CH / SI / SL,Changeup,Sinker,Slider,-0.0138
Stephen Kolek,Right-Handed Batter,Contact-Over-Power Hitter,CH / FC / FF,Changeup,Cutter,Four-Seam Fastball,-0.0088
Jake Irvin,Left-Handed Batter,Pure Slap Hitter,FC / SI / ST,Cutter,Sinker,Sweeper,-0.023
Jake Irvin,Left-Handed Batter,All-or-Nothing Power Hitter,CU / SI / ST,Curveball,Sinker,Sweeper,-0.0187
Jake Irvin,Left-Handed Batter,Disciplined All-Rounder,FC / FF / ST,Cutter,Four-Seam Fastball,Sweeper,-0.0034
Jake Irvin,Left-Handed Batter,Free-Swinging Slugger,CU / FF / ST,Curveball,Four-Seam Fastball,Sweeper,-0.011
Jake Irvin,Left-Handed Batter,Complete Power Hitter,CU / FC / ST,Curveball,Cutter,Sweeper,-0.0071
Jake Irvin,Left-Handed Batter,Contact-Over-Power Hitter,FF / SI / ST,Four-Seam Fastball,Sinker,Sweeper,-0.0224
Jake Irvin,Right-Handed Batter,Pure Slap Hitter,FC / FF / SI,Cutter,Four-Seam Fastball,Sinker,-0.0199
Jake Irvin,Right-Handed Batter,All-or-Nothing Power Hitter,FC / SI / ST,Cutter,Sinker,Sweeper,-0.0188
Jake Irvin,Right-Handed Batter,Disciplined All-Rounder,CU / FC / ST,Curveball,Cutter,Sweeper,0.0149
Jake Irvin,Right-Handed Batter,Free-Swinging Slugger,CU / SI / ST,Curveball,Sinker,Sweeper,-0.0213
Jake Irvin,Right-Handed Batter,Complete Power Hitter,CU / FC / FF,Curveball,Cutter,Four-Seam Fastball,0.0075
Jake Irvin,Right-Handed Batter,Contact-Over-Power Hitter,FC / FF / SI,Cutter,Four-Seam Fastball,Sinker,-0.0075
Daniel Lynch,Left-Handed Batter,Pure Slap Hitter,CH / FF / SI,Changeup,Four-Seam Fastball,Sinker,-0.0343
Daniel Lynch,Left-Handed Batter,All-or-Nothing Power Hitter,CH / FF / SL,Changeup,Four-Seam Fastball,Slider,-0.014
Daniel Lynch,Left-Handed Batter,Disciplined All-Rounder,CH / FF / SI,Changeup,Four-Seam Fastball,Sinker,-0.0324
Daniel Lynch,Left-Handed Batter,Free-Swinging Slugger,CH / FF / SL,Changeup,Four-Seam Fastball,Slider,-0.0238
Daniel Lynch,Left-Handed Batter,Complete Power Hitter,CH / FF / SL,Changeup,Four-Seam Fastball,Slider,-0.021
Daniel Lynch,Left-Handed Batter,Contact-Over-Power Hitter,CH / FF / SI,Changeup,Four-Seam Fastball,Sinker,-0.0102
Daniel Lynch,Right-Handed Batter,Pure Slap Hitter,CH / SI / SL,Changeup,Sinker,Slider,-0.0199
Daniel Lynch,Right-Handed Batter,All-or-Nothing Power Hitter,CH / SI / SL,Changeup,Sinker,Slider,-0.0107
Daniel Lynch,Right-Handed Batter,Disciplined All-Rounder,CH / SI / SL,Changeup,Sinker,Slider,-0.0108
Daniel Lynch,Right-Handed Batter,Free-Swinging Slugger,CH / SI / SL,Changeup,Sinker,Slider,-0.008
Daniel Lynch,Right-Handed Batter,Complete Power Hitter,CH / SI / SL,Changeup,Sinker,Slider,-0.0035
Daniel Lynch,Right-Handed Batter,Contact-Over-Power Hitter,FF / SI / SL,Four-Seam Fastball,Sinker,Slider,-0.0089
Chase Shugart,Left-Handed Batter,Pure Slap Hitter,FC / SI / ST,Cutter,Sinker,Sweeper,0.0089
Chase Shugart,Left-Handed Batter,All-or-Nothing Power Hitter,FC / SI / ST,Cutter,Sinker,Sweeper,-0.0147
Chase Shugart,Left-Handed Batter,Disciplined All-Rounder,FC / SI / ST,Cutter,Sinker,Sweeper,-0.002
Chase Shugart,Left-Handed Batter,Free-Swinging Slugger,FC / SI / ST,Cutter,Sinker,Sweeper,0.0013
Chase Shugart,Left-Handed Batter,Complete Power Hitter,FC / SI / ST,Cutter,Sinker,Sweeper,0.0152
Chase Shugart,Left-Handed Batter,Contact-Over-Power Hitter,FC / SI / ST,Cutter,Sinker,Sweeper,-0.009
Chase Shugart,Right-Handed Batter,Pure Slap Hitter,FC / SI / ST,Cutter,Sinker,Sweeper,-0.0115
Chase Shugart,Right-Handed Batter,All-or-Nothing Power Hitter,FC / SI / ST,Cutter,Sinker,Sweeper,0.0114
Chase Shugart,Right-Handed Batter,Disciplined All-Rounder,FC / SI / ST,Cutter,Sinker,Sweeper,0.0068
Chase Shugart,Right-Handed Batter,Free-Swinging Slugger,FC / SI / ST,Cutter,Sinker,Sweeper,-0.0151
Chase Shugart,Right-Handed Batter,Complete Power Hitter,FC / SI / ST,Cutter,Sinker,Sweeper,0.0119
Chase Shugart,Right-Handed Batter,Contact-Over-Power Hitter,FC / SI / ST,Cutter,Sinker,Sweeper,-0.0216
Patrick Sandoval,Left-Handed Batter,Pure Slap Hitter,CH / FF / SL,Changeup,Four-Seam Fastball,Slider,0.0136
Patrick Sandoval,Left-Handed Batter,All-or-Nothing Power Hitter,CH / FF / SL,Changeup,Four-Seam Fastball,Slider,-0.0036
Patrick Sandoval,Left-Handed Batter,Disciplined All-Rounder,CH / FF / SL,Changeup,Four-Seam Fastball,Slider,-0.0025
Patrick Sandoval,Left-Handed Batter,Free-Swinging Slugger,CH / FF / SL,Changeup,Four-Seam Fastball,Slider,0.0365
Patrick Sandoval,Left-Handed Batter,Complete Power Hitter,CH / FF / SL,Changeup,Four-Seam Fastball,Slider,0.0064
Patrick Sandoval,Left-Handed Batter,Contact-Over-Power Hitter,CH / FF / SL,Changeup,Four-Seam Fastball,Slider,-0.0093
Patrick Sandoval,Right-Handed Batter,Pure Slap Hitter,CH / FF / SL,Changeup,Four-Seam Fastball,Slider,0.0026
Patrick Sandoval,Right-Handed Batter,All-or-Nothing Power Hitter,CH / FF / SL,Changeup,Four-Seam Fastball,Slider,0.003
Patrick Sandoval,Right-Handed Batter,Disciplined All-Rounder,CH / FF / SL,Changeup,Four-Seam Fastball,Slider,0.0086
Patrick Sandoval,Right-Handed Batter,Free-Swinging Slugger,CH / FF / SL,Changeup,Four-Seam Fastball,Slider,-0.0063
Patrick Sandoval,Right-Handed Batter,Complete Power Hitter,CH / FF / SL,Changeup,Four-Seam Fastball,Slider,-0.0064
Patrick Sandoval,Right-Handed Batter,Contact-Over-Power Hitter,CH / FF / SL,Changeup,Four-Seam Fastball,Slider,0.0127
Brady Singer,Left-Handed Batter,Pure Slap Hitter,FC / SL / ST,Cutter,Slider,Sweeper,0.0102
Brady Singer,Left-Handed Batter,All-or-Nothing Power Hitter,FC / SI / ST,Cutter,Sinker,Sweeper,-0.0016
Brady Singer,Left-Handed Batter,Disciplined All-Rounder,FC / SI / SL,Cutter,Sinker,Slider,0.0122
Brady Singer,Left-Handed Batter,Free-Swinging Slugger,FC / SI / ST,Cutter,Sinker,Sweeper,-0.0117
Brady Singer,Left-Handed Batter,Complete Power Hitter,FC / SL / ST,Cutter,Slider,Sweeper,-0.0124
Brady Singer,Left-Handed Batter,Contact-Over-Power Hitter,FC / SL / ST,Cutter,Slider,Sweeper,-0.0134
Brady Singer,Right-Handed Batter,Pure Slap Hitter,FC / SI / ST,Cutter,Sinker,Sweeper,-0.0378
Brady Singer,Right-Handed Batter,All-or-Nothing Power Hitter,FC / SI / SL,Cutter,Sinker,Slider,0.016
Brady Singer,Right-Handed Batter,Disciplined All-Rounder,SI / SL / ST,Sinker,Slider,Sweeper,-0.0181
Brady Singer,Right-Handed Batter,Free-Swinging Slugger,FC / SL / ST,Cutter,Slider,Sweeper,0.0014
Brady Singer,Right-Handed Batter,Complete Power Hitter,FC / SL / ST,Cutter,Slider,Sweeper,-0.0139
Brady Singer,Right-Handed Batter,Contact-Over-Power Hitter,FC / SI / ST,Cutter,Sinker,Sweeper,-0.0129
Tyler Holton,Left-Handed Batter,Pure Slap Hitter,CH / FC / FF,Changeup,Cutter,Four-Seam Fastball,-0.016
Tyler Holton,Left-Handed Batter,All-or-Nothing Power Hitter,CH / FF / ST,Changeup,Four-Seam Fastball,Sweeper,-0.0117
Tyler Holton,Left-Handed Batter,Disciplined All-Rounder,CH / FF / SI,Changeup,Four-Seam Fastball,Sinker,-0.0091
Tyler Holton,Left-Handed Batter,Free-Swinging Slugger,CH / FC / FF,Changeup,Cutter,Four-Seam Fastball,-0.016
Tyler Holton,Left-Handed Batter,Complete Power Hitter,CH / FC / SI,Changeup,Cutter,Sinker,-0.016
Tyler Holton,Left-Handed Batter,Contact-Over-Power Hitter,CH / FF / ST,Changeup,Four-Seam Fastball,Sweeper,-0.0054
Tyler Holton,Right-Handed Batter,Pure Slap Hitter,FC / SI / ST,Cutter,Sinker,Sweeper,-0.0173
Tyler Holton,Right-Handed Batter,All-or-Nothing Power Hitter,CH / SI / ST,Changeup,Sinker,Sweeper,-0.0113
Tyler Holton,Right-Handed Batter,Disciplined All-Rounder,CH / SI / ST,Changeup,Sinker,Sweeper,-0.0053
Tyler Holton,Right-Handed Batter,Free-Swinging Slugger,FF / SI / ST,Four-Seam Fastball,Sinker,Sweeper,-0.011
Tyler Holton,Right-Handed Batter,Complete Power Hitter,FC / SI / ST,Cutter,Sinker,Sweeper,-0.005
Tyler Holton,Right-Handed Batter,Contact-Over-Power Hitter,FC / SI / ST,Cutter,Sinker,Sweeper,-0.0168
Tyler Phillips,Left-Handed Batter,Pure Slap Hitter,FF / SI / ST,Four-Seam Fastball,Sinker,Sweeper,-0.0103
Tyler Phillips,Left-Handed Batter,All-or-Nothing Power Hitter,CU / FS / ST,Curveball,Splitter,Sweeper,-0.0039
Tyler Phillips,Left-Handed Batter,Disciplined All-Rounder,CU / FF / FS,Curveball,Four-Seam Fastball,Splitter,-0.0084
Tyler Phillips,Left-Handed Batter,Free-Swinging Slugger,FF / SI / ST,Four-Seam Fastball,Sinker,Sweeper,-0.0235
Tyler Phillips,Left-Handed Batter,Complete Power Hitter,FF / FS / ST,Four-Seam Fastball,Splitter,Sweeper,-0.0163
Tyler Phillips,Left-Handed Batter,Contact-Over-Power Hitter,CU / FF / ST,Curveball,Four-Seam Fastball,Sweeper,-0.0109
Tyler Phillips,Right-Handed Batter,Pure Slap Hitter,CU / FF / SI,Curveball,Four-Seam Fastball,Sinker,-0.0276
Tyler Phillips,Right-Handed Batter,All-or-Nothing Power Hitter,CU / SI / ST,Curveball,Sinker,Sweeper,-0.0178
Tyler Phillips,Right-Handed Batter,Disciplined All-Rounder,CU / FF / FS,Curveball,Four-Seam Fastball,Splitter,-0.01
Tyler Phillips,Right-Handed Batter,Free-Swinging Slugger,FF / FS / ST,Four-Seam Fastball,Splitter,Sweeper,-0.0098
Tyler Phillips,Right-Handed Batter,Complete Power Hitter,CU / FS / ST,Curveball,Splitter,Sweeper,-0.0076
Tyler Phillips,Right-Handed Batter,Contact-Over-Power Hitter,CU / SI / ST,Curveball,Sinker,Sweeper,0.0012
Chris Paddack,Left-Handed Batter,Pure Slap Hitter,CU / FC / FF,Curveball,Cutter,Four-Seam Fastball,0.0046
Chris Paddack,Left-Handed Batter,All-or-Nothing Power Hitter,CH / CU / FC,Changeup,Curveball,Cutter,-0.0065
Chris Paddack,Left-Handed Batter,Disciplined All-Rounder,CH / CU / FF,Changeup,Curveball,Four-Seam Fastball,0.0127
Chris Paddack,Left-Handed Batter,Free-Swinging Slugger,CH / CU / FF,Changeup,Curveball,Four-Seam Fastball,-0.0254
Chris Paddack,Left-Handed Batter,Complete Power Hitter,CU / FC / FF,Curveball,Cutter,Four-Seam Fastball,0.0154
Chris Paddack,Left-Handed Batter,Contact-Over-Power Hitter,CH / CU / FF,Changeup,Curveball,Four-Seam Fastball,-0.0097
Chris Paddack,Right-Handed Batter,Pure Slap Hitter,CH / CU / FF,Changeup,Curveball,Four-Seam Fastball,-0.0038
Chris Paddack,Right-Handed Batter,All-or-Nothing Power Hitter,CU / FC / FF,Curveball,Cutter,Four-Seam Fastball,-0.0042
Chris Paddack,Right-Handed Batter,Disciplined All-Rounder,CU / FC / FF,Curveball,Cutter,Four-Seam Fastball,-0.015
Chris Paddack,Right-Handed Batter,Free-Swinging Slugger,CH / CU / FC,Changeup,Curveball,Cutter,-0.0178
Chris Paddack,Right-Handed Batter,Complete Power Hitter,CU / FC / FF,Curveball,Cutter,Four-Seam Fastball,0.0021
Chris Paddack,Right-Handed Batter,Contact-Over-Power Hitter,CU / FC / FF,Curveball,Cutter,Four-Seam Fastball,-0.0118
Richard Lovelady,Left-Handed Batter,Pure Slap Hitter,FF / SI / ST,Four-Seam Fastball,Sinker,Sweeper,0.0055
Richard Lovelady,Left-Handed Batter,All-or-Nothing Power Hitter,FF / SI / ST,Four-Seam Fastball,Sinker,Sweeper,0.0043
Richard Lovelady,Left-Handed Batter,Disciplined All-Rounder,FF / SI / ST,Four-Seam Fastball,Sinker,Sweeper,0.0116
Richard Lovelady,Left-Handed Batter,Free-Swinging Slugger,FF / SI / ST,Four-Seam Fastball,Sinker,Sweeper,-0.0171
Richard Lovelady,Left-Handed Batter,Complete Power Hitter,FF / SI / ST,Four-Seam Fastball,Sinker,Sweeper,0.0032
Richard Lovelady,Left-Handed Batter,Contact-Over-Power Hitter,FF / SI / ST,Four-Seam Fastball,Sinker,Sweeper,-0.0095
Richard Lovelady,Right-Handed Batter,Pure Slap Hitter,FF / SI / ST,Four-Seam Fastball,Sinker,Sweeper,0.008
Richard Lovelady,Right-Handed Batter,All-or-Nothing Power Hitter,FF / SI / ST,Four-Seam Fastball,Sinker,Sweeper,0.0049
Richard Lovelady,Right-Handed Batter,Disciplined All-Rounder,FF / SI / ST,Four-Seam Fastball,Sinker,Sweeper,-0.0012
Richard Lovelady,Right-Handed Batter,Free-Swinging Slugger,FF / SI / ST,Four-Seam Fastball,Sinker,Sweeper,0.0083
Richard Lovelady,Right-Handed Batter,Complete Power Hitter,FF / SI / ST,Four-Seam Fastball,Sinker,Sweeper,0.0105
Richard Lovelady,Right-Handed Batter,Contact-Over-Power Hitter,FF / SI / ST,Four-Seam Fastball,Sinker,Sweeper,-0.0177
Pete Fairbanks,Left-Handed Batter,Pure Slap Hitter,FC / FF / SL,Cutter,Four-Seam Fastball,Slider,-0.0061
Pete Fairbanks,Left-Handed Batter,All-or-Nothing Power Hitter,FC / FF / SL,Cutter,Four-Seam Fastball,Slider,0.0131
Pete Fairbanks,Left-Handed Batter,Disciplined All-Rounder,FC / FF / SL,Cutter,Four-Seam Fastball,Slider,0.0121
Pete Fairbanks,Left-Handed Batter,Free-Swinging Slugger,FC / FF / SL,Cutter,Four-Seam Fastball,Slider,-0.0131
Pete Fairbanks,Left-Handed Batter,Complete Power Hitter,FC / FF / SL,Cutter,Four-Seam Fastball,Slider,0.0676
Pete Fairbanks,Left-Handed Batter,Contact-Over-Power Hitter,FC / FF / SL,Cutter,Four-Seam Fastball,Slider,-0.01
Pete Fairbanks,Right-Handed Batter,Pure Slap Hitter,FC / FF / SL,Cutter,Four-Seam Fastball,Slider,0.0015
Pete Fairbanks,Right-Handed Batter,All-or-Nothing Power Hitter,FC / FF / SL,Cutter,Four-Seam Fastball,Slider,0.0042
Pete Fairbanks,Right-Handed Batter,Disciplined All-Rounder,FC / FF / SL,Cutter,Four-Seam Fastball,Slider,0.0035
Pete Fairbanks,Right-Handed Batter,Free-Swinging Slugger,FC / FF / SL,Cutter,Four-Seam Fastball,Slider,-0.0242
Pete Fairbanks,Right-Handed Batter,Complete Power Hitter,FC / FF / SL,Cutter,Four-Seam Fastball,Slider,0.0058
Pete Fairbanks,Right-Handed Batter,Contact-Over-Power Hitter,FC / FF / SL,Cutter,Four-Seam Fastball,Slider,-0.0137
Jt Brubaker,Left-Handed Batter,Pure Slap Hitter,CH / SI / SL,Changeup,Sinker,Slider,-0.0161
Jt Brubaker,Left-Handed Batter,All-or-Nothing Power Hitter,CH / SI / SL,Changeup,Sinker,Slider,0.0046
Jt Brubaker,Left-Handed Batter,Disciplined All-Rounder,CH / SI / SL,Changeup,Sinker,Slider,0.0043
Jt Brubaker,Left-Handed Batter,Free-Swinging Slugger,CH / SI / SL,Changeup,Sinker,Slider,-0.0251
Jt Brubaker,Left-Handed Batter,Complete Power Hitter,CH / SI / SL,Changeup,Sinker,Slider,-0.017
Jt Brubaker,Left-Handed Batter,Contact-Over-Power Hitter,CH / SI / SL,Changeup,Sinker,Slider,-0.0202
Jt Brubaker,Right-Handed Batter,Pure Slap Hitter,CH / SI / SL,Changeup,Sinker,Slider,-0.0221
Jt Brubaker,Right-Handed Batter,All-or-Nothing Power Hitter,CH / SI / SL,Changeup,Sinker,Slider,0.0035
Jt Brubaker,Right-Handed Batter,Disciplined All-Rounder,CH / SI / SL,Changeup,Sinker,Slider,0.0214
Jt Brubaker,Right-Handed Batter,Free-Swinging Slugger,CH / SI / SL,Changeup,Sinker,Slider,-0.0073
Jt Brubaker,Right-Handed Batter,Complete Power Hitter,CH / SI / SL,Changeup,Sinker,Slider,0.0184
Jt Brubaker,Right-Handed Batter,Contact-Over-Power Hitter,CH / SI / SL,Changeup,Sinker,Slider,-0.0088
Taylor Clarke,Left-Handed Batter,Pure Slap Hitter,CH / SI / SL,Changeup,Sinker,Slider,-0.018
Taylor Clarke,Left-Handed Batter,All-or-Nothing Power Hitter,CH / FC / SI,Changeup,Cutter,Sinker,0.0014
Taylor Clarke,Left-Handed Batter,Disciplined All-Rounder,CH / SI / SL,Changeup,Sinker,Slider,-0.0116
Taylor Clarke,Left-Handed Batter,Free-Swinging Slugger,CH / SI / SL,Changeup,Sinker,Slider,-0.0238
Taylor Clarke,Left-Handed Batter,Complete Power Hitter,CH / SI / SL,Changeup,Sinker,Slider,-0.0166
Taylor Clarke,Left-Handed Batter,Contact-Over-Power Hitter,CH / SI / SL,Changeup,Sinker,Slider,-0.0194
Taylor Clarke,Right-Handed Batter,Pure Slap Hitter,FC / SI / SL,Cutter,Sinker,Slider,-0.016
Taylor Clarke,Right-Handed Batter,All-or-Nothing Power Hitter,CH / FC / SL,Changeup,Cutter,Slider,-0.0228
Taylor Clarke,Right-Handed Batter,Disciplined All-Rounder,FC / SI / SL,Cutter,Sinker,Slider,-0.0072
Taylor Clarke,Right-Handed Batter,Free-Swinging Slugger,CH / FC / SL,Changeup,Cutter,Slider,-0.0363
Taylor Clarke,Right-Handed Batter,Complete Power Hitter,FC / SI / SL,Cutter,Sinker,Slider,-0.0116
Taylor Clarke,Right-Handed Batter,Contact-Over-Power Hitter,CH / SI / SL,Changeup,Sinker,Slider,-0.0199
Phil Maton,Left-Handed Batter,Pure Slap Hitter,CU / FC / SI,Curveball,Cutter,Sinker,-0.0109
Phil Maton,Left-Handed Batter,All-or-Nothing Power Hitter,CU / FC / SI,Curveball,Cutter,Sinker,-0.0031
Phil Maton,Left-Handed Batter,Disciplined All-Rounder,CU / FC / SI,Curveball,Cutter,Sinker,-0.0006
Phil Maton,Left-Handed Batter,Free-Swinging Slugger,CU / FC / SI,Curveball,Cutter,Sinker,-0.0036
Phil Maton,Left-Handed Batter,Complete Power Hitter,CU / FC / SI,Curveball,Cutter,Sinker,0.0263
Phil Maton,Left-Handed Batter,Contact-Over-Power Hitter,CU / FC / SI,Curveball,Cutter,Sinker,0.0057
Phil Maton,Right-Handed Batter,Pure Slap Hitter,CU / FC / SI,Curveball,Cutter,Sinker,0.0197
Phil Maton,Right-Handed Batter,All-or-Nothing Power Hitter,CU / FC / SI,Curveball,Cutter,Sinker,0.0101
Phil Maton,Right-Handed Batter,Disciplined All-Rounder,CU / FC / SI,Curveball,Cutter,Sinker,0.0049
Phil Maton,Right-Handed Batter,Free-Swinging Slugger,CU / FC / SI,Curveball,Cutter,Sinker,-0.0091
Phil Maton,Right-Handed Batter,Complete Power Hitter,CU / FC / SI,Curveball,Cutter,Sinker,0.0039
Phil Maton,Right-Handed Batter,Contact-Over-Power Hitter,CU / FC / SI,Curveball,Cutter,Sinker,-0.0078
Framber Valdez,Left-Handed Batter,Pure Slap Hitter,CH / CU / SL,Changeup,Curveball,Slider,0.0085
Framber Valdez,Left-Handed Batter,All-or-Nothing Power Hitter,CH / SI / SL,Changeup,Sinker,Slider,0.0012
Framber Valdez,Left-Handed Batter,Disciplined All-Rounder,CH / SI / SL,Changeup,Sinker,Slider,-0.0126
Framber Valdez,Left-Handed Batter,Free-Swinging Slugger,CH / CU / SI,Changeup,Curveball,Sinker,-0.0154
Framber Valdez,Left-Handed Batter,Complete Power Hitter,CH / SI / SL,Changeup,Sinker,Slider,-0.0047
Framber Valdez,Left-Handed Batter,Contact-Over-Power Hitter,CH / CU / SL,Changeup,Curveball,Slider,-0.0075
Framber Valdez,Right-Handed Batter,Pure Slap Hitter,CH / SI / SL,Changeup,Sinker,Slider,-0.001
Framber Valdez,Right-Handed Batter,All-or-Nothing Power Hitter,CH / CU / SL,Changeup,Curveball,Slider,-0.0065
Framber Valdez,Right-Handed Batter,Disciplined All-Rounder,CU / SI / SL,Curveball,Sinker,Slider,-0.0013
Framber Valdez,Right-Handed Batter,Free-Swinging Slugger,CH / SI / SL,Changeup,Sinker,Slider,-0.0051
Framber Valdez,Right-Handed Batter,Complete Power Hitter,CU / SI / SL,Curveball,Sinker,Slider,-0.0139
Framber Valdez,Right-Handed Batter,Contact-Over-Power Hitter,CU / SI / SL,Curveball,Sinker,Slider,-0.0024
Dean Kremer,Left-Handed Batter,Pure Slap Hitter,FC / FF / FS,Cutter,Four-Seam Fastball,Splitter,-0.0165
Dean Kremer,Left-Handed Batter,All-or-Nothing Power Hitter,CU / FC / SI,Curveball,Cutter,Sinker,-0.0016
Dean Kremer,Left-Handed Batter,Disciplined All-Rounder,FC / FS / SI,Cutter,Splitter,Sinker,0.0063
Dean Kremer,Left-Handed Batter,Free-Swinging Slugger,FC / FF / SI,Cutter,Four-Seam Fastball,Sinker,-0.0157
Dean Kremer,Left-Handed Batter,Complete Power Hitter,FC / FF / SI,Cutter,Four-Seam Fastball,Sinker,-0.0015
Dean Kremer,Left-Handed Batter,Contact-Over-Power Hitter,CU / FS / SI,Curveball,Splitter,Sinker,-0.0027
Dean Kremer,Right-Handed Batter,Pure Slap Hitter,CU / FF / SI,Curveball,Four-Seam Fastball,Sinker,-0.0063
Dean Kremer,Right-Handed Batter,All-or-Nothing Power Hitter,CU / FC / FS,Curveball,Cutter,Splitter,-0.0221
Dean Kremer,Right-Handed Batter,Disciplined All-Rounder,CU / FF / FS,Curveball,Four-Seam Fastball,Splitter,-0.0082
Dean Kremer,Right-Handed Batter,Free-Swinging Slugger,CU / FC / FS,Curveball,Cutter,Splitter,-0.0114
Dean Kremer,Right-Handed Batter,Complete Power Hitter,FF / FS / SI,Four-Seam Fastball,Splitter,Sinker,-0.0177
Dean Kremer,Right-Handed Batter,Contact-Over-Power Hitter,FC / FS / SI,Cutter,Splitter,Sinker,-0.0152
Luis Medina,Left-Handed Batter,Pure Slap Hitter,CH / CU / SL,Changeup,Curveball,Slider,-0.0035
Luis Medina,Left-Handed Batter,All-or-Nothing Power Hitter,CH / FF / SL,Changeup,Four-Seam Fastball,Slider,-0.0121
Luis Medina,Left-Handed Batter,Disciplined All-Rounder,CH / SI / SL,Changeup,Sinker,Slider,0.0054
Luis Medina,Left-Handed Batter,Free-Swinging Slugger,CH / SI / SL,Changeup,Sinker,Slider,-0.0158
Luis Medina,Left-Handed Batter,Complete Power Hitter,CU / FF / SL,Curveball,Four-Seam Fastball,Slider,0.0029
Luis Medina,Left-Handed Batter,Contact-Over-Power Hitter,CH / SI / SL,Changeup,Sinker,Slider,-0.0129
Luis Medina,Right-Handed Batter,Pure Slap Hitter,CH / SI / SL,Changeup,Sinker,Slider,-0.011
Luis Medina,Right-Handed Batter,All-or-Nothing Power Hitter,CH / FF / SL,Changeup,Four-Seam Fastball,Slider,-0.0066
Luis Medina,Right-Handed Batter,Disciplined All-Rounder,CH / CU / SL,Changeup,Curveball,Slider,-0.012
Luis Medina,Right-Handed Batter,Free-Swinging Slugger,CH / CU / FF,Changeup,Curveball,Four-Seam Fastball,-0.0123
Luis Medina,Right-Handed Batter,Complete Power Hitter,CH / SI / SL,Changeup,Sinker,Slider,-0.001
Luis Medina,Right-Handed Batter,Contact-Over-Power Hitter,CH / SI / SL,Changeup,Sinker,Slider,-0.0231
Edward Cabrera,Left-Handed Batter,Pure Slap Hitter,CU / SI / SL,Curveball,Sinker,Slider,0.0031
Edward Cabrera,Left-Handed Batter,All-or-Nothing Power Hitter,CU / FF / SL,Curveball,Four-Seam Fastball,Slider,0.0014
Edward Cabrera,Left-Handed Batter,Disciplined All-Rounder,CH / SI / SL,Changeup,Sinker,Slider,-0.0222
Edward Cabrera,Left-Handed Batter,Free-Swinging Slugger,FF / SI / SL,Four-Seam Fastball,Sinker,Slider,-0.0104
Edward Cabrera,Left-Handed Batter,Complete Power Hitter,CU / FF / SL,Curveball,Four-Seam Fastball,Slider,-0.0025
Edward Cabrera,Left-Handed Batter,Contact-Over-Power Hitter,CH / FF / SI,Changeup,Four-Seam Fastball,Sinker,-0.0143
Edward Cabrera,Right-Handed Batter,Pure Slap Hitter,CH / CU / SI,Changeup,Curveball,Sinker,-0.0024
Edward Cabrera,Right-Handed Batter,All-or-Nothing Power Hitter,CH / FF / SI,Changeup,Four-Seam Fastball,Sinker,-0.0119
Edward Cabrera,Right-Handed Batter,Disciplined All-Rounder,CH / CU / SL,Changeup,Curveball,Slider,0.0097
Edward Cabrera,Right-Handed Batter,Free-Swinging Slugger,CU / SI / SL,Curveball,Sinker,Slider,-0.0203
Edward Cabrera,Right-Handed Batter,Complete Power Hitter,CU / FF / SI,Curveball,Four-Seam Fastball,Sinker,-0.0067
Edward Cabrera,Right-Handed Batter,Contact-Over-Power Hitter,CH / FF / SI,Changeup,Four-Seam Fastball,Sinker,-0.0128
Javier Assad,Left-Handed Batter,Pure Slap Hitter,FC / FF / SI,Cutter,Four-Seam Fastball,Sinker,-0.0223
Javier Assad,Left-Handed Batter,All-or-Nothing Power Hitter,FC / FF / SI,Cutter,Four-Seam Fastball,Sinker,0.0387
Javier Assad,Left-Handed Batter,Disciplined All-Rounder,FC / FF / SI,Cutter,Four-Seam Fastball,Sinker,0.0058
Javier Assad,Left-Handed Batter,Free-Swinging Slugger,FC / FF / SI,Cutter,Four-Seam Fastball,Sinker,0.0028
Javier Assad,Left-Handed Batter,Complete Power Hitter,FC / FF / SI,Cutter,Four-Seam Fastball,Sinker,0.0029
Javier Assad,Left-Handed Batter,Contact-Over-Power Hitter,FC / FF / SI,Cutter,Four-Seam Fastball,Sinker,-0.0248
Javier Assad,Right-Handed Batter,Pure Slap Hitter,FC / FF / SI,Cutter,Four-Seam Fastball,Sinker,-0.0257
Javier Assad,Right-Handed Batter,All-or-Nothing Power Hitter,FC / FF / SI,Cutter,Four-Seam Fastball,Sinker,0.0225
Javier Assad,Right-Handed Batter,Disciplined All-Rounder,FC / FF / SI,Cutter,Four-Seam Fastball,Sinker,-0.0248
Javier Assad,Right-Handed Batter,Free-Swinging Slugger,FC / FF / SI,Cutter,Four-Seam Fastball,Sinker,-0.0198
Javier Assad,Right-Handed Batter,Complete Power Hitter,FC / FF / SI,Cutter,Four-Seam Fastball,Sinker,-0.0097
Javier Assad,Right-Handed Batter,Contact-Over-Power Hitter,FC / FF / SI,Cutter,Four-Seam Fastball,Sinker,-0.0115
Nick Lodolo,Left-Handed Batter,Pure Slap Hitter,CH / CU / FF,Changeup,Curveball,Four-Seam Fastball,0.0005
Nick Lodolo,Left-Handed Batter,All-or-Nothing Power Hitter,CH / FF / SI,Changeup,Four-Seam Fastball,Sinker,-0.0142
Nick Lodolo,Left-Handed Batter,Disciplined All-Rounder,CH / FF / SI,Changeup,Four-Seam Fastball,Sinker,-0.0028
Nick Lodolo,Left-Handed Batter,Free-Swinging Slugger,CH / CU / FF,Changeup,Curveball,Four-Seam Fastball,-0.0121
Nick Lodolo,Left-Handed Batter,Complete Power Hitter,CH / FF / SI,Changeup,Four-Seam Fastball,Sinker,0.0101
Nick Lodolo,Left-Handed Batter,Contact-Over-Power Hitter,CH / FF / SI,Changeup,Four-Seam Fastball,Sinker,-0.0011
Nick Lodolo,Right-Handed Batter,Pure Slap Hitter,CH / CU / SI,Changeup,Curveball,Sinker,-0.0059
Nick Lodolo,Right-Handed Batter,All-or-Nothing Power Hitter,CH / CU / FF,Changeup,Curveball,Four-Seam Fastball,-0.0096
Nick Lodolo,Right-Handed Batter,Disciplined All-Rounder,CU / FF / SI,Curveball,Four-Seam Fastball,Sinker,0.0141
Nick Lodolo,Right-Handed Batter,Free-Swinging Slugger,CH / CU / FF,Changeup,Curveball,Four-Seam Fastball,-0.0137
Nick Lodolo,Right-Handed Batter,Complete Power Hitter,CH / CU / FF,Changeup,Curveball,Four-Seam Fastball,0.01
Nick Lodolo,Right-Handed Batter,Contact-Over-Power Hitter,CU / FF / SI,Curveball,Four-Seam Fastball,Sinker,-0.0078
Ryan Zeferjahn,Left-Handed Batter,Pure Slap Hitter,FF / SI / ST,Four-Seam Fastball,Sinker,Sweeper,-0.0079
Ryan Zeferjahn,Left-Handed Batter,All-or-Nothing Power Hitter,FF / SL / ST,Four-Seam Fastball,Slider,Sweeper,-0.0059
Ryan Zeferjahn,Left-Handed Batter,Disciplined All-Rounder,FF / SI / SL,Four-Seam Fastball,Sinker,Slider,-0.0087
Ryan Zeferjahn,Left-Handed Batter,Free-Swinging Slugger,FF / SI / SL,Four-Seam Fastball,Sinker,Slider,-0.0147
Ryan Zeferjahn,Left-Handed Batter,Complete Power Hitter,FF / SI / SL,Four-Seam Fastball,Sinker,Slider,0.0113
Ryan Zeferjahn,Left-Handed Batter,Contact-Over-Power Hitter,SI / SL / ST,Sinker,Slider,Sweeper,-0.0119
Ryan Zeferjahn,Right-Handed Batter,Pure Slap Hitter,FF / SI / SL,Four-Seam Fastball,Sinker,Slider,-0.0
Ryan Zeferjahn,Right-Handed Batter,All-or-Nothing Power Hitter,FF / SI / ST,Four-Seam Fastball,Sinker,Sweeper,-0.0045
Ryan Zeferjahn,Right-Handed Batter,Disciplined All-Rounder,FF / SI / ST,Four-Seam Fastball,Sinker,Sweeper,-0.0163
Ryan Zeferjahn,Right-Handed Batter,Free-Swinging Slugger,FF / SL / ST,Four-Seam Fastball,Slider,Sweeper,-0.0135
Ryan Zeferjahn,Right-Handed Batter,Complete Power Hitter,FF / SI / ST,Four-Seam Fastball,Sinker,Sweeper,-0.0145
Ryan Zeferjahn,Right-Handed Batter,Contact-Over-Power Hitter,SI / SL / ST,Sinker,Slider,Sweeper,-0.0194
Jesús Luzardo,Left-Handed Batter,Pure Slap Hitter,CH / FF / ST,Changeup,Four-Seam Fastball,Sweeper,-0.0166
Jesús Luzardo,Left-Handed Batter,All-or-Nothing Power Hitter,CH / SI / ST,Changeup,Sinker,Sweeper,-0.0199
Jesús Luzardo,Left-Handed Batter,Disciplined All-Rounder,CH / SI / ST,Changeup,Sinker,Sweeper,-0.0271
Jesús Luzardo,Left-Handed Batter,Free-Swinging Slugger,CH / FF / SI,Changeup,Four-Seam Fastball,Sinker,-0.0219
Jesús Luzardo,Left-Handed Batter,Complete Power Hitter,CH / FF / SI,Changeup,Four-Seam Fastball,Sinker,-0.0146
Jesús Luzardo,Left-Handed Batter,Contact-Over-Power Hitter,CH / FF / ST,Changeup,Four-Seam Fastball,Sweeper,-0.0276
Jesús Luzardo,Right-Handed Batter,Pure Slap Hitter,CH / SI / ST,Changeup,Sinker,Sweeper,0.0015
Jesús Luzardo,Right-Handed Batter,All-or-Nothing Power Hitter,FF / SI / ST,Four-Seam Fastball,Sinker,Sweeper,-0.0201
Jesús Luzardo,Right-Handed Batter,Disciplined All-Rounder,CH / SI / ST,Changeup,Sinker,Sweeper,-0.0146
Jesús Luzardo,Right-Handed Batter,Free-Swinging Slugger,FF / SI / ST,Four-Seam Fastball,Sinker,Sweeper,-0.004
Jesús Luzardo,Right-Handed Batter,Complete Power Hitter,FF / SI / ST,Four-Seam Fastball,Sinker,Sweeper,0.0044
Jesús Luzardo,Right-Handed Batter,Contact-Over-Power Hitter,CH / FF / ST,Changeup,Four-Seam Fastball,Sweeper,-0.0139
George Soriano,Left-Handed Batter,Pure Slap Hitter,CH / FF / SL,Changeup,Four-Seam Fastball,Slider,0.0095
George Soriano,Left-Handed Batter,All-or-Nothing Power Hitter,CH / FF / SL,Changeup,Four-Seam Fastball,Slider,-0.0278
George Soriano,Left-Handed Batter,Disciplined All-Rounder,CH / FF / SL,Changeup,Four-Seam Fastball,Slider,0.0018
George Soriano,Left-Handed Batter,Free-Swinging Slugger,CH / FF / SL,Changeup,Four-Seam Fastball,Slider,-0.0085
George Soriano,Left-Handed Batter,Complete Power Hitter,CH / FF / SL,Changeup,Four-Seam Fastball,Slider,-0.0011
George Soriano,Left-Handed Batter,Contact-Over-Power Hitter,CH / FF / SL,Changeup,Four-Seam Fastball,Slider,-0.0221
George Soriano,Right-Handed Batter,Pure Slap Hitter,CH / FF / SL,Changeup,Four-Seam Fastball,Slider,0.0014
George Soriano,Right-Handed Batter,All-or-Nothing Power Hitter,CH / FF / SL,Changeup,Four-Seam Fastball,Slider,0.0096
George Soriano,Right-Handed Batter,Disciplined All-Rounder,CH / FF / SL,Changeup,Four-Seam Fastball,Slider,-0.0135
George Soriano,Right-Handed Batter,Free-Swinging Slugger,CH / FF / SL,Changeup,Four-Seam Fastball,Slider,-0.0148
George Soriano,Right-Handed Batter,Complete Power Hitter,CH / FF / SL,Changeup,Four-Seam Fastball,Slider,0.0116
George Soriano,Right-Handed Batter,Contact-Over-Power Hitter,CH / FF / SL,Changeup,Four-Seam Fastball,Slider,0.0012
Juan Morillo,Left-Handed Batter,Pure Slap Hitter,FF / SI / SL,Four-Seam Fastball,Sinker,Slider,-0.0052
Juan Morillo,Left-Handed Batter,All-or-Nothing Power Hitter,FF / SI / SL,Four-Seam Fastball,Sinker,Slider,-0.0202
Juan Morillo,Left-Handed Batter,Disciplined All-Rounder,CH / FF / SI,Changeup,Four-Seam Fastball,Sinker,-0.0218
Juan Morillo,Left-Handed Batter,Free-Swinging Slugger,CH / SI / SL,Changeup,Sinker,Slider,-0.0181
Juan Morillo,Left-Handed Batter,Complete Power Hitter,CH / FF / SL,Changeup,Four-Seam Fastball,Slider,-0.0096
Juan Morillo,Left-Handed Batter,Contact-Over-Power Hitter,FF / SI / SL,Four-Seam Fastball,Sinker,Slider,-0.0084
Juan Morillo,Right-Handed Batter,Pure Slap Hitter,FF / SI / SL,Four-Seam Fastball,Sinker,Slider,-0.0162
Juan Morillo,Right-Handed Batter,All-or-Nothing Power Hitter,CH / FF / SI,Changeup,Four-Seam Fastball,Sinker,-0.0066
Juan Morillo,Right-Handed Batter,Disciplined All-Rounder,CH / FF / SI,Changeup,Four-Seam Fastball,Sinker,-0.0117
Juan Morillo,Right-Handed Batter,Free-Swinging Slugger,CH / FF / SL,Changeup,Four-Seam Fastball,Slider,-0.0126
Juan Morillo,Right-Handed Batter,Complete Power Hitter,CH / SI / SL,Changeup,Sinker,Slider,0.0027
Juan Morillo,Right-Handed Batter,Contact-Over-Power Hitter,CH / FF / SI,Changeup,Four-Seam Fastball,Sinker,-0.0077
Camilo Doval,Left-Handed Batter,Pure Slap Hitter,FC / SI / SL,Cutter,Sinker,Slider,0.0106
Camilo Doval,Left-Handed Batter,All-or-Nothing Power Hitter,FC / SI / SL,Cutter,Sinker,Slider,0.0009
Camilo Doval,Left-Handed Batter,Disciplined All-Rounder,FC / SI / SL,Cutter,Sinker,Slider,0.0145
Camilo Doval,Left-Handed Batter,Free-Swinging Slugger,FC / SI / SL,Cutter,Sinker,Slider,0.0095
Camilo Doval,Left-Handed Batter,Complete Power Hitter,FC / SI / SL,Cutter,Sinker,Slider,0.0076
Camilo Doval,Left-Handed Batter,Contact-Over-Power Hitter,FC / SI / SL,Cutter,Sinker,Slider,0.0098
Camilo Doval,Right-Handed Batter,Pure Slap Hitter,FC / SI / SL,Cutter,Sinker,Slider,0.0033
Camilo Doval,Right-Handed Batter,All-or-Nothing Power Hitter,FC / SI / SL,Cutter,Sinker,Slider,-0.0087
Camilo Doval,Right-Handed Batter,Disciplined All-Rounder,FC / SI / SL,Cutter,Sinker,Slider,-0.0102
Camilo Doval,Right-Handed Batter,Free-Swinging Slugger,FC / SI / SL,Cutter,Sinker,Slider,-0.0062
Camilo Doval,Right-Handed Batter,Complete Power Hitter,FC / SI / SL,Cutter,Sinker,Slider,-0.0017
Camilo Doval,Right-Handed Batter,Contact-Over-Power Hitter,FC / SI / SL,Cutter,Sinker,Slider,-0.0069
Tommy Nance,Left-Handed Batter,Pure Slap Hitter,CU / SI / SL,Curveball,Sinker,Slider,0.0131
Tommy Nance,Left-Handed Batter,All-or-Nothing Power Hitter,CU / SI / SL,Curveball,Sinker,Slider,0.0278
Tommy Nance,Left-Handed Batter,Disciplined All-Rounder,CU / SI / SL,Curveball,Sinker,Slider,0.0048
Tommy Nance,Left-Handed Batter,Free-Swinging Slugger,CU / SI / SL,Curveball,Sinker,Slider,-0.0014
Tommy Nance,Left-Handed Batter,Complete Power Hitter,CU / SI / SL,Curveball,Sinker,Slider,-0.0053
Tommy Nance,Left-Handed Batter,Contact-Over-Power Hitter,CU / SI / SL,Curveball,Sinker,Slider,0.0024
Tommy Nance,Right-Handed Batter,Pure Slap Hitter,CU / SI / SL,Curveball,Sinker,Slider,-0.0244
Tommy Nance,Right-Handed Batter,All-or-Nothing Power Hitter,CU / SI / SL,Curveball,Sinker,Slider,-0.0199
Tommy Nance,Right-Handed Batter,Disciplined All-Rounder,CU / SI / SL,Curveball,Sinker,Slider,0.0042
Tommy Nance,Right-Handed Batter,Free-Swinging Slugger,CU / SI / SL,Curveball,Sinker,Slider,-0.0181
Tommy Nance,Right-Handed Batter,Complete Power Hitter,CU / SI / SL,Curveball,Sinker,Slider,0.0123
Tommy Nance,Right-Handed Batter,Contact-Over-Power Hitter,CU / SI / SL,Curveball,Sinker,Slider,-0.0194
John King,Left-Handed Batter,Pure Slap Hitter,CH / SI / SL,Changeup,Sinker,Slider,-0.0217
John King,Left-Handed Batter,All-or-Nothing Power Hitter,CH / SI / SL,Changeup,Sinker,Slider,0.0139
John King,Left-Handed Batter,Disciplined All-Rounder,CH / SI / SL,Changeup,Sinker,Slider,0.0016
John King,Left-Handed Batter,Free-Swinging Slugger,CH / SI / SL,Changeup,Sinker,Slider,-0.0138
John King,Left-Handed Batter,Complete Power Hitter,CH / SI / SL,Changeup,Sinker,Slider,-0.0103
John King,Left-Handed Batter,Contact-Over-Power Hitter,CH / SI / SL,Changeup,Sinker,Slider,0.0038
John King,Right-Handed Batter,Pure Slap Hitter,CH / SI / SL,Changeup,Sinker,Slider,-0.0082
John King,Right-Handed Batter,All-or-Nothing Power Hitter,CH / SI / SL,Changeup,Sinker,Slider,-0.0062
John King,Right-Handed Batter,Disciplined All-Rounder,CH / SI / SL,Changeup,Sinker,Slider,-0.0002
John King,Right-Handed Batter,Free-Swinging Slugger,CH / SI / SL,Changeup,Sinker,Slider,-0.0126
John King,Right-Handed Batter,Complete Power Hitter,CH / SI / SL,Changeup,Sinker,Slider,0.0149
John King,Right-Handed Batter,Contact-Over-Power Hitter,CH / SI / SL,Changeup,Sinker,Slider,-0.0129
José Soriano,Left-Handed Batter,Pure Slap Hitter,FF / FS / SL,Four-Seam Fastball,Splitter,Slider,-0.0237
José Soriano,Left-Handed Batter,All-or-Nothing Power Hitter,FS / KC / SL,Splitter,Knuckle Curve,Slider,-0.0038
José Soriano,Left-Handed Batter,Disciplined All-Rounder,FS / KC / SL,Splitter,Knuckle Curve,Slider,-0.013
José Soriano,Left-Handed Batter,Free-Swinging Slugger,FS / KC / SL,Splitter,Knuckle Curve,Slider,-0.0171
José Soriano,Left-Handed Batter,Complete Power Hitter,KC / SI / SL,Knuckle Curve,Sinker,Slider,-0.016
José Soriano,Left-Handed Batter,Contact-Over-Power Hitter,FF / KC / SL,Four-Seam Fastball,Knuckle Curve,Slider,-0.018
José Soriano,Right-Handed Batter,Pure Slap Hitter,FF / KC / SL,Four-Seam Fastball,Knuckle Curve,Slider,-0.0145
José Soriano,Right-Handed Batter,All-or-Nothing Power Hitter,FF / FS / SL,Four-Seam Fastball,Splitter,Slider,-0.0071
José Soriano,Right-Handed Batter,Disciplined All-Rounder,FF / FS / SI,Four-Seam Fastball,Splitter,Sinker,-0.0245
José Soriano,Right-Handed Batter,Free-Swinging Slugger,KC / SI / SL,Knuckle Curve,Sinker,Slider,-0.0278
José Soriano,Right-Handed Batter,Complete Power Hitter,FS / SI / SL,Splitter,Sinker,Slider,-0.0094
José Soriano,Right-Handed Batter,Contact-Over-Power Hitter,FF / FS / SI,Four-Seam Fastball,Splitter,Sinker,-0.0211
Cole Winn,Left-Handed Batter,Pure Slap Hitter,FC / FF / SL,Cutter,Four-Seam Fastball,Slider,0.0206
Cole Winn,Left-Handed Batter,All-or-Nothing Power Hitter,FC / FF / SL,Cutter,Four-Seam Fastball,Slider,-0.0083
Cole Winn,Left-Handed Batter,Disciplined All-Rounder,FC / FF / SL,Cutter,Four-Seam Fastball,Slider,0.0113
Cole Winn,Left-Handed Batter,Free-Swinging Slugger,FC / FF / SL,Cutter,Four-Seam Fastball,Slider,-0.0126
Cole Winn,Left-Handed Batter,Complete Power Hitter,FC / FF / SL,Cutter,Four-Seam Fastball,Slider,0.0044
Cole Winn,Left-Handed Batter,Contact-Over-Power Hitter,FC / FF / SL,Cutter,Four-Seam Fastball,Slider,-0.0147
Cole Winn,Right-Handed Batter,Pure Slap Hitter,FC / FF / SL,Cutter,Four-Seam Fastball,Slider,-0.0036
Cole Winn,Right-Handed Batter,All-or-Nothing Power Hitter,FC / FF / SL,Cutter,Four-Seam Fastball,Slider,0.0032
Cole Winn,Right-Handed Batter,Disciplined All-Rounder,FC / FF / SL,Cutter,Four-Seam Fastball,Slider,0.004
Cole Winn,Right-Handed Batter,Free-Swinging Slugger,FC / FF / SL,Cutter,Four-Seam Fastball,Slider,-0.0371
Cole Winn,Right-Handed Batter,Complete Power Hitter,FC / FF / SL,Cutter,Four-Seam Fastball,Slider,0.0112
Cole Winn,Right-Handed Batter,Contact-Over-Power Hitter,FC / FF / SL,Cutter,Four-Seam Fastball,Slider,0.0052
Lucas Erceg,Left-Handed Batter,Pure Slap Hitter,CH / SI / SL,Changeup,Sinker,Slider,0.0015
Lucas Erceg,Left-Handed Batter,All-or-Nothing Power Hitter,FF / SI / SL,Four-Seam Fastball,Sinker,Slider,0.0017
Lucas Erceg,Left-Handed Batter,Disciplined All-Rounder,CH / FF / SL,Changeup,Four-Seam Fastball,Slider,-0.0019
Lucas Erceg,Left-Handed Batter,Free-Swinging Slugger,FF / SI / SL,Four-Seam Fastball,Sinker,Slider,-0.0137
Lucas Erceg,Left-Handed Batter,Complete Power Hitter,FF / SI / SL,Four-Seam Fastball,Sinker,Slider,0.0177
Lucas Erceg,Left-Handed Batter,Contact-Over-Power Hitter,FF / SI / SL,Four-Seam Fastball,Sinker,Slider,-0.0226
Lucas Erceg,Right-Handed Batter,Pure Slap Hitter,CH / SI / SL,Changeup,Sinker,Slider,-0.0139
Lucas Erceg,Right-Handed Batter,All-or-Nothing Power Hitter,CH / FF / SL,Changeup,Four-Seam Fastball,Slider,-0.0051
Lucas Erceg,Right-Handed Batter,Disciplined All-Rounder,CH / FF / SI,Changeup,Four-Seam Fastball,Sinker,-0.0056
Lucas Erceg,Right-Handed Batter,Free-Swinging Slugger,CH / FF / SL,Changeup,Four-Seam Fastball,Slider,-0.0058
Lucas Erceg,Right-Handed Batter,Complete Power Hitter,CH / FF / SI,Changeup,Four-Seam Fastball,Sinker,0.0005
Lucas Erceg,Right-Handed Batter,Contact-Over-Power Hitter,CH / FF / SI,Changeup,Four-Seam Fastball,Sinker,-0.0118
Zac Gallen,Left-Handed Batter,Pure Slap Hitter,CH / KC / SL,Changeup,Knuckle Curve,Slider,-0.0071
Zac Gallen,Left-Handed Batter,All-or-Nothing Power Hitter,CH / KC / SL,Changeup,Knuckle Curve,Slider,0.0044
Zac Gallen,Left-Handed Batter,Disciplined All-Rounder,CH / KC / SL,Changeup,Knuckle Curve,Slider,0.0178
Zac Gallen,Left-Handed Batter,Free-Swinging Slugger,CH / KC / SL,Changeup,Knuckle Curve,Slider,-0.0174
Zac Gallen,Left-Handed Batter,Complete Power Hitter,CH / FF / SL,Changeup,Four-Seam Fastball,Slider,-0.0
Zac Gallen,Left-Handed Batter,Contact-Over-Power Hitter,CH / KC / SL,Changeup,Knuckle Curve,Slider,-0.0113
Zac Gallen,Right-Handed Batter,Pure Slap Hitter,CH / FF / KC,Changeup,Four-Seam Fastball,Knuckle Curve,-0.002
Zac Gallen,Right-Handed Batter,All-or-Nothing Power Hitter,CH / KC / SL,Changeup,Knuckle Curve,Slider,-0.0004
Zac Gallen,Right-Handed Batter,Disciplined All-Rounder,CH / FF / SL,Changeup,Four-Seam Fastball,Slider,-0.0011
Zac Gallen,Right-Handed Batter,Free-Swinging Slugger,CH / FF / KC,Changeup,Four-Seam Fastball,Knuckle Curve,0.0123
Zac Gallen,Right-Handed Batter,Complete Power Hitter,CH / KC / SL,Changeup,Knuckle Curve,Slider,0.0016
Zac Gallen,Right-Handed Batter,Contact-Over-Power Hitter,CH / FF / KC,Changeup,Four-Seam Fastball,Knuckle Curve,-0.0162
Caleb Kilian,Left-Handed Batter,Pure Slap Hitter,FF / SI / SL,Four-Seam Fastball,Sinker,Slider,-0.0125
Caleb Kilian,Left-Handed Batter,All-or-Nothing Power Hitter,FF / SI / SL,Four-Seam Fastball,Sinker,Slider,-0.0177
Caleb Kilian,Left-Handed Batter,Disciplined All-Rounder,KC / SI / SL,Knuckle Curve,Sinker,Slider,0.0023
Caleb Kilian,Left-Handed Batter,Free-Swinging Slugger,FF / SI / SL,Four-Seam Fastball,Sinker,Slider,-0.0009
Caleb Kilian,Left-Handed Batter,Complete Power Hitter,FF / SI / SL,Four-Seam Fastball,Sinker,Slider,-0.0041
Caleb Kilian,Left-Handed Batter,Contact-Over-Power Hitter,FF / SI / SL,Four-Seam Fastball,Sinker,Slider,-0.0077
Caleb Kilian,Right-Handed Batter,Pure Slap Hitter,KC / SI / SL,Knuckle Curve,Sinker,Slider,-0.0078
Caleb Kilian,Right-Handed Batter,All-or-Nothing Power Hitter,FF / KC / SI,Four-Seam Fastball,Knuckle Curve,Sinker,0.0161
Caleb Kilian,Right-Handed Batter,Disciplined All-Rounder,FF / KC / SL,Four-Seam Fastball,Knuckle Curve,Slider,-0.0076
Caleb Kilian,Right-Handed Batter,Free-Swinging Slugger,FF / SI / SL,Four-Seam Fastball,Sinker,Slider,0.0128
Caleb Kilian,Right-Handed Batter,Complete Power Hitter,FF / SI / SL,Four-Seam Fastball,Sinker,Slider,-0.0114
Caleb Kilian,Right-Handed Batter,Contact-Over-Power Hitter,FF / KC / SL,Four-Seam Fastball,Knuckle Curve,Slider,-0.025
Gavin Williams,Left-Handed Batter,Pure Slap Hitter,FC / FF / ST,Cutter,Four-Seam Fastball,Sweeper,-0.0152
Gavin Williams,Left-Handed Batter,All-or-Nothing Power Hitter,FC / FF / ST,Cutter,Four-Seam Fastball,Sweeper,-0.0231
Gavin Williams,Left-Handed Batter,Disciplined All-Rounder,FC / FF / SI,Cutter,Four-Seam Fastball,Sinker,-0.015
Gavin Williams,Left-Handed Batter,Free-Swinging Slugger,FC / FF / ST,Cutter,Four-Seam Fastball,Sweeper,-0.0046
Gavin Williams,Left-Handed Batter,Complete Power Hitter,FC / SI / ST,Cutter,Sinker,Sweeper,-0.0076
Gavin Williams,Left-Handed Batter,Contact-Over-Power Hitter,FC / SI / ST,Cutter,Sinker,Sweeper,-0.0089
Gavin Williams,Right-Handed Batter,Pure Slap Hitter,CU / FC / SI,Curveball,Cutter,Sinker,-0.0155
Gavin Williams,Right-Handed Batter,All-or-Nothing Power Hitter,CU / FC / SI,Curveball,Cutter,Sinker,0.0022
Gavin Williams,Right-Handed Batter,Disciplined All-Rounder,FC / FF / ST,Cutter,Four-Seam Fastball,Sweeper,-0.0154
Gavin Williams,Right-Handed Batter,Free-Swinging Slugger,CU / FF / SI,Curveball,Four-Seam Fastball,Sinker,-0.0277
Gavin Williams,Right-Handed Batter,Complete Power Hitter,CU / FF / SI,Curveball,Four-Seam Fastball,Sinker,-0.0078
Gavin Williams,Right-Handed Batter,Contact-Over-Power Hitter,FC / FF / ST,Cutter,Four-Seam Fastball,Sweeper,-0.0078
Jojo Romero,Left-Handed Batter,Pure Slap Hitter,CH / SI / ST,Changeup,Sinker,Sweeper,-0.0223
Jojo Romero,Left-Handed Batter,All-or-Nothing Power Hitter,CH / SI / ST,Changeup,Sinker,Sweeper,-0.0089
Jojo Romero,Left-Handed Batter,Disciplined All-Rounder,CH / SI / ST,Changeup,Sinker,Sweeper,-0.0173
Jojo Romero,Left-Handed Batter,Free-Swinging Slugger,CH / SI / ST,Changeup,Sinker,Sweeper,0.0216
Jojo Romero,Left-Handed Batter,Complete Power Hitter,CH / SI / ST,Changeup,Sinker,Sweeper,0.0117
Jojo Romero,Left-Handed Batter,Contact-Over-Power Hitter,CH / SI / ST,Changeup,Sinker,Sweeper,-0.0064
Jojo Romero,Right-Handed Batter,Pure Slap Hitter,CH / SI / ST,Changeup,Sinker,Sweeper,-0.0056
Jojo Romero,Right-Handed Batter,All-or-Nothing Power Hitter,CH / SI / ST,Changeup,Sinker,Sweeper,-0.0055
Jojo Romero,Right-Handed Batter,Disciplined All-Rounder,CH / SI / ST,Changeup,Sinker,Sweeper,-0.0138
Jojo Romero,Right-Handed Batter,Free-Swinging Slugger,CH / SI / ST,Changeup,Sinker,Sweeper,0.0037
Jojo Romero,Right-Handed Batter,Complete Power Hitter,CH / SI / ST,Changeup,Sinker,Sweeper,-0.0031
Jojo Romero,Right-Handed Batter,Contact-Over-Power Hitter,CH / SI / ST,Changeup,Sinker,Sweeper,0.0046
Tobias Myers,Left-Handed Batter,Pure Slap Hitter,FF / FS / SL,Four-Seam Fastball,Splitter,Slider,-0.0198
Tobias Myers,Left-Handed Batter,All-or-Nothing Power Hitter,FF / FS / SL,Four-Seam Fastball,Splitter,Slider,0.0068
Tobias Myers,Left-Handed Batter,Disciplined All-Rounder,FF / FS / SL,Four-Seam Fastball,Splitter,Slider,-0.0127
Tobias Myers,Left-Handed Batter,Free-Swinging Slugger,FF / FS / SL,Four-Seam Fastball,Splitter,Slider,-0.0138
Tobias Myers,Left-Handed Batter,Complete Power Hitter,FF / FS / SL,Four-Seam Fastball,Splitter,Slider,-0.0006
Tobias Myers,Left-Handed Batter,Contact-Over-Power Hitter,FF / FS / SL,Four-Seam Fastball,Splitter,Slider,-0.0019
Tobias Myers,Right-Handed Batter,Pure Slap Hitter,FF / FS / SL,Four-Seam Fastball,Splitter,Slider,0.0315
Tobias Myers,Right-Handed Batter,All-or-Nothing Power Hitter,FF / FS / SL,Four-Seam Fastball,Splitter,Slider,0.0105
Tobias Myers,Right-Handed Batter,Disciplined All-Rounder,FF / FS / SL,Four-Seam Fastball,Splitter,Slider,0.0027
Tobias Myers,Right-Handed Batter,Free-Swinging Slugger,FF / FS / SL,Four-Seam Fastball,Splitter,Slider,0.0057
Tobias Myers,Right-Handed Batter,Complete Power Hitter,FF / FS / SL,Four-Seam Fastball,Splitter,Slider,0.0213
Tobias Myers,Right-Handed Batter,Contact-Over-Power Hitter,FF / FS / SL,Four-Seam Fastball,Splitter,Slider,0.0028
Casey Legumina,Left-Handed Batter,Pure Slap Hitter,FF / SI / ST,Four-Seam Fastball,Sinker,Sweeper,-0.0112
Casey Legumina,Left-Handed Batter,All-or-Nothing Power Hitter,FF / SL / ST,Four-Seam Fastball,Slider,Sweeper,-0.0282
Casey Legumina,Left-Handed Batter,Disciplined All-Rounder,FF / SI / ST,Four-Seam Fastball,Sinker,Sweeper,-0.0248
Casey Legumina,Left-Handed Batter,Free-Swinging Slugger,FF / SI / SL,Four-Seam Fastball,Sinker,Slider,-0.0238
Casey Legumina,Left-Handed Batter,Complete Power Hitter,SI / SL / ST,Sinker,Slider,Sweeper,-0.0062
Casey Legumina,Left-Handed Batter,Contact-Over-Power Hitter,SI / SL / ST,Sinker,Slider,Sweeper,-0.0076
Casey Legumina,Right-Handed Batter,Pure Slap Hitter,FF / SI / ST,Four-Seam Fastball,Sinker,Sweeper,-0.0008
Casey Legumina,Right-Handed Batter,All-or-Nothing Power Hitter,SI / SL / ST,Sinker,Slider,Sweeper,0.0002
Casey Legumina,Right-Handed Batter,Disciplined All-Rounder,FF / SI / SL,Four-Seam Fastball,Sinker,Slider,-0.0016
Casey Legumina,Right-Handed Batter,Free-Swinging Slugger,FF / SI / ST,Four-Seam Fastball,Sinker,Sweeper,-0.0083
Casey Legumina,Right-Handed Batter,Complete Power Hitter,SI / SL / ST,Sinker,Slider,Sweeper,0.0078
Casey Legumina,Right-Handed Batter,Contact-Over-Power Hitter,FF / SL / ST,Four-Seam Fastball,Slider,Sweeper,-0.0101
Ryan Rolison,Left-Handed Batter,Pure Slap Hitter,CU / FF / SL,Curveball,Four-Seam Fastball,Slider,-0.0267
Ryan Rolison,Left-Handed Batter,All-or-Nothing Power Hitter,CU / FF / ST,Curveball,Four-Seam Fastball,Sweeper,0.004
Ryan Rolison,Left-Handed Batter,Disciplined All-Rounder,CU / FF / ST,Curveball,Four-Seam Fastball,Sweeper,-0.0164
Ryan Rolison,Left-Handed Batter,Free-Swinging Slugger,CU / SL / ST,Curveball,Slider,Sweeper,-0.0149
Ryan Rolison,Left-Handed Batter,Complete Power Hitter,CU / FF / ST,Curveball,Four-Seam Fastball,Sweeper,-0.0153
Ryan Rolison,Left-Handed Batter,Contact-Over-Power Hitter,CU / FF / ST,Curveball,Four-Seam Fastball,Sweeper,-0.012
Ryan Rolison,Right-Handed Batter,Pure Slap Hitter,CU / SL / ST,Curveball,Slider,Sweeper,0.0005
Ryan Rolison,Right-Handed Batter,All-or-Nothing Power Hitter,CU / SL / ST,Curveball,Slider,Sweeper,-0.0127
Ryan Rolison,Right-Handed Batter,Disciplined All-Rounder,CU / SL / ST,Curveball,Slider,Sweeper,0.0105
Ryan Rolison,Right-Handed Batter,Free-Swinging Slugger,FF / SL / ST,Four-Seam Fastball,Slider,Sweeper,-0.008
Ryan Rolison,Right-Handed Batter,Complete Power Hitter,FF / SL / ST,Four-Seam Fastball,Slider,Sweeper,-0.0006
Ryan Rolison,Right-Handed Batter,Contact-Over-Power Hitter,CU / SL / ST,Curveball,Slider,Sweeper,-0.0166
Mackenzie Gore,Left-Handed Batter,Pure Slap Hitter,CH / FC / SI,Changeup,Cutter,Sinker,-0.0327
Mackenzie Gore,Left-Handed Batter,All-or-Nothing Power Hitter,CH / FC / SL,Changeup,Cutter,Slider,-0.0204
Mackenzie Gore,Left-Handed Batter,Disciplined All-Rounder,CH / FC / SL,Changeup,Cutter,Slider,-0.0074
Mackenzie Gore,Left-Handed Batter,Free-Swinging Slugger,CH / FC / SL,Changeup,Cutter,Slider,-0.018
Mackenzie Gore,Left-Handed Batter,Complete Power Hitter,CH / CU / SI,Changeup,Curveball,Sinker,-0.014
Mackenzie Gore,Left-Handed Batter,Contact-Over-Power Hitter,CH / FC / SI,Changeup,Cutter,Sinker,-0.0084
Mackenzie Gore,Right-Handed Batter,Pure Slap Hitter,FF / SI / SL,Four-Seam Fastball,Sinker,Slider,-0.0297
Mackenzie Gore,Right-Handed Batter,All-or-Nothing Power Hitter,FF / SI / SL,Four-Seam Fastball,Sinker,Slider,-0.0233
Mackenzie Gore,Right-Handed Batter,Disciplined All-Rounder,CU / SI / SL,Curveball,Sinker,Slider,-0.0182
Mackenzie Gore,Right-Handed Batter,Free-Swinging Slugger,FC / SI / SL,Cutter,Sinker,Slider,-0.0261
Mackenzie Gore,Right-Handed Batter,Complete Power Hitter,CH / SI / SL,Changeup,Sinker,Slider,-0.0146
Mackenzie Gore,Right-Handed Batter,Contact-Over-Power Hitter,FF / SI / SL,Four-Seam Fastball,Sinker,Slider,-0.0155
Dustin May,Left-Handed Batter,Pure Slap Hitter,CH / FC / SI,Changeup,Cutter,Sinker,-0.0304
Dustin May,Left-Handed Batter,All-or-Nothing Power Hitter,CH / FC / SI,Changeup,Cutter,Sinker,-0.0041
Dustin May,Left-Handed Batter,Disciplined All-Rounder,CH / CU / SI,Changeup,Curveball,Sinker,-0.0007
Dustin May,Left-Handed Batter,Free-Swinging Slugger,FF / SI / ST,Four-Seam Fastball,Sinker,Sweeper,-0.016
Dustin May,Left-Handed Batter,Complete Power Hitter,FF / SI / ST,Four-Seam Fastball,Sinker,Sweeper,-0.0142
Dustin May,Left-Handed Batter,Contact-Over-Power Hitter,CH / FC / SI,Changeup,Cutter,Sinker,-0.0095
Dustin May,Right-Handed Batter,Pure Slap Hitter,CH / CU / SI,Changeup,Curveball,Sinker,-0.0183
Dustin May,Right-Handed Batter,All-or-Nothing Power Hitter,CH / FC / FF,Changeup,Cutter,Four-Seam Fastball,-0.0149
Dustin May,Right-Handed Batter,Disciplined All-Rounder,CH / FF / SI,Changeup,Four-Seam Fastball,Sinker,-0.0318
Dustin May,Right-Handed Batter,Free-Swinging Slugger,CH / CU / SI,Changeup,Curveball,Sinker,-0.0324
Dustin May,Right-Handed Batter,Complete Power Hitter,CH / CU / FF,Changeup,Curveball,Four-Seam Fastball,-0.0192
Dustin May,Right-Handed Batter,Contact-Over-Power Hitter,CH / CU / FF,Changeup,Curveball,Four-Seam Fastball,-0.0193
Ryne Nelson,Left-Handed Batter,Pure Slap Hitter,FC / FF / SL,Cutter,Four-Seam Fastball,Slider,-0.0101
Ryne Nelson,Left-Handed Batter,All-or-Nothing Power Hitter,CU / FC / FF,Curveball,Cutter,Four-Seam Fastball,0.0163
Ryne Nelson,Left-Handed Batter,Disciplined All-Rounder,FC / FF / SL,Cutter,Four-Seam Fastball,Slider,-0.0083
Ryne Nelson,Left-Handed Batter,Free-Swinging Slugger,CU / FC / SL,Curveball,Cutter,Slider,-0.0103
Ryne Nelson,Left-Handed Batter,Complete Power Hitter,FC / FF / SL,Cutter,Four-Seam Fastball,Slider,-0.0055
Ryne Nelson,Left-Handed Batter,Contact-Over-Power Hitter,FC / FF / SL,Cutter,Four-Seam Fastball,Slider,-0.0136
Ryne Nelson,Right-Handed Batter,Pure Slap Hitter,CU / FC / SL,Curveball,Cutter,Slider,0.001
Ryne Nelson,Right-Handed Batter,All-or-Nothing Power Hitter,CU / FC / FF,Curveball,Cutter,Four-Seam Fastball,-0.0144
Ryne Nelson,Right-Handed Batter,Disciplined All-Rounder,CU / FC / FF,Curveball,Cutter,Four-Seam Fastball,-0.0115
Ryne Nelson,Right-Handed Batter,Free-Swinging Slugger,CU / FC / SL,Curveball,Cutter,Slider,-0.0169
Ryne Nelson,Right-Handed Batter,Complete Power Hitter,CU / FC / FF,Curveball,Cutter,Four-Seam Fastball,0.0328
Ryne Nelson,Right-Handed Batter,Contact-Over-Power Hitter,CU / FC / FF,Curveball,Cutter,Four-Seam Fastball,-0.0122
Lake Bachar,Left-Handed Batter,Pure Slap Hitter,CU / FS / SL,Curveball,Splitter,Slider,-0.0183
Lake Bachar,Left-Handed Batter,All-or-Nothing Power Hitter,CU / FS / SL,Curveball,Splitter,Slider,-0.01
Lake Bachar,Left-Handed Batter,Disciplined All-Rounder,CU / SL / ST,Curveball,Slider,Sweeper,-0.0067
Lake Bachar,Left-Handed Batter,Free-Swinging Slugger,FF / FS / SL,Four-Seam Fastball,Splitter,Slider,-0.014
Lake Bachar,Left-Handed Batter,Complete Power Hitter,CU / FS / SL,Curveball,Splitter,Slider,0.0032
Lake Bachar,Left-Handed Batter,Contact-Over-Power Hitter,FF / SL / ST,Four-Seam Fastball,Slider,Sweeper,-0.0282
Lake Bachar,Right-Handed Batter,Pure Slap Hitter,FF / FS / SL,Four-Seam Fastball,Splitter,Slider,-0.0103
Lake Bachar,Right-Handed Batter,All-or-Nothing Power Hitter,CU / FF / ST,Curveball,Four-Seam Fastball,Sweeper,-0.0116
Lake Bachar,Right-Handed Batter,Disciplined All-Rounder,FF / FS / ST,Four-Seam Fastball,Splitter,Sweeper,-0.0124
Lake Bachar,Right-Handed Batter,Free-Swinging Slugger,FF / FS / SL,Four-Seam Fastball,Splitter,Slider,-0.0333
Lake Bachar,Right-Handed Batter,Complete Power Hitter,CU / FS / SL,Curveball,Splitter,Slider,0.002
Lake Bachar,Right-Handed Batter,Contact-Over-Power Hitter,CU / FS / ST,Curveball,Splitter,Sweeper,-0.0168
Keegan Akin,Left-Handed Batter,Pure Slap Hitter,CH / FF / SL,Changeup,Four-Seam Fastball,Slider,-0.0043
Keegan Akin,Left-Handed Batter,All-or-Nothing Power Hitter,CH / FF / SL,Changeup,Four-Seam Fastball,Slider,-0.0058
Keegan Akin,Left-Handed Batter,Disciplined All-Rounder,CH / FF / SL,Changeup,Four-Seam Fastball,Slider,0.0102
Keegan Akin,Left-Handed Batter,Free-Swinging Slugger,CH / FF / SL,Changeup,Four-Seam Fastball,Slider,-0.0063
Keegan Akin,Left-Handed Batter,Complete Power Hitter,CH / FF / SL,Changeup,Four-Seam Fastball,Slider,0.0065
Keegan Akin,Left-Handed Batter,Contact-Over-Power Hitter,CH / FF / SL,Changeup,Four-Seam Fastball,Slider,-0.0099
Keegan Akin,Right-Handed Batter,Pure Slap Hitter,CH / FF / SL,Changeup,Four-Seam Fastball,Slider,-0.0033
Keegan Akin,Right-Handed Batter,All-or-Nothing Power Hitter,CH / FF / SL,Changeup,Four-Seam Fastball,Slider,0.01
Keegan Akin,Right-Handed Batter,Disciplined All-Rounder,CH / FF / SL,Changeup,Four-Seam Fastball,Slider,0.0054
Keegan Akin,Right-Handed Batter,Free-Swinging Slugger,CH / FF / SL,Changeup,Four-Seam Fastball,Slider,0.0053
Keegan Akin,Right-Handed Batter,Complete Power Hitter,CH / FF / SL,Changeup,Four-Seam Fastball,Slider,0.0131
Keegan Akin,Right-Handed Batter,Contact-Over-Power Hitter,CH / FF / SL,Changeup,Four-Seam Fastball,Slider,0.0043
Eli Morgan,Left-Handed Batter,Pure Slap Hitter,CH / FF / SL,Changeup,Four-Seam Fastball,Slider,-0.0022
Eli Morgan,Left-Handed Batter,All-or-Nothing Power Hitter,CH / FF / SL,Changeup,Four-Seam Fastball,Slider,0.0047
Eli Morgan,Left-Handed Batter,Disciplined All-Rounder,CH / FF / SL,Changeup,Four-Seam Fastball,Slider,0.0034
Eli Morgan,Left-Handed Batter,Free-Swinging Slugger,CH / FF / SL,Changeup,Four-Seam Fastball,Slider,0.0325
Eli Morgan,Left-Handed Batter,Complete Power Hitter,CH / FF / SL,Changeup,Four-Seam Fastball,Slider,-0.0082
Eli Morgan,Left-Handed Batter,Contact-Over-Power Hitter,CH / FF / SL,Changeup,Four-Seam Fastball,Slider,0.0107
Eli Morgan,Right-Handed Batter,Pure Slap Hitter,CH / FF / SL,Changeup,Four-Seam Fastball,Slider,-0.0015
Eli Morgan,Right-Handed Batter,All-or-Nothing Power Hitter,CH / FF / SL,Changeup,Four-Seam Fastball,Slider,0.0159
Eli Morgan,Right-Handed Batter,Disciplined All-Rounder,CH / FF / SL,Changeup,Four-Seam Fastball,Slider,-0.0068
Eli Morgan,Right-Handed Batter,Free-Swinging Slugger,CH / FF / SL,Changeup,Four-Seam Fastball,Slider,-0.002
Eli Morgan,Right-Handed Batter,Complete Power Hitter,CH / FF / SL,Changeup,Four-Seam Fastball,Slider,0.001
Eli Morgan,Right-Handed Batter,Contact-Over-Power Hitter,CH / FF / SL,Changeup,Four-Seam Fastball,Slider,-0.0068
Dylan Lee,Left-Handed Batter,Pure Slap Hitter,CH / FF / SL,Changeup,Four-Seam Fastball,Slider,-0.0241
Dylan Lee,Left-Handed Batter,All-or-Nothing Power Hitter,CH / FF / SL,Changeup,Four-Seam Fastball,Slider,-0.0045
Dylan Lee,Left-Handed Batter,Disciplined All-Rounder,CH / FF / SL,Changeup,Four-Seam Fastball,Slider,-0.0168
Dylan Lee,Left-Handed Batter,Free-Swinging Slugger,CH / FF / SL,Changeup,Four-Seam Fastball,Slider,-0.0159
Dylan Lee,Left-Handed Batter,Complete Power Hitter,CH / FF / SL,Changeup,Four-Seam Fastball,Slider,-0.0062
Dylan Lee,Left-Handed Batter,Contact-Over-Power Hitter,CH / FF / SL,Changeup,Four-Seam Fastball,Slider,-0.009
Dylan Lee,Right-Handed Batter,Pure Slap Hitter,CH / FF / SL,Changeup,Four-Seam Fastball,Slider,-0.0116
Dylan Lee,Right-Handed Batter,All-or-Nothing Power Hitter,CH / FF / SL,Changeup,Four-Seam Fastball,Slider,-0.0043
Dylan Lee,Right-Handed Batter,Disciplined All-Rounder,CH / FF / SL,Changeup,Four-Seam Fastball,Slider,-0.0174
Dylan Lee,Right-Handed Batter,Free-Swinging Slugger,CH / FF / SL,Changeup,Four-Seam Fastball,Slider,-0.0146
Dylan Lee,Right-Handed Batter,Complete Power Hitter,CH / FF / SL,Changeup,Four-Seam Fastball,Slider,-0.001
Dylan Lee,Right-Handed Batter,Contact-Over-Power Hitter,CH / FF / SL,Changeup,Four-Seam Fastball,Slider,-0.011
Logan Gilbert,Left-Handed Batter,Pure Slap Hitter,FC / SL / ST,Cutter,Slider,Sweeper,-0.0233
Logan Gilbert,Left-Handed Batter,All-or-Nothing Power Hitter,FF / FS / SL,Four-Seam Fastball,Splitter,Slider,-0.0279
Logan Gilbert,Left-Handed Batter,Disciplined All-Rounder,CH / FF / ST,Changeup,Four-Seam Fastball,Sweeper,-0.0056
Logan Gilbert,Left-Handed Batter,Free-Swinging Slugger,FC / FF / ST,Cutter,Four-Seam Fastball,Sweeper,-0.0274
Logan Gilbert,Left-Handed Batter,Complete Power Hitter,CH / FC / ST,Changeup,Cutter,Sweeper,0.0022
Logan Gilbert,Left-Handed Batter,Contact-Over-Power Hitter,CH / FF / ST,Changeup,Four-Seam Fastball,Sweeper,-0.0255
Logan Gilbert,Right-Handed Batter,Pure Slap Hitter,CH / FC / SL,Changeup,Cutter,Slider,-0.0163
Logan Gilbert,Right-Handed Batter,All-or-Nothing Power Hitter,CH / FC / SL,Changeup,Cutter,Slider,-0.0212
Logan Gilbert,Right-Handed Batter,Disciplined All-Rounder,CH / FF / SL,Changeup,Four-Seam Fastball,Slider,-0.0248
Logan Gilbert,Right-Handed Batter,Free-Swinging Slugger,CH / FC / FF,Changeup,Cutter,Four-Seam Fastball,-0.0218
Logan Gilbert,Right-Handed Batter,Complete Power Hitter,CH / FC / FF,Changeup,Cutter,Four-Seam Fastball,-0.0186
Logan Gilbert,Right-Handed Batter,Contact-Over-Power Hitter,CH / FC / ST,Changeup,Cutter,Sweeper,-0.0246
Tyler Wells,Left-Handed Batter,Pure Slap Hitter,CH / FC / SL,Changeup,Cutter,Slider,-0.0205
Tyler Wells,Left-Handed Batter,All-or-Nothing Power Hitter,CH / FF / SL,Changeup,Four-Seam Fastball,Slider,-0.019
Tyler Wells,Left-Handed Batter,Disciplined All-Rounder,CH / FC / SL,Changeup,Cutter,Slider,-0.0255
Tyler Wells,Left-Handed Batter,Free-Swinging Slugger,CH / FF / SL,Changeup,Four-Seam Fastball,Slider,-0.0054
Tyler Wells,Left-Handed Batter,Complete Power Hitter,CH / FF / SL,Changeup,Four-Seam Fastball,Slider,-0.0039
Tyler Wells,Left-Handed Batter,Contact-Over-Power Hitter,CH / FF / SL,Changeup,Four-Seam Fastball,Slider,-0.0205
Tyler Wells,Right-Handed Batter,Pure Slap Hitter,CH / FF / SL,Changeup,Four-Seam Fastball,Slider,-0.0035
Tyler Wells,Right-Handed Batter,All-or-Nothing Power Hitter,CH / FC / SL,Changeup,Cutter,Slider,-0.0046
Tyler Wells,Right-Handed Batter,Disciplined All-Rounder,CH / FC / SL,Changeup,Cutter,Slider,-0.0156
Tyler Wells,Right-Handed Batter,Free-Swinging Slugger,CH / FC / SL,Changeup,Cutter,Slider,-0.0159
Tyler Wells,Right-Handed Batter,Complete Power Hitter,FC / FF / SL,Cutter,Four-Seam Fastball,Slider,-0.0144
Tyler Wells,Right-Handed Batter,Contact-Over-Power Hitter,CH / FC / FF,Changeup,Cutter,Four-Seam Fastball,-0.0171
Shane Baz,Left-Handed Batter,Pure Slap Hitter,CH / FF / SI,Changeup,Four-Seam Fastball,Sinker,-0.0177
Shane Baz,Left-Handed Batter,All-or-Nothing Power Hitter,FC / KC / SI,Cutter,Knuckle Curve,Sinker,-0.0136
Shane Baz,Left-Handed Batter,Disciplined All-Rounder,CH / FC / SI,Changeup,Cutter,Sinker,0.0018
Shane Baz,Left-Handed Batter,Free-Swinging Slugger,CH / FC / SI,Changeup,Cutter,Sinker,0.0019
Shane Baz,Left-Handed Batter,Complete Power Hitter,FC / KC / SI,Cutter,Knuckle Curve,Sinker,0.0023
Shane Baz,Left-Handed Batter,Contact-Over-Power Hitter,FC / FF / SI,Cutter,Four-Seam Fastball,Sinker,-0.0222
Shane Baz,Right-Handed Batter,Pure Slap Hitter,CH / FC / SI,Changeup,Cutter,Sinker,-0.0431
Shane Baz,Right-Handed Batter,All-or-Nothing Power Hitter,CH / FF / SI,Changeup,Four-Seam Fastball,Sinker,-0.0052
Shane Baz,Right-Handed Batter,Disciplined All-Rounder,CH / FC / SI,Changeup,Cutter,Sinker,-0.0279
Shane Baz,Right-Handed Batter,Free-Swinging Slugger,CH / FF / SI,Changeup,Four-Seam Fastball,Sinker,-0.0077
Shane Baz,Right-Handed Batter,Complete Power Hitter,CH / FC / FF,Changeup,Cutter,Four-Seam Fastball,-0.0022
Shane Baz,Right-Handed Batter,Contact-Over-Power Hitter,CH / FC / SI,Changeup,Cutter,Sinker,-0.0316
J. T. Ginn,Left-Handed Batter,Pure Slap Hitter,CH / FC / FF,Changeup,Cutter,Four-Seam Fastball,-0.0045
J. T. Ginn,Left-Handed Batter,All-or-Nothing Power Hitter,CH / FC / FF,Changeup,Cutter,Four-Seam Fastball,-0.0137
J. T. Ginn,Left-Handed Batter,Disciplined All-Rounder,CH / SI / SL,Changeup,Sinker,Slider,-0.0017
J. T. Ginn,Left-Handed Batter,Free-Swinging Slugger,CH / FF / SL,Changeup,Four-Seam Fastball,Slider,-0.0218
J. T. Ginn,Left-Handed Batter,Complete Power Hitter,CH / FF / SI,Changeup,Four-Seam Fastball,Sinker,-0.0058
J. T. Ginn,Left-Handed Batter,Contact-Over-Power Hitter,FC / SI / SL,Cutter,Sinker,Slider,-0.0142
J. T. Ginn,Right-Handed Batter,Pure Slap Hitter,CH / FF / SI,Changeup,Four-Seam Fastball,Sinker,-0.0304
J. T. Ginn,Right-Handed Batter,All-or-Nothing Power Hitter,CH / FF / SL,Changeup,Four-Seam Fastball,Slider,-0.0215
J. T. Ginn,Right-Handed Batter,Disciplined All-Rounder,FC / FF / SI,Cutter,Four-Seam Fastball,Sinker,-0.028
J. T. Ginn,Right-Handed Batter,Free-Swinging Slugger,CH / FF / SI,Changeup,Four-Seam Fastball,Sinker,-0.0356
J. T. Ginn,Right-Handed Batter,Complete Power Hitter,CH / FC / SI,Changeup,Cutter,Sinker,-0.0133
J. T. Ginn,Right-Handed Batter,Contact-Over-Power Hitter,CH / FF / SL,Changeup,Four-Seam Fastball,Slider,-0.0126
Tarik Skubal,Left-Handed Batter,Pure Slap Hitter,FF / SI / SL,Four-Seam Fastball,Sinker,Slider,-0.0161
Tarik Skubal,Left-Handed Batter,All-or-Nothing Power Hitter,CH / FF / SL,Changeup,Four-Seam Fastball,Slider,-0.0203
Tarik Skubal,Left-Handed Batter,Disciplined All-Rounder,CH / FF / SI,Changeup,Four-Seam Fastball,Sinker,-0.0144
Tarik Skubal,Left-Handed Batter,Free-Swinging Slugger,CH / SI / SL,Changeup,Sinker,Slider,-0.0174
Tarik Skubal,Left-Handed Batter,Complete Power Hitter,CH / SI / SL,Changeup,Sinker,Slider,0.0059
Tarik Skubal,Left-Handed Batter,Contact-Over-Power Hitter,FF / SI / SL,Four-Seam Fastball,Sinker,Slider,-0.0138
Tarik Skubal,Right-Handed Batter,Pure Slap Hitter,CH / SI / SL,Changeup,Sinker,Slider,-0.0201
Tarik Skubal,Right-Handed Batter,All-or-Nothing Power Hitter,CH / FF / SI,Changeup,Four-Seam Fastball,Sinker,-0.0255
Tarik Skubal,Right-Handed Batter,Disciplined All-Rounder,CH / FF / SL,Changeup,Four-Seam Fastball,Slider,-0.0058
Tarik Skubal,Right-Handed Batter,Free-Swinging Slugger,CH / FF / SL,Changeup,Four-Seam Fastball,Slider,-0.0186
Tarik Skubal,Right-Handed Batter,Complete Power Hitter,FF / SI / SL,Four-Seam Fastball,Sinker,Slider,-0.0021
Tarik Skubal,Right-Handed Batter,Contact-Over-Power Hitter,CH / SI / SL,Changeup,Sinker,Slider,-0.026
Carmen Mlodzinski,Left-Handed Batter,Pure Slap Hitter,FF / FS / SI,Four-Seam Fastball,Splitter,Sinker,-0.0062
Carmen Mlodzinski,Left-Handed Batter,All-or-Nothing Power Hitter,CU / SI / ST,Curveball,Sinker,Sweeper,-0.0055
Carmen Mlodzinski,Left-Handed Batter,Disciplined All-Rounder,FF / FS / ST,Four-Seam Fastball,Splitter,Sweeper,-0.0029
Carmen Mlodzinski,Left-Handed Batter,Free-Swinging Slugger,FS / SI / ST,Splitter,Sinker,Sweeper,-0.0045
Carmen Mlodzinski,Left-Handed Batter,Complete Power Hitter,CU / SI / ST,Curveball,Sinker,Sweeper,-0.0053
Carmen Mlodzinski,Left-Handed Batter,Contact-Over-Power Hitter,CU / FS / ST,Curveball,Splitter,Sweeper,-0.0157
Carmen Mlodzinski,Right-Handed Batter,Pure Slap Hitter,CU / FF / FS,Curveball,Four-Seam Fastball,Splitter,0.0032
Carmen Mlodzinski,Right-Handed Batter,All-or-Nothing Power Hitter,CU / FS / ST,Curveball,Splitter,Sweeper,-0.0081
Carmen Mlodzinski,Right-Handed Batter,Disciplined All-Rounder,CU / FS / ST,Curveball,Splitter,Sweeper,-0.0138
Carmen Mlodzinski,Right-Handed Batter,Free-Swinging Slugger,CU / FS / ST,Curveball,Splitter,Sweeper,-0.0155
Carmen Mlodzinski,Right-Handed Batter,Complete Power Hitter,FS / SI / ST,Splitter,Sinker,Sweeper,-0.0135
Carmen Mlodzinski,Right-Handed Batter,Contact-Over-Power Hitter,CU / FF / SI,Curveball,Four-Seam Fastball,Sinker,-0.0114
Trevor Rogers,Left-Handed Batter,Pure Slap Hitter,CH / FF / ST,Changeup,Four-Seam Fastball,Sweeper,-0.0035
Trevor Rogers,Left-Handed Batter,All-or-Nothing Power Hitter,CH / FF / SI,Changeup,Four-Seam Fastball,Sinker,-0.0148
Trevor Rogers,Left-Handed Batter,Disciplined All-Rounder,FC / SI / ST,Cutter,Sinker,Sweeper,-0.015
Trevor Rogers,Left-Handed Batter,Free-Swinging Slugger,CH / FC / SI,Changeup,Cutter,Sinker,-0.0211
Trevor Rogers,Left-Handed Batter,Complete Power Hitter,FF / SI / ST,Four-Seam Fastball,Sinker,Sweeper,-0.0165
Trevor Rogers,Left-Handed Batter,Contact-Over-Power Hitter,CH / SI / ST,Changeup,Sinker,Sweeper,-0.01
Trevor Rogers,Right-Handed Batter,Pure Slap Hitter,FC / FF / SI,Cutter,Four-Seam Fastball,Sinker,-0.003
Trevor Rogers,Right-Handed Batter,All-or-Nothing Power Hitter,CH / FC / ST,Changeup,Cutter,Sweeper,-0.0161
Trevor Rogers,Right-Handed Batter,Disciplined All-Rounder,FC / SI / ST,Cutter,Sinker,Sweeper,-0.0009
Trevor Rogers,Right-Handed Batter,Free-Swinging Slugger,CH / FC / SI,Changeup,Cutter,Sinker,-0.0128
Trevor Rogers,Right-Handed Batter,Complete Power Hitter,FF / SI / ST,Four-Seam Fastball,Sinker,Sweeper,-0.0049
Trevor Rogers,Right-Handed Batter,Contact-Over-Power Hitter,FF / SI / ST,Four-Seam Fastball,Sinker,Sweeper,-0.0045
Mason Englert,Left-Handed Batter,Pure Slap Hitter,CH / FF / SI,Changeup,Four-Seam Fastball,Sinker,-0.0167
Mason Englert,Left-Handed Batter,All-or-Nothing Power Hitter,CH / FF / SI,Changeup,Four-Seam Fastball,Sinker,0.0092
Mason Englert,Left-Handed Batter,Disciplined All-Rounder,CH / FF / SI,Changeup,Four-Seam Fastball,Sinker,0.0168
Mason Englert,Left-Handed Batter,Free-Swinging Slugger,CH / FF / SI,Changeup,Four-Seam Fastball,Sinker,-0.0155
Mason Englert,Left-Handed Batter,Complete Power Hitter,CH / FF / SI,Changeup,Four-Seam Fastball,Sinker,0.0198
Mason Englert,Left-Handed Batter,Contact-Over-Power Hitter,CH / FF / SI,Changeup,Four-Seam Fastball,Sinker,-0.0017
Mason Englert,Right-Handed Batter,Pure Slap Hitter,CH / FF / SI,Changeup,Four-Seam Fastball,Sinker,0.0172
Mason Englert,Right-Handed Batter,All-or-Nothing Power Hitter,CH / FF / SI,Changeup,Four-Seam Fastball,Sinker,-0.0023
Mason Englert,Right-Handed Batter,Disciplined All-Rounder,CH / FF / SI,Changeup,Four-Seam Fastball,Sinker,0.0147
Mason Englert,Right-Handed Batter,Free-Swinging Slugger,CH / FF / SI,Changeup,Four-Seam Fastball,Sinker,-0.0019
Mason Englert,Right-Handed Batter,Complete Power Hitter,CH / FF / SI,Changeup,Four-Seam Fastball,Sinker,0.0051
Mason Englert,Right-Handed Batter,Contact-Over-Power Hitter,CH / FF / SI,Changeup,Four-Seam Fastball,Sinker,0.0144
Shane Bieber,Left-Handed Batter,Pure Slap Hitter,CH / FF / KC,Changeup,Four-Seam Fastball,Knuckle Curve,-0.0039
Shane Bieber,Left-Handed Batter,All-or-Nothing Power Hitter,CH / FF / KC,Changeup,Four-Seam Fastball,Knuckle Curve,0.0156
Shane Bieber,Left-Handed Batter,Disciplined All-Rounder,CH / FF / KC,Changeup,Four-Seam Fastball,Knuckle Curve,-0.0004
Shane Bieber,Left-Handed Batter,Free-Swinging Slugger,CH / FF / KC,Changeup,Four-Seam Fastball,Knuckle Curve,-0.0113
Shane Bieber,Left-Handed Batter,Complete Power Hitter,CH / FF / KC,Changeup,Four-Seam Fastball,Knuckle Curve,0.0094
Shane Bieber,Left-Handed Batter,Contact-Over-Power Hitter,CH / FF / KC,Changeup,Four-Seam Fastball,Knuckle Curve,-0.0154
Shane Bieber,Right-Handed Batter,Pure Slap Hitter,CH / FF / KC,Changeup,Four-Seam Fastball,Knuckle Curve,-0.0076
Shane Bieber,Right-Handed Batter,All-or-Nothing Power Hitter,CH / FF / KC,Changeup,Four-Seam Fastball,Knuckle Curve,0.0036
Shane Bieber,Right-Handed Batter,Disciplined All-Rounder,CH / FF / KC,Changeup,Four-Seam Fastball,Knuckle Curve,0.0128
Shane Bieber,Right-Handed Batter,Free-Swinging Slugger,CH / FF / KC,Changeup,Four-Seam Fastball,Knuckle Curve,-0.006
Shane Bieber,Right-Handed Batter,Complete Power Hitter,CH / FF / KC,Changeup,Four-Seam Fastball,Knuckle Curve,0.0054
Shane Bieber,Right-Handed Batter,Contact-Over-Power Hitter,CH / FF / KC,Changeup,Four-Seam Fastball,Knuckle Curve,-0.0027
Matthew Liberatore,Left-Handed Batter,Pure Slap Hitter,CH / CU / FF,Changeup,Curveball,Four-Seam Fastball,0.0008
Matthew Liberatore,Left-Handed Batter,All-or-Nothing Power Hitter,CH / CU / FF,Changeup,Curveball,Four-Seam Fastball,0.0113
Matthew Liberatore,Left-Handed Batter,Disciplined All-Rounder,CH / CU / FF,Changeup,Curveball,Four-Seam Fastball,-0.0095
Matthew Liberatore,Left-Handed Batter,Free-Swinging Slugger,CH / CU / FF,Changeup,Curveball,Four-Seam Fastball,-0.003
Matthew Liberatore,Left-Handed Batter,Complete Power Hitter,CH / CU / SI,Changeup,Curveball,Sinker,-0.0012
Matthew Liberatore,Left-Handed Batter,Contact-Over-Power Hitter,CH / SI / SL,Changeup,Sinker,Slider,-0.0192
Matthew Liberatore,Right-Handed Batter,Pure Slap Hitter,CH / CU / SI,Changeup,Curveball,Sinker,-0.017
Matthew Liberatore,Right-Handed Batter,All-or-Nothing Power Hitter,FF / SI / SL,Four-Seam Fastball,Sinker,Slider,-0.0044
Matthew Liberatore,Right-Handed Batter,Disciplined All-Rounder,CH / FF / SL,Changeup,Four-Seam Fastball,Slider,0.0111
Matthew Liberatore,Right-Handed Batter,Free-Swinging Slugger,CU / SI / SL,Curveball,Sinker,Slider,-0.0101
Matthew Liberatore,Right-Handed Batter,Complete Power Hitter,FF / SI / SL,Four-Seam Fastball,Sinker,Slider,0.0003
Matthew Liberatore,Right-Handed Batter,Contact-Over-Power Hitter,FF / SI / SL,Four-Seam Fastball,Sinker,Slider,-0.0189
Andre Pallante,Left-Handed Batter,Pure Slap Hitter,KC / SI / SL,Knuckle Curve,Sinker,Slider,-0.0064
Andre Pallante,Left-Handed Batter,All-or-Nothing Power Hitter,FF / SI / SL,Four-Seam Fastball,Sinker,Slider,-0.0126
Andre Pallante,Left-Handed Batter,Disciplined All-Rounder,FF / KC / SI,Four-Seam Fastball,Knuckle Curve,Sinker,-0.0083
Andre Pallante,Left-Handed Batter,Free-Swinging Slugger,FF / KC / SI,Four-Seam Fastball,Knuckle Curve,Sinker,-0.0144
Andre Pallante,Left-Handed Batter,Complete Power Hitter,FF / SI / SL,Four-Seam Fastball,Sinker,Slider,-0.0021
Andre Pallante,Left-Handed Batter,Contact-Over-Power Hitter,FF / KC / SI,Four-Seam Fastball,Knuckle Curve,Sinker,-0.0173
Andre Pallante,Right-Handed Batter,Pure Slap Hitter,FF / KC / SL,Four-Seam Fastball,Knuckle Curve,Slider,0.0002
Andre Pallante,Right-Handed Batter,All-or-Nothing Power Hitter,FF / KC / SL,Four-Seam Fastball,Knuckle Curve,Slider,0.0131
Andre Pallante,Right-Handed Batter,Disciplined All-Rounder,KC / SI / SL,Knuckle Curve,Sinker,Slider,-0.02
Andre Pallante,Right-Handed Batter,Free-Swinging Slugger,FF / SI / SL,Four-Seam Fastball,Sinker,Slider,-0.0125
Andre Pallante,Right-Handed Batter,Complete Power Hitter,FF / SI / SL,Four-Seam Fastball,Sinker,Slider,-0.0125
Andre Pallante,Right-Handed Batter,Contact-Over-Power Hitter,FF / SI / SL,Four-Seam Fastball,Sinker,Slider,-0.0168
Chris Murphy,Left-Handed Batter,Pure Slap Hitter,CU / FF / SL,Curveball,Four-Seam Fastball,Slider,-0.0044
Chris Murphy,Left-Handed Batter,All-or-Nothing Power Hitter,CU / FF / SL,Curveball,Four-Seam Fastball,Slider,0.0165
Chris Murphy,Left-Handed Batter,Disciplined All-Rounder,CU / FF / SL,Curveball,Four-Seam Fastball,Slider,0.0026
Chris Murphy,Left-Handed Batter,Free-Swinging Slugger,CU / FF / SL,Curveball,Four-Seam Fastball,Slider,-0.0084
Chris Murphy,Left-Handed Batter,Complete Power Hitter,CU / FF / SL,Curveball,Four-Seam Fastball,Slider,0.0042
Chris Murphy,Left-Handed Batter,Contact-Over-Power Hitter,CU / FF / SL,Curveball,Four-Seam Fastball,Slider,-0.0076
Chris Murphy,Right-Handed Batter,Pure Slap Hitter,CU / FF / SL,Curveball,Four-Seam Fastball,Slider,0.014
Chris Murphy,Right-Handed Batter,All-or-Nothing Power Hitter,CU / FF / SL,Curveball,Four-Seam Fastball,Slider,0.0033
Chris Murphy,Right-Handed Batter,Disciplined All-Rounder,CU / FF / SL,Curveball,Four-Seam Fastball,Slider,0.0114
Chris Murphy,Right-Handed Batter,Free-Swinging Slugger,CU / FF / SL,Curveball,Four-Seam Fastball,Slider,-0.0194
Chris Murphy,Right-Handed Batter,Complete Power Hitter,CU / FF / SL,Curveball,Four-Seam Fastball,Slider,-0.0025
Chris Murphy,Right-Handed Batter,Contact-Over-Power Hitter,CU / FF / SL,Curveball,Four-Seam Fastball,Slider,-0.0022
Greg Weissert,Left-Handed Batter,Pure Slap Hitter,FF / SI / ST,Four-Seam Fastball,Sinker,Sweeper,-0.0115
Greg Weissert,Left-Handed Batter,All-or-Nothing Power Hitter,FF / SI / ST,Four-Seam Fastball,Sinker,Sweeper,0.0059
Greg Weissert,Left-Handed Batter,Disciplined All-Rounder,FF / SI / ST,Four-Seam Fastball,Sinker,Sweeper,0.0024
Greg Weissert,Left-Handed Batter,Free-Swinging Slugger,FF / SI / ST,Four-Seam Fastball,Sinker,Sweeper,0.0244
Greg Weissert,Left-Handed Batter,Complete Power Hitter,FF / SI / ST,Four-Seam Fastball,Sinker,Sweeper,-0.0212
Greg Weissert,Left-Handed Batter,Contact-Over-Power Hitter,FF / SI / ST,Four-Seam Fastball,Sinker,Sweeper,-0.0171
Greg Weissert,Right-Handed Batter,Pure Slap Hitter,FF / SI / ST,Four-Seam Fastball,Sinker,Sweeper,0.0086
Greg Weissert,Right-Handed Batter,All-or-Nothing Power Hitter,FF / SI / ST,Four-Seam Fastball,Sinker,Sweeper,-0.0014
Greg Weissert,Right-Handed Batter,Disciplined All-Rounder,FF / SI / ST,Four-Seam Fastball,Sinker,Sweeper,-0.0174
Greg Weissert,Right-Handed Batter,Free-Swinging Slugger,FF / SI / ST,Four-Seam Fastball,Sinker,Sweeper,-0.0143
Greg Weissert,Right-Handed Batter,Complete Power Hitter,FF / SI / ST,Four-Seam Fastball,Sinker,Sweeper,0.013
Greg Weissert,Right-Handed Batter,Contact-Over-Power Hitter,FF / SI / ST,Four-Seam Fastball,Sinker,Sweeper,-0.0064
George Kirby,Left-Handed Batter,Pure Slap Hitter,FF / KC / SI,Four-Seam Fastball,Knuckle Curve,Sinker,-0.0101
George Kirby,Left-Handed Batter,All-or-Nothing Power Hitter,CH / SI / ST,Changeup,Sinker,Sweeper,-0.0228
George Kirby,Left-Handed Batter,Disciplined All-Rounder,CH / KC / SI,Changeup,Knuckle Curve,Sinker,0.0109
George Kirby,Left-Handed Batter,Free-Swinging Slugger,CH / SI / ST,Changeup,Sinker,Sweeper,-0.013
George Kirby,Left-Handed Batter,Complete Power Hitter,CH / FF / SI,Changeup,Four-Seam Fastball,Sinker,-0.0008
George Kirby,Left-Handed Batter,Contact-Over-Power Hitter,CH / FF / KC,Changeup,Four-Seam Fastball,Knuckle Curve,-0.0057
George Kirby,Right-Handed Batter,Pure Slap Hitter,CH / KC / ST,Changeup,Knuckle Curve,Sweeper,-0.0109
George Kirby,Right-Handed Batter,All-or-Nothing Power Hitter,CH / FF / KC,Changeup,Four-Seam Fastball,Knuckle Curve,-0.0211
George Kirby,Right-Handed Batter,Disciplined All-Rounder,CH / FF / KC,Changeup,Four-Seam Fastball,Knuckle Curve,0.0076
George Kirby,Right-Handed Batter,Free-Swinging Slugger,CH / KC / SI,Changeup,Knuckle Curve,Sinker,-0.0279
George Kirby,Right-Handed Batter,Complete Power Hitter,CH / KC / SI,Changeup,Knuckle Curve,Sinker,-0.013
George Kirby,Right-Handed Batter,Contact-Over-Power Hitter,CH / FF / KC,Changeup,Four-Seam Fastball,Knuckle Curve,-0.0227
Jesse Scholtens,Left-Handed Batter,Pure Slap Hitter,FF / SI / SL,Four-Seam Fastball,Sinker,Slider,-0.0103
Jesse Scholtens,Left-Handed Batter,All-or-Nothing Power Hitter,FF / SI / SL,Four-Seam Fastball,Sinker,Slider,0.0022
Jesse Scholtens,Left-Handed Batter,Disciplined All-Rounder,FF / SI / SL,Four-Seam Fastball,Sinker,Slider,-0.0051
Jesse Scholtens,Left-Handed Batter,Free-Swinging Slugger,FF / SI / SL,Four-Seam Fastball,Sinker,Slider,-0.0155
Jesse Scholtens,Left-Handed Batter,Complete Power Hitter,FF / SI / SL,Four-Seam Fastball,Sinker,Slider,0.033
Jesse Scholtens,Left-Handed Batter,Contact-Over-Power Hitter,FF / SI / SL,Four-Seam Fastball,Sinker,Slider,0.0403
Jesse Scholtens,Right-Handed Batter,Pure Slap Hitter,FF / SI / SL,Four-Seam Fastball,Sinker,Slider,-0.0104
Jesse Scholtens,Right-Handed Batter,All-or-Nothing Power Hitter,FF / SI / SL,Four-Seam Fastball,Sinker,Slider,-0.0076
Jesse Scholtens,Right-Handed Batter,Disciplined All-Rounder,FF / SI / SL,Four-Seam Fastball,Sinker,Slider,-0.0012
Jesse Scholtens,Right-Handed Batter,Free-Swinging Slugger,FF / SI / SL,Four-Seam Fastball,Sinker,Slider,-0.0061
Jesse Scholtens,Right-Handed Batter,Complete Power Hitter,FF / SI / SL,Four-Seam Fastball,Sinker,Slider,0.0077
Jesse Scholtens,Right-Handed Batter,Contact-Over-Power Hitter,FF / SI / SL,Four-Seam Fastball,Sinker,Slider,-0.0092
John Schreiber,Left-Handed Batter,Pure Slap Hitter,FF / SI / ST,Four-Seam Fastball,Sinker,Sweeper,0.0036
John Schreiber,Left-Handed Batter,All-or-Nothing Power Hitter,FF / SI / ST,Four-Seam Fastball,Sinker,Sweeper,0.0113
John Schreiber,Left-Handed Batter,Disciplined All-Rounder,FF / SI / ST,Four-Seam Fastball,Sinker,Sweeper,0.0356
John Schreiber,Left-Handed Batter,Free-Swinging Slugger,FF / SI / ST,Four-Seam Fastball,Sinker,Sweeper,-0.0018
John Schreiber,Left-Handed Batter,Complete Power Hitter,FF / SI / ST,Four-Seam Fastball,Sinker,Sweeper,0.0376
John Schreiber,Left-Handed Batter,Contact-Over-Power Hitter,FF / SI / ST,Four-Seam Fastball,Sinker,Sweeper,0.0022
John Schreiber,Right-Handed Batter,Pure Slap Hitter,FF / SI / ST,Four-Seam Fastball,Sinker,Sweeper,-0.0133
John Schreiber,Right-Handed Batter,All-or-Nothing Power Hitter,FF / SI / ST,Four-Seam Fastball,Sinker,Sweeper,-0.0073
John Schreiber,Right-Handed Batter,Disciplined All-Rounder,FF / SI / ST,Four-Seam Fastball,Sinker,Sweeper,-0.0158
John Schreiber,Right-Handed Batter,Free-Swinging Slugger,FF / SI / ST,Four-Seam Fastball,Sinker,Sweeper,-0.019
John Schreiber,Right-Handed Batter,Complete Power Hitter,FF / SI / ST,Four-Seam Fastball,Sinker,Sweeper,0.0074
John Schreiber,Right-Handed Batter,Contact-Over-Power Hitter,FF / SI / ST,Four-Seam Fastball,Sinker,Sweeper,0.0131
Ryan Watson,Left-Handed Batter,Pure Slap Hitter,CU / FF / ST,Curveball,Four-Seam Fastball,Sweeper,-0.0018
Ryan Watson,Left-Handed Batter,All-or-Nothing Power Hitter,FC / FF / ST,Cutter,Four-Seam Fastball,Sweeper,-0.0
Ryan Watson,Left-Handed Batter,Disciplined All-Rounder,FC / SI / ST,Cutter,Sinker,Sweeper,-0.0003
Ryan Watson,Left-Handed Batter,Free-Swinging Slugger,CU / SI / ST,Curveball,Sinker,Sweeper,0.0017
Ryan Watson,Left-Handed Batter,Complete Power Hitter,FC / SI / ST,Cutter,Sinker,Sweeper,-0.028
Ryan Watson,Left-Handed Batter,Contact-Over-Power Hitter,CU / FF / ST,Curveball,Four-Seam Fastball,Sweeper,0.0029
Ryan Watson,Right-Handed Batter,Pure Slap Hitter,CU / FC / FF,Curveball,Cutter,Four-Seam Fastball,-0.0043
Ryan Watson,Right-Handed Batter,All-or-Nothing Power Hitter,FF / SI / ST,Four-Seam Fastball,Sinker,Sweeper,-0.0228
Ryan Watson,Right-Handed Batter,Disciplined All-Rounder,CU / FF / ST,Curveball,Four-Seam Fastball,Sweeper,-0.0042
Ryan Watson,Right-Handed Batter,Free-Swinging Slugger,CU / FC / FF,Curveball,Cutter,Four-Seam Fastball,-0.0152
Ryan Watson,Right-Handed Batter,Complete Power Hitter,CU / FC / ST,Curveball,Cutter,Sweeper,-0.0071
Ryan Watson,Right-Handed Batter,Contact-Over-Power Hitter,CU / FF / SI,Curveball,Four-Seam Fastball,Sinker,-0.0246
David Bednar,Left-Handed Batter,Pure Slap Hitter,CU / FF / FS,Curveball,Four-Seam Fastball,Splitter,-0.0083
David Bednar,Left-Handed Batter,All-or-Nothing Power Hitter,CU / FF / FS,Curveball,Four-Seam Fastball,Splitter,-0.0085
David Bednar,Left-Handed Batter,Disciplined All-Rounder,CU / FF / FS,Curveball,Four-Seam Fastball,Splitter,-0.0055
David Bednar,Left-Handed Batter,Free-Swinging Slugger,CU / FF / FS,Curveball,Four-Seam Fastball,Splitter,-0.0042
David Bednar,Left-Handed Batter,Complete Power Hitter,CU / FF / FS,Curveball,Four-Seam Fastball,Splitter,-0.0012
David Bednar,Left-Handed Batter,Contact-Over-Power Hitter,CU / FF / FS,Curveball,Four-Seam Fastball,Splitter,-0.0127
David Bednar,Right-Handed Batter,Pure Slap Hitter,CU / FF / FS,Curveball,Four-Seam Fastball,Splitter,-0.0106
David Bednar,Right-Handed Batter,All-or-Nothing Power Hitter,CU / FF / FS,Curveball,Four-Seam Fastball,Splitter,-0.0042
David Bednar,Right-Handed Batter,Disciplined All-Rounder,CU / FF / FS,Curveball,Four-Seam Fastball,Splitter,-0.0115
David Bednar,Right-Handed Batter,Free-Swinging Slugger,CU / FF / FS,Curveball,Four-Seam Fastball,Splitter,0.0041
David Bednar,Right-Handed Batter,Complete Power Hitter,CU / FF / FS,Curveball,Four-Seam Fastball,Splitter,0.0013
David Bednar,Right-Handed Batter,Contact-Over-Power Hitter,CU / FF / FS,Curveball,Four-Seam Fastball,Splitter,0.0078
Rico Garcia,Left-Handed Batter,Pure Slap Hitter,CH / FF / SL,Changeup,Four-Seam Fastball,Slider,-0.0073
Rico Garcia,Left-Handed Batter,All-or-Nothing Power Hitter,CH / CU / SL,Changeup,Curveball,Slider,-0.0151
Rico Garcia,Left-Handed Batter,Disciplined All-Rounder,CH / FF / SL,Changeup,Four-Seam Fastball,Slider,-0.0169
Rico Garcia,Left-Handed Batter,Free-Swinging Slugger,CU / FF / SL,Curveball,Four-Seam Fastball,Slider,-0.0126
Rico Garcia,Left-Handed Batter,Complete Power Hitter,CH / FF / SL,Changeup,Four-Seam Fastball,Slider,-0.0026
Rico Garcia,Left-Handed Batter,Contact-Over-Power Hitter,CH / CU / SL,Changeup,Curveball,Slider,-0.0055
Rico Garcia,Right-Handed Batter,Pure Slap Hitter,CH / FF / SL,Changeup,Four-Seam Fastball,Slider,-0.0129
Rico Garcia,Right-Handed Batter,All-or-Nothing Power Hitter,CH / CU / SL,Changeup,Curveball,Slider,0.0034
Rico Garcia,Right-Handed Batter,Disciplined All-Rounder,CH / FF / SL,Changeup,Four-Seam Fastball,Slider,-0.0032
Rico Garcia,Right-Handed Batter,Free-Swinging Slugger,CH / CU / FF,Changeup,Curveball,Four-Seam Fastball,-0.0275
Rico Garcia,Right-Handed Batter,Complete Power Hitter,CH / CU / FF,Changeup,Curveball,Four-Seam Fastball,-0.001
Rico Garcia,Right-Handed Batter,Contact-Over-Power Hitter,CH / CU / SL,Changeup,Curveball,Slider,-0.0259
Adrián Morejón,Left-Handed Batter,Pure Slap Hitter,CH / FF / SI,Changeup,Four-Seam Fastball,Sinker,-0.016
Adrián Morejón,Left-Handed Batter,All-or-Nothing Power Hitter,CH / FF / SL,Changeup,Four-Seam Fastball,Slider,-0.0096
Adrián Morejón,Left-Handed Batter,Disciplined All-Rounder,CH / SI / SL,Changeup,Sinker,Slider,-0.0136
Adrián Morejón,Left-Handed Batter,Free-Swinging Slugger,CH / FF / SI,Changeup,Four-Seam Fastball,Sinker,-0.0176
Adrián Morejón,Left-Handed Batter,Complete Power Hitter,CH / FF / SI,Changeup,Four-Seam Fastball,Sinker,-0.0076
Adrián Morejón,Left-Handed Batter,Contact-Over-Power Hitter,CH / SI / SL,Changeup,Sinker,Slider,-0.0302
Adrián Morejón,Right-Handed Batter,Pure Slap Hitter,FF / SI / SL,Four-Seam Fastball,Sinker,Slider,-0.0372
Adrián Morejón,Right-Handed Batter,All-or-Nothing Power Hitter,CH / SI / SL,Changeup,Sinker,Slider,0.0045
Adrián Morejón,Right-Handed Batter,Disciplined All-Rounder,CH / FF / SL,Changeup,Four-Seam Fastball,Slider,-0.0117
Adrián Morejón,Right-Handed Batter,Free-Swinging Slugger,CH / SI / SL,Changeup,Sinker,Slider,-0.0163
Adrián Morejón,Right-Handed Batter,Complete Power Hitter,CH / FF / SI,Changeup,Four-Seam Fastball,Sinker,-0.0172
Adrián Morejón,Right-Handed Batter,Contact-Over-Power Hitter,CH / FF / SI,Changeup,Four-Seam Fastball,Sinker,-0.0118
Yohan Ramírez,Left-Handed Batter,Pure Slap Hitter,CU / SI / ST,Curveball,Sinker,Sweeper,-0.0003
Yohan Ramírez,Left-Handed Batter,All-or-Nothing Power Hitter,CU / SI / ST,Curveball,Sinker,Sweeper,0.0079
Yohan Ramírez,Left-Handed Batter,Disciplined All-Rounder,FF / SI / ST,Four-Seam Fastball,Sinker,Sweeper,-0.008
Yohan Ramírez,Left-Handed Batter,Free-Swinging Slugger,CU / FF / ST,Curveball,Four-Seam Fastball,Sweeper,-0.0106
Yohan Ramírez,Left-Handed Batter,Complete Power Hitter,CU / SI / ST,Curveball,Sinker,Sweeper,-0.0083
Yohan Ramírez,Left-Handed Batter,Contact-Over-Power Hitter,CU / SI / ST,Curveball,Sinker,Sweeper,-0.0024
Yohan Ramírez,Right-Handed Batter,Pure Slap Hitter,CU / FF / SI,Curveball,Four-Seam Fastball,Sinker,0.0038
Yohan Ramírez,Right-Handed Batter,All-or-Nothing Power Hitter,CU / SI / ST,Curveball,Sinker,Sweeper,-0.0155
Yohan Ramírez,Right-Handed Batter,Disciplined All-Rounder,CU / SI / ST,Curveball,Sinker,Sweeper,-0.0149
Yohan Ramírez,Right-Handed Batter,Free-Swinging Slugger,CU / FF / SI,Curveball,Four-Seam Fastball,Sinker,-0.0062
Yohan Ramírez,Right-Handed Batter,Complete Power Hitter,CU / FF / ST,Curveball,Four-Seam Fastball,Sweeper,-0.0156
Yohan Ramírez,Right-Handed Batter,Contact-Over-Power Hitter,CU / FF / SI,Curveball,Four-Seam Fastball,Sinker,-0.0183
Andrew Abbott,Left-Handed Batter,Pure Slap Hitter,CH / CU / FF,Changeup,Curveball,Four-Seam Fastball,-0.0093
Andrew Abbott,Left-Handed Batter,All-or-Nothing Power Hitter,CH / CU / FF,Changeup,Curveball,Four-Seam Fastball,0.0154
Andrew Abbott,Left-Handed Batter,Disciplined All-Rounder,CH / FF / ST,Changeup,Four-Seam Fastball,Sweeper,-0.0048
Andrew Abbott,Left-Handed Batter,Free-Swinging Slugger,CH / CU / ST,Changeup,Curveball,Sweeper,-0.021
Andrew Abbott,Left-Handed Batter,Complete Power Hitter,CH / CU / FF,Changeup,Curveball,Four-Seam Fastball,-0.0085
Andrew Abbott,Left-Handed Batter,Contact-Over-Power Hitter,CH / CU / ST,Changeup,Curveball,Sweeper,-0.0169
Andrew Abbott,Right-Handed Batter,Pure Slap Hitter,CH / CU / FF,Changeup,Curveball,Four-Seam Fastball,-0.0168
Andrew Abbott,Right-Handed Batter,All-or-Nothing Power Hitter,CH / CU / ST,Changeup,Curveball,Sweeper,-0.0136
Andrew Abbott,Right-Handed Batter,Disciplined All-Rounder,CH / CU / FF,Changeup,Curveball,Four-Seam Fastball,0.002
Andrew Abbott,Right-Handed Batter,Free-Swinging Slugger,CH / CU / ST,Changeup,Curveball,Sweeper,-0.0068
Andrew Abbott,Right-Handed Batter,Complete Power Hitter,CU / FF / ST,Curveball,Four-Seam Fastball,Sweeper,0.003
Andrew Abbott,Right-Handed Batter,Contact-Over-Power Hitter,CH / FF / ST,Changeup,Four-Seam Fastball,Sweeper,0.0011
Taj Bradley,Left-Handed Batter,Pure Slap Hitter,CU / FF / FS,Curveball,Four-Seam Fastball,Splitter,-0.0085
Taj Bradley,Left-Handed Batter,All-or-Nothing Power Hitter,CU / FF / FS,Curveball,Four-Seam Fastball,Splitter,-0.0093
Taj Bradley,Left-Handed Batter,Disciplined All-Rounder,CU / FC / FS,Curveball,Cutter,Splitter,0.0074
Taj Bradley,Left-Handed Batter,Free-Swinging Slugger,CU / FC / FF,Curveball,Cutter,Four-Seam Fastball,-0.0059
Taj Bradley,Left-Handed Batter,Complete Power Hitter,CU / FC / FS,Curveball,Cutter,Splitter,-0.0017
Taj Bradley,Left-Handed Batter,Contact-Over-Power Hitter,CU / FF / FS,Curveball,Four-Seam Fastball,Splitter,-0.0203
Taj Bradley,Right-Handed Batter,Pure Slap Hitter,CU / FC / FS,Curveball,Cutter,Splitter,-0.0091
Taj Bradley,Right-Handed Batter,All-or-Nothing Power Hitter,CU / FF / FS,Curveball,Four-Seam Fastball,Splitter,-0.0091
Taj Bradley,Right-Handed Batter,Disciplined All-Rounder,CU / FC / FF,Curveball,Cutter,Four-Seam Fastball,-0.0253
Taj Bradley,Right-Handed Batter,Free-Swinging Slugger,CU / FF / FS,Curveball,Four-Seam Fastball,Splitter,0.0031
Taj Bradley,Right-Handed Batter,Complete Power Hitter,CU / FC / FS,Curveball,Cutter,Splitter,0.0085
Taj Bradley,Right-Handed Batter,Contact-Over-Power Hitter,CU / FC / FF,Curveball,Cutter,Four-Seam Fastball,-0.0097
Cade Smith,Left-Handed Batter,Pure Slap Hitter,FF / FS / ST,Four-Seam Fastball,Splitter,Sweeper,-0.0185
Cade Smith,Left-Handed Batter,All-or-Nothing Power Hitter,FF / FS / ST,Four-Seam Fastball,Splitter,Sweeper,-0.0053
Cade Smith,Left-Handed Batter,Disciplined All-Rounder,FF / FS / ST,Four-Seam Fastball,Splitter,Sweeper,0.0016
Cade Smith,Left-Handed Batter,Free-Swinging Slugger,FF / FS / ST,Four-Seam Fastball,Splitter,Sweeper,0.0135
Cade Smith,Left-Handed Batter,Complete Power Hitter,FF / FS / ST,Four-Seam Fastball,Splitter,Sweeper,-0.0077
Cade Smith,Left-Handed Batter,Contact-Over-Power Hitter,FF / FS / ST,Four-Seam Fastball,Splitter,Sweeper,-0.0128
Cade Smith,Right-Handed Batter,Pure Slap Hitter,FF / FS / ST,Four-Seam Fastball,Splitter,Sweeper,0.003
Cade Smith,Right-Handed Batter,All-or-Nothing Power Hitter,FF / FS / ST,Four-Seam Fastball,Splitter,Sweeper,-0.0151
Cade Smith,Right-Handed Batter,Disciplined All-Rounder,FF / FS / ST,Four-Seam Fastball,Splitter,Sweeper,0.0115
Cade Smith,Right-Handed Batter,Free-Swinging Slugger,FF / FS / ST,Four-Seam Fastball,Splitter,Sweeper,-0.0058
Cade Smith,Right-Handed Batter,Complete Power Hitter,FF / FS / ST,Four-Seam Fastball,Splitter,Sweeper,0.0034
Cade Smith,Right-Handed Batter,Contact-Over-Power Hitter,FF / FS / ST,Four-Seam Fastball,Splitter,Sweeper,0.0046
Reid Detmers,Left-Handed Batter,Pure Slap Hitter,CH / FF / SL,Changeup,Four-Seam Fastball,Slider,-0.019
Reid Detmers,Left-Handed Batter,All-or-Nothing Power Hitter,CH / CU / FF,Changeup,Curveball,Four-Seam Fastball,-0.0257
Reid Detmers,Left-Handed Batter,Disciplined All-Rounder,CH / FF / SL,Changeup,Four-Seam Fastball,Slider,-0.0083
Reid Detmers,Left-Handed Batter,Free-Swinging Slugger,CH / CU / FF,Changeup,Curveball,Four-Seam Fastball,-0.0144
Reid Detmers,Left-Handed Batter,Complete Power Hitter,CH / CU / SL,Changeup,Curveball,Slider,-0.0012
Reid Detmers,Left-Handed Batter,Contact-Over-Power Hitter,CH / FF / SL,Changeup,Four-Seam Fastball,Slider,-0.0133
Reid Detmers,Right-Handed Batter,Pure Slap Hitter,CH / CU / FF,Changeup,Curveball,Four-Seam Fastball,-0.0165
Reid Detmers,Right-Handed Batter,All-or-Nothing Power Hitter,CH / FF / SL,Changeup,Four-Seam Fastball,Slider,0.0006
Reid Detmers,Right-Handed Batter,Disciplined All-Rounder,CH / CU / SL,Changeup,Curveball,Slider,0.0079
Reid Detmers,Right-Handed Batter,Free-Swinging Slugger,CU / FF / SL,Curveball,Four-Seam Fastball,Slider,-0.0132
Reid Detmers,Right-Handed Batter,Complete Power Hitter,CH / CU / SL,Changeup,Curveball,Slider,0.0001
Reid Detmers,Right-Handed Batter,Contact-Over-Power Hitter,CH / CU / SL,Changeup,Curveball,Slider,-0.0261
Cionel Pérez,Left-Handed Batter,Pure Slap Hitter,CU / FF / SI,Curveball,Four-Seam Fastball,Sinker,-0.0128
Cionel Pérez,Left-Handed Batter,All-or-Nothing Power Hitter,CU / FF / SV,Curveball,Four-Seam Fastball,Slurve,-0.0058
Cionel Pérez,Left-Handed Batter,Disciplined All-Rounder,CU / SI / SV,Curveball,Sinker,Slurve,-0.0035
Cionel Pérez,Left-Handed Batter,Free-Swinging Slugger,CU / FF / SI,Curveball,Four-Seam Fastball,Sinker,-0.0224
Cionel Pérez,Left-Handed Batter,Complete Power Hitter,CU / FF / SV,Curveball,Four-Seam Fastball,Slurve,0.0086
Cionel Pérez,Left-Handed Batter,Contact-Over-Power Hitter,CU / FF / SV,Curveball,Four-Seam Fastball,Slurve,-0.0237
Cionel Pérez,Right-Handed Batter,Pure Slap Hitter,CU / FF / SI,Curveball,Four-Seam Fastball,Sinker,0.008
Cionel Pérez,Right-Handed Batter,All-or-Nothing Power Hitter,CU / FF / SV,Curveball,Four-Seam Fastball,Slurve,-0.0066
Cionel Pérez,Right-Handed Batter,Disciplined All-Rounder,FF / SI / SV,Four-Seam Fastball,Sinker,Slurve,-0.0003
Cionel Pérez,Right-Handed Batter,Free-Swinging Slugger,CU / SI / SV,Curveball,Sinker,Slurve,-0.0221
Cionel Pérez,Right-Handed Batter,Complete Power Hitter,CU / SI / SV,Curveball,Sinker,Slurve,0.0054
Cionel Pérez,Right-Handed Batter,Contact-Over-Power Hitter,CU / FF / SI,Curveball,Four-Seam Fastball,Sinker,-0.0055
Keider Montero,Left-Handed Batter,Pure Slap Hitter,CH / KC / SI,Changeup,Knuckle Curve,Sinker,-0.0269
Keider Montero,Left-Handed Batter,All-or-Nothing Power Hitter,CH / SI / SL,Changeup,Sinker,Slider,-0.0109
Keider Montero,Left-Handed Batter,Disciplined All-Rounder,CH / FF / SI,Changeup,Four-Seam Fastball,Sinker,-0.0136
Keider Montero,Left-Handed Batter,Free-Swinging Slugger,CH / FF / SL,Changeup,Four-Seam Fastball,Slider,-0.0124
Keider Montero,Left-Handed Batter,Complete Power Hitter,CH / FF / SL,Changeup,Four-Seam Fastball,Slider,-0.02
Keider Montero,Left-Handed Batter,Contact-Over-Power Hitter,CH / FF / SI,Changeup,Four-Seam Fastball,Sinker,-0.0167
Keider Montero,Right-Handed Batter,Pure Slap Hitter,KC / SI / SL,Knuckle Curve,Sinker,Slider,-0.0172
Keider Montero,Right-Handed Batter,All-or-Nothing Power Hitter,CH / FF / KC,Changeup,Four-Seam Fastball,Knuckle Curve,0.0013
Keider Montero,Right-Handed Batter,Disciplined All-Rounder,CH / FF / SL,Changeup,Four-Seam Fastball,Slider,-0.0315
Keider Montero,Right-Handed Batter,Free-Swinging Slugger,FF / KC / SI,Four-Seam Fastball,Knuckle Curve,Sinker,-0.0161
Keider Montero,Right-Handed Batter,Complete Power Hitter,CH / KC / SL,Changeup,Knuckle Curve,Slider,-0.0063
Keider Montero,Right-Handed Batter,Contact-Over-Power Hitter,CH / SI / SL,Changeup,Sinker,Slider,-0.0301
Yoendrys Gómez,Left-Handed Batter,Pure Slap Hitter,FC / FF / ST,Cutter,Four-Seam Fastball,Sweeper,-0.0185
Yoendrys Gómez,Left-Handed Batter,All-or-Nothing Power Hitter,FC / FF / ST,Cutter,Four-Seam Fastball,Sweeper,0.0146
Yoendrys Gómez,Left-Handed Batter,Disciplined All-Rounder,FC / FF / ST,Cutter,Four-Seam Fastball,Sweeper,0.0002
Yoendrys Gómez,Left-Handed Batter,Free-Swinging Slugger,FC / FF / ST,Cutter,Four-Seam Fastball,Sweeper,-0.0098
Yoendrys Gómez,Left-Handed Batter,Complete Power Hitter,FC / FF / ST,Cutter,Four-Seam Fastball,Sweeper,0.0201
Yoendrys Gómez,Left-Handed Batter,Contact-Over-Power Hitter,FC / FF / ST,Cutter,Four-Seam Fastball,Sweeper,0.0112
Yoendrys Gómez,Right-Handed Batter,Pure Slap Hitter,FC / FF / ST,Cutter,Four-Seam Fastball,Sweeper,0.0082
Yoendrys Gómez,Right-Handed Batter,All-or-Nothing Power Hitter,FC / FF / ST,Cutter,Four-Seam Fastball,Sweeper,-0.0173
Yoendrys Gómez,Right-Handed Batter,Disciplined All-Rounder,FC / FF / ST,Cutter,Four-Seam Fastball,Sweeper,-0.0041
Yoendrys Gómez,Right-Handed Batter,Free-Swinging Slugger,FC / FF / ST,Cutter,Four-Seam Fastball,Sweeper,-0.0061
Yoendrys Gómez,Right-Handed Batter,Complete Power Hitter,FC / FF / ST,Cutter,Four-Seam Fastball,Sweeper,0.0229
Yoendrys Gómez,Right-Handed Batter,Contact-Over-Power Hitter,FC / FF / ST,Cutter,Four-Seam Fastball,Sweeper,-0.0103
Yuki Matsui,Left-Handed Batter,Pure Slap Hitter,FF / FS / SL,Four-Seam Fastball,Splitter,Slider,-0.0142
Yuki Matsui,Left-Handed Batter,All-or-Nothing Power Hitter,FF / FS / SL,Four-Seam Fastball,Splitter,Slider,0.0021
Yuki Matsui,Left-Handed Batter,Disciplined All-Rounder,FF / FS / SL,Four-Seam Fastball,Splitter,Slider,0.0178
Yuki Matsui,Left-Handed Batter,Free-Swinging Slugger,FF / FS / SL,Four-Seam Fastball,Splitter,Slider,-0.0184
Yuki Matsui,Left-Handed Batter,Complete Power Hitter,FF / FS / SL,Four-Seam Fastball,Splitter,Slider,-0.0111
Yuki Matsui,Left-Handed Batter,Contact-Over-Power Hitter,FF / FS / SL,Four-Seam Fastball,Splitter,Slider,-0.0261
Yuki Matsui,Right-Handed Batter,Pure Slap Hitter,FF / FS / SL,Four-Seam Fastball,Splitter,Slider,-0.0009
Yuki Matsui,Right-Handed Batter,All-or-Nothing Power Hitter,FF / FS / SL,Four-Seam Fastball,Splitter,Slider,-0.0164
Yuki Matsui,Right-Handed Batter,Disciplined All-Rounder,FF / FS / SL,Four-Seam Fastball,Splitter,Slider,0.007
Yuki Matsui,Right-Handed Batter,Free-Swinging Slugger,FF / FS / SL,Four-Seam Fastball,Splitter,Slider,-0.0176
Yuki Matsui,Right-Handed Batter,Complete Power Hitter,FF / FS / SL,Four-Seam Fastball,Splitter,Slider,0.0164
Yuki Matsui,Right-Handed Batter,Contact-Over-Power Hitter,FF / FS / SL,Four-Seam Fastball,Splitter,Slider,0.0181
Kodai Senga,Left-Handed Batter,Pure Slap Hitter,FC / FF / FO,Cutter,Four-Seam Fastball,,-0.0096
Kodai Senga,Left-Handed Batter,All-or-Nothing Power Hitter,FC / FF / FO,Cutter,Four-Seam Fastball,,0.0077
Kodai Senga,Left-Handed Batter,Disciplined All-Rounder,FC / FF / FO,Cutter,Four-Seam Fastball,,0.0078
Kodai Senga,Left-Handed Batter,Free-Swinging Slugger,FC / FF / FO,Cutter,Four-Seam Fastball,,-0.0071
Kodai Senga,Left-Handed Batter,Complete Power Hitter,FC / FF / FO,Cutter,Four-Seam Fastball,,0.0119
Kodai Senga,Left-Handed Batter,Contact-Over-Power Hitter,FC / FF / FO,Cutter,Four-Seam Fastball,,0.0103
Kodai Senga,Right-Handed Batter,Pure Slap Hitter,FC / FF / FO,Cutter,Four-Seam Fastball,,0.0025
Kodai Senga,Right-Handed Batter,All-or-Nothing Power Hitter,FC / FF / FO,Cutter,Four-Seam Fastball,,0.0019
Kodai Senga,Right-Handed Batter,Disciplined All-Rounder,FC / FF / FO,Cutter,Four-Seam Fastball,,0.0051
Kodai Senga,Right-Handed Batter,Free-Swinging Slugger,FC / FF / FO,Cutter,Four-Seam Fastball,,-0.0187
Kodai Senga,Right-Handed Batter,Complete Power Hitter,FC / FF / FO,Cutter,Four-Seam Fastball,,0.0298
Kodai Senga,Right-Handed Batter,Contact-Over-Power Hitter,FC / FF / FO,Cutter,Four-Seam Fastball,,0.0193
Steven Cruz,Left-Handed Batter,Pure Slap Hitter,FC / FF / SL,Cutter,Four-Seam Fastball,Slider,-0.0002
Steven Cruz,Left-Handed Batter,All-or-Nothing Power Hitter,FC / FF / SL,Cutter,Four-Seam Fastball,Slider,0.0
Steven Cruz,Left-Handed Batter,Disciplined All-Rounder,FC / FF / SL,Cutter,Four-Seam Fastball,Slider,0.0065
Steven Cruz,Left-Handed Batter,Free-Swinging Slugger,FC / FF / SL,Cutter,Four-Seam Fastball,Slider,-0.0009
Steven Cruz,Left-Handed Batter,Complete Power Hitter,FC / FF / SL,Cutter,Four-Seam Fastball,Slider,-0.005
Steven Cruz,Left-Handed Batter,Contact-Over-Power Hitter,FC / FF / SL,Cutter,Four-Seam Fastball,Slider,-0.0174
Steven Cruz,Right-Handed Batter,Pure Slap Hitter,FC / FF / SL,Cutter,Four-Seam Fastball,Slider,-0.0083
Steven Cruz,Right-Handed Batter,All-or-Nothing Power Hitter,FC / FF / SL,Cutter,Four-Seam Fastball,Slider,-0.0069
Steven Cruz,Right-Handed Batter,Disciplined All-Rounder,FC / FF / SL,Cutter,Four-Seam Fastball,Slider,0.012
Steven Cruz,Right-Handed Batter,Free-Swinging Slugger,FC / FF / SL,Cutter,Four-Seam Fastball,Slider,0.0006
Steven Cruz,Right-Handed Batter,Complete Power Hitter,FC / FF / SL,Cutter,Four-Seam Fastball,Slider,0.0151
Steven Cruz,Right-Handed Batter,Contact-Over-Power Hitter,FC / FF / SL,Cutter,Four-Seam Fastball,Slider,-0.0069
Andrew Alvarez,Left-Handed Batter,Pure Slap Hitter,CU / FF / SI,Curveball,Four-Seam Fastball,Sinker,-0.0086
Andrew Alvarez,Left-Handed Batter,All-or-Nothing Power Hitter,CU / FF / SL,Curveball,Four-Seam Fastball,Slider,-0.0055
Andrew Alvarez,Left-Handed Batter,Disciplined All-Rounder,FF / SI / SL,Four-Seam Fastball,Sinker,Slider,-0.003
Andrew Alvarez,Left-Handed Batter,Free-Swinging Slugger,FF / SI / SL,Four-Seam Fastball,Sinker,Slider,0.0001
Andrew Alvarez,Left-Handed Batter,Complete Power Hitter,CU / FF / SI,Curveball,Four-Seam Fastball,Sinker,-0.0003
Andrew Alvarez,Left-Handed Batter,Contact-Over-Power Hitter,CU / FF / SI,Curveball,Four-Seam Fastball,Sinker,-0.0149
Andrew Alvarez,Right-Handed Batter,Pure Slap Hitter,CU / SI / SL,Curveball,Sinker,Slider,-0.0058
Andrew Alvarez,Right-Handed Batter,All-or-Nothing Power Hitter,FF / SI / SL,Four-Seam Fastball,Sinker,Slider,0.0068
Andrew Alvarez,Right-Handed Batter,Disciplined All-Rounder,FF / SI / SL,Four-Seam Fastball,Sinker,Slider,-0.009
Andrew Alvarez,Right-Handed Batter,Free-Swinging Slugger,CU / FF / SI,Curveball,Four-Seam Fastball,Sinker,-0.0
Andrew Alvarez,Right-Handed Batter,Complete Power Hitter,CU / SI / SL,Curveball,Sinker,Slider,-0.0063
Andrew Alvarez,Right-Handed Batter,Contact-Over-Power Hitter,FF / SI / SL,Four-Seam Fastball,Sinker,Slider,-0.0097
Troy Melton,Left-Handed Batter,Pure Slap Hitter,FC / FF / SL,Cutter,Four-Seam Fastball,Slider,-0.0159
Troy Melton,Left-Handed Batter,All-or-Nothing Power Hitter,FC / FF / FS,Cutter,Four-Seam Fastball,Splitter,-0.0144
Troy Melton,Left-Handed Batter,Disciplined All-Rounder,FC / FS / SL,Cutter,Splitter,Slider,-0.0055
Troy Melton,Left-Handed Batter,Free-Swinging Slugger,FC / FF / SL,Cutter,Four-Seam Fastball,Slider,-0.0214
Troy Melton,Left-Handed Batter,Complete Power Hitter,FC / FS / SL,Cutter,Splitter,Slider,0.0037
Troy Melton,Left-Handed Batter,Contact-Over-Power Hitter,FC / FF / FS,Cutter,Four-Seam Fastball,Splitter,-0.0008
Troy Melton,Right-Handed Batter,Pure Slap Hitter,FC / FS / SL,Cutter,Splitter,Slider,-0.0181
Troy Melton,Right-Handed Batter,All-or-Nothing Power Hitter,FC / FS / SL,Cutter,Splitter,Slider,-0.0066
Troy Melton,Right-Handed Batter,Disciplined All-Rounder,FC / FF / FS,Cutter,Four-Seam Fastball,Splitter,-0.0195
Troy Melton,Right-Handed Batter,Free-Swinging Slugger,FC / FF / SL,Cutter,Four-Seam Fastball,Slider,-0.0189
Troy Melton,Right-Handed Batter,Complete Power Hitter,FC / FF / SL,Cutter,Four-Seam Fastball,Slider,-0.0219
Troy Melton,Right-Handed Batter,Contact-Over-Power Hitter,FF / FS / SL,Four-Seam Fastball,Splitter,Slider,-0.0181
Shane Drohan,Left-Handed Batter,Pure Slap Hitter,CU / FC / SI,Curveball,Cutter,Sinker,-0.0216
Shane Drohan,Left-Handed Batter,All-or-Nothing Power Hitter,CU / FC / SL,Curveball,Cutter,Slider,-0.0187
Shane Drohan,Left-Handed Batter,Disciplined All-Rounder,CU / FC / FF,Curveball,Cutter,Four-Seam Fastball,0.0101
Shane Drohan,Left-Handed Batter,Free-Swinging Slugger,CU / FF / SL,Curveball,Four-Seam Fastball,Slider,-0.0256
Shane Drohan,Left-Handed Batter,Complete Power Hitter,CU / FF / SL,Curveball,Four-Seam Fastball,Slider,-0.0094
Shane Drohan,Left-Handed Batter,Contact-Over-Power Hitter,CU / FC / FF,Curveball,Cutter,Four-Seam Fastball,-0.0156
Shane Drohan,Right-Handed Batter,Pure Slap Hitter,CU / FF / SI,Curveball,Four-Seam Fastball,Sinker,-0.007
Shane Drohan,Right-Handed Batter,All-or-Nothing Power Hitter,FC / FF / SL,Cutter,Four-Seam Fastball,Slider,-0.0073
Shane Drohan,Right-Handed Batter,Disciplined All-Rounder,FC / FF / SL,Cutter,Four-Seam Fastball,Slider,-0.0177
Shane Drohan,Right-Handed Batter,Free-Swinging Slugger,FC / SI / SL,Cutter,Sinker,Slider,-0.0132
Shane Drohan,Right-Handed Batter,Complete Power Hitter,FC / FF / SL,Cutter,Four-Seam Fastball,Slider,-0.0116
Shane Drohan,Right-Handed Batter,Contact-Over-Power Hitter,FC / FF / SI,Cutter,Four-Seam Fastball,Sinker,-0.0141
Spencer Strider,Left-Handed Batter,Pure Slap Hitter,CU / FF / SL,Curveball,Four-Seam Fastball,Slider,-0.003
Spencer Strider,Left-Handed Batter,All-or-Nothing Power Hitter,CU / FF / SL,Curveball,Four-Seam Fastball,Slider,0.0421
Spencer Strider,Left-Handed Batter,Disciplined All-Rounder,CU / FF / SL,Curveball,Four-Seam Fastball,Slider,-0.0105
Spencer Strider,Left-Handed Batter,Free-Swinging Slugger,CU / FF / SL,Curveball,Four-Seam Fastball,Slider,0.0047
Spencer Strider,Left-Handed Batter,Complete Power Hitter,CU / FF / SL,Curveball,Four-Seam Fastball,Slider,0.0031
Spencer Strider,Left-Handed Batter,Contact-Over-Power Hitter,CU / FF / SL,Curveball,Four-Seam Fastball,Slider,0.0036
Spencer Strider,Right-Handed Batter,Pure Slap Hitter,CU / FF / SL,Curveball,Four-Seam Fastball,Slider,-0.0098
Spencer Strider,Right-Handed Batter,All-or-Nothing Power Hitter,CU / FF / SL,Curveball,Four-Seam Fastball,Slider,-0.0133
Spencer Strider,Right-Handed Batter,Disciplined All-Rounder,CU / FF / SL,Curveball,Four-Seam Fastball,Slider,0.0167
Spencer Strider,Right-Handed Batter,Free-Swinging Slugger,CU / FF / SL,Curveball,Four-Seam Fastball,Slider,0.0112
Spencer Strider,Right-Handed Batter,Complete Power Hitter,CU / FF / SL,Curveball,Four-Seam Fastball,Slider,0.0162
Spencer Strider,Right-Handed Batter,Contact-Over-Power Hitter,CU / FF / SL,Curveball,Four-Seam Fastball,Slider,0.0058
Janson Junk,Left-Handed Batter,Pure Slap Hitter,CH / FF / ST,Changeup,Four-Seam Fastball,Sweeper,-0.0015
Janson Junk,Left-Handed Batter,All-or-Nothing Power Hitter,FF / SL / ST,Four-Seam Fastball,Slider,Sweeper,-0.0129
Janson Junk,Left-Handed Batter,Disciplined All-Rounder,FF / SL / ST,Four-Seam Fastball,Slider,Sweeper,-0.0108
Janson Junk,Left-Handed Batter,Free-Swinging Slugger,FF / SL / ST,Four-Seam Fastball,Slider,Sweeper,-0.0151
Janson Junk,Left-Handed Batter,Complete Power Hitter,CH / SL / ST,Changeup,Slider,Sweeper,0.0223
Janson Junk,Left-Handed Batter,Contact-Over-Power Hitter,CH / FF / ST,Changeup,Four-Seam Fastball,Sweeper,-0.0094
Janson Junk,Right-Handed Batter,Pure Slap Hitter,CH / SL / ST,Changeup,Slider,Sweeper,-0.0047
Janson Junk,Right-Handed Batter,All-or-Nothing Power Hitter,CH / SL / ST,Changeup,Slider,Sweeper,0.0037
Janson Junk,Right-Handed Batter,Disciplined All-Rounder,CH / FF / SL,Changeup,Four-Seam Fastball,Slider,-0.02
Janson Junk,Right-Handed Batter,Free-Swinging Slugger,CH / SL / ST,Changeup,Slider,Sweeper,-0.0248
Janson Junk,Right-Handed Batter,Complete Power Hitter,CH / FF / SL,Changeup,Four-Seam Fastball,Slider,-0.0063
Janson Junk,Right-Handed Batter,Contact-Over-Power Hitter,CH / FF / ST,Changeup,Four-Seam Fastball,Sweeper,-0.0132
Emerson Hancock,Left-Handed Batter,Pure Slap Hitter,FC / SI / ST,Cutter,Sinker,Sweeper,-0.0173
Emerson Hancock,Left-Handed Batter,All-or-Nothing Power Hitter,CH / FF / ST,Changeup,Four-Seam Fastball,Sweeper,-0.0148
Emerson Hancock,Left-Handed Batter,Disciplined All-Rounder,CH / FC / FF,Changeup,Cutter,Four-Seam Fastball,-0.0105
Emerson Hancock,Left-Handed Batter,Free-Swinging Slugger,CH / FF / SI,Changeup,Four-Seam Fastball,Sinker,-0.0363
Emerson Hancock,Left-Handed Batter,Complete Power Hitter,FF / SI / ST,Four-Seam Fastball,Sinker,Sweeper,-0.0076
Emerson Hancock,Left-Handed Batter,Contact-Over-Power Hitter,FC / FF / SI,Cutter,Four-Seam Fastball,Sinker,-0.0195
Emerson Hancock,Right-Handed Batter,Pure Slap Hitter,CH / FC / SI,Changeup,Cutter,Sinker,-0.0219
Emerson Hancock,Right-Handed Batter,All-or-Nothing Power Hitter,CH / FF / SI,Changeup,Four-Seam Fastball,Sinker,-0.0167
Emerson Hancock,Right-Handed Batter,Disciplined All-Rounder,CH / FC / FF,Changeup,Cutter,Four-Seam Fastball,0.0016
Emerson Hancock,Right-Handed Batter,Free-Swinging Slugger,CH / FC / SI,Changeup,Cutter,Sinker,-0.0277
Emerson Hancock,Right-Handed Batter,Complete Power Hitter,CH / FC / FF,Changeup,Cutter,Four-Seam Fastball,-0.03
Emerson Hancock,Right-Handed Batter,Contact-Over-Power Hitter,CH / FC / FF,Changeup,Cutter,Four-Seam Fastball,-0.0174
Jack Dreyer,Left-Handed Batter,Pure Slap Hitter,CU / FF / SL,Curveball,Four-Seam Fastball,Slider,0.0032
Jack Dreyer,Left-Handed Batter,All-or-Nothing Power Hitter,CU / FF / SL,Curveball,Four-Seam Fastball,Slider,0.0047
Jack Dreyer,Left-Handed Batter,Disciplined All-Rounder,CU / FF / SL,Curveball,Four-Seam Fastball,Slider,0.0005
Jack Dreyer,Left-Handed Batter,Free-Swinging Slugger,CU / FF / SL,Curveball,Four-Seam Fastball,Slider,-0.0166
Jack Dreyer,Left-Handed Batter,Complete Power Hitter,CU / FF / SL,Curveball,Four-Seam Fastball,Slider,-0.0163
Jack Dreyer,Left-Handed Batter,Contact-Over-Power Hitter,CU / FF / SL,Curveball,Four-Seam Fastball,Slider,-0.0243
Jack Dreyer,Right-Handed Batter,Pure Slap Hitter,CU / FF / SL,Curveball,Four-Seam Fastball,Slider,0.012
Jack Dreyer,Right-Handed Batter,All-or-Nothing Power Hitter,CU / FF / SL,Curveball,Four-Seam Fastball,Slider,0.0238
Jack Dreyer,Right-Handed Batter,Disciplined All-Rounder,CU / FF / SL,Curveball,Four-Seam Fastball,Slider,0.0044
Jack Dreyer,Right-Handed Batter,Free-Swinging Slugger,CU / FF / SL,Curveball,Four-Seam Fastball,Slider,-0.012
Jack Dreyer,Right-Handed Batter,Complete Power Hitter,CU / FF / SL,Curveball,Four-Seam Fastball,Slider,0.0026
Jack Dreyer,Right-Handed Batter,Contact-Over-Power Hitter,CU / FF / SL,Curveball,Four-Seam Fastball,Slider,-0.0133
Joey Cantillo,Left-Handed Batter,Pure Slap Hitter,CH / FC / SL,Changeup,Cutter,Slider,-0.0046
Joey Cantillo,Left-Handed Batter,All-or-Nothing Power Hitter,CU / FC / SL,Curveball,Cutter,Slider,0.0034
Joey Cantillo,Left-Handed Batter,Disciplined All-Rounder,CH / FC / SL,Changeup,Cutter,Slider,-0.0217
Joey Cantillo,Left-Handed Batter,Free-Swinging Slugger,CU / FF / SL,Curveball,Four-Seam Fastball,Slider,-0.01
Joey Cantillo,Left-Handed Batter,Complete Power Hitter,CH / CU / FF,Changeup,Curveball,Four-Seam Fastball,-0.0082
Joey Cantillo,Left-Handed Batter,Contact-Over-Power Hitter,CU / FC / FF,Curveball,Cutter,Four-Seam Fastball,-0.0112
Joey Cantillo,Right-Handed Batter,Pure Slap Hitter,FC / FF / SL,Cutter,Four-Seam Fastball,Slider,0.0094
Joey Cantillo,Right-Handed Batter,All-or-Nothing Power Hitter,CH / FC / SL,Changeup,Cutter,Slider,-0.0221
Joey Cantillo,Right-Handed Batter,Disciplined All-Rounder,CH / CU / SL,Changeup,Curveball,Slider,0.0149
Joey Cantillo,Right-Handed Batter,Free-Swinging Slugger,CH / FF / SL,Changeup,Four-Seam Fastball,Slider,-0.0052
Joey Cantillo,Right-Handed Batter,Complete Power Hitter,CU / FC / SL,Curveball,Cutter,Slider,-0.0188
Joey Cantillo,Right-Handed Batter,Contact-Over-Power Hitter,CU / FC / SL,Curveball,Cutter,Slider,-0.0073
Tanner Bibee,Left-Handed Batter,Pure Slap Hitter,CH / FC / ST,Changeup,Cutter,Sweeper,-0.0077
Tanner Bibee,Left-Handed Batter,All-or-Nothing Power Hitter,CH / SI / ST,Changeup,Sinker,Sweeper,-0.0095
Tanner Bibee,Left-Handed Batter,Disciplined All-Rounder,FF / SI / ST,Four-Seam Fastball,Sinker,Sweeper,-0.0293
Tanner Bibee,Left-Handed Batter,Free-Swinging Slugger,CH / FC / SI,Changeup,Cutter,Sinker,-0.0189
Tanner Bibee,Left-Handed Batter,Complete Power Hitter,FC / FF / ST,Cutter,Four-Seam Fastball,Sweeper,-0.0109
Tanner Bibee,Left-Handed Batter,Contact-Over-Power Hitter,CU / SI / ST,Curveball,Sinker,Sweeper,-0.0048
Tanner Bibee,Right-Handed Batter,Pure Slap Hitter,CU / SI / ST,Curveball,Sinker,Sweeper,-0.0222
Tanner Bibee,Right-Handed Batter,All-or-Nothing Power Hitter,CH / FC / ST,Changeup,Cutter,Sweeper,-0.0045
Tanner Bibee,Right-Handed Batter,Disciplined All-Rounder,CH / SI / ST,Changeup,Sinker,Sweeper,-0.0132
Tanner Bibee,Right-Handed Batter,Free-Swinging Slugger,CH / FC / SI,Changeup,Cutter,Sinker,-0.0191
Tanner Bibee,Right-Handed Batter,Complete Power Hitter,CH / SI / ST,Changeup,Sinker,Sweeper,-0.0108
Tanner Bibee,Right-Handed Batter,Contact-Over-Power Hitter,CU / FC / ST,Curveball,Cutter,Sweeper,-0.0158
Garrett Whitlock,Left-Handed Batter,Pure Slap Hitter,CH / SI / SL,Changeup,Sinker,Slider,-0.0051
Garrett Whitlock,Left-Handed Batter,All-or-Nothing Power Hitter,CH / SI / SL,Changeup,Sinker,Slider,-0.0012
Garrett Whitlock,Left-Handed Batter,Disciplined All-Rounder,CH / SI / SL,Changeup,Sinker,Slider,-0.0099
Garrett Whitlock,Left-Handed Batter,Free-Swinging Slugger,CH / SI / SL,Changeup,Sinker,Slider,-0.0032
Garrett Whitlock,Left-Handed Batter,Complete Power Hitter,CH / SI / SL,Changeup,Sinker,Slider,-0.0116
Garrett Whitlock,Left-Handed Batter,Contact-Over-Power Hitter,CH / SI / SL,Changeup,Sinker,Slider,-0.0157
Garrett Whitlock,Right-Handed Batter,Pure Slap Hitter,CH / SI / SL,Changeup,Sinker,Slider,-0.017
Garrett Whitlock,Right-Handed Batter,All-or-Nothing Power Hitter,CH / SI / SL,Changeup,Sinker,Slider,-0.0067
Garrett Whitlock,Right-Handed Batter,Disciplined All-Rounder,CH / SI / SL,Changeup,Sinker,Slider,-0.0349
Garrett Whitlock,Right-Handed Batter,Free-Swinging Slugger,CH / SI / SL,Changeup,Sinker,Slider,-0.021
Garrett Whitlock,Right-Handed Batter,Complete Power Hitter,CH / SI / SL,Changeup,Sinker,Slider,0.0195
Garrett Whitlock,Right-Handed Batter,Contact-Over-Power Hitter,CH / SI / SL,Changeup,Sinker,Slider,0.0094
Calvin Faucher,Left-Handed Batter,Pure Slap Hitter,CU / SI / ST,Curveball,Sinker,Sweeper,0.003
Calvin Faucher,Left-Handed Batter,All-or-Nothing Power Hitter,FC / SI / ST,Cutter,Sinker,Sweeper,-0.009
Calvin Faucher,Left-Handed Batter,Disciplined All-Rounder,CU / SI / ST,Curveball,Sinker,Sweeper,-0.0093
Calvin Faucher,Left-Handed Batter,Free-Swinging Slugger,FC / SI / ST,Cutter,Sinker,Sweeper,-0.0075
Calvin Faucher,Left-Handed Batter,Complete Power Hitter,FC / SI / ST,Cutter,Sinker,Sweeper,0.0033
Calvin Faucher,Left-Handed Batter,Contact-Over-Power Hitter,CU / SI / ST,Curveball,Sinker,Sweeper,-0.0071
Calvin Faucher,Right-Handed Batter,Pure Slap Hitter,CU / SI / ST,Curveball,Sinker,Sweeper,-0.0087
Calvin Faucher,Right-Handed Batter,All-or-Nothing Power Hitter,CU / FC / ST,Curveball,Cutter,Sweeper,-0.0058
Calvin Faucher,Right-Handed Batter,Disciplined All-Rounder,CU / SI / ST,Curveball,Sinker,Sweeper,-0.0079
Calvin Faucher,Right-Handed Batter,Free-Swinging Slugger,CU / FC / SI,Curveball,Cutter,Sinker,-0.0151
Calvin Faucher,Right-Handed Batter,Complete Power Hitter,CU / SI / ST,Curveball,Sinker,Sweeper,0.003
Calvin Faucher,Right-Handed Batter,Contact-Over-Power Hitter,CU / FC / SI,Curveball,Cutter,Sinker,-0.0198
Pj Poulin,Left-Handed Batter,Pure Slap Hitter,FF / SI / ST,Four-Seam Fastball,Sinker,Sweeper,-0.0125
Pj Poulin,Left-Handed Batter,All-or-Nothing Power Hitter,FF / SI / ST,Four-Seam Fastball,Sinker,Sweeper,0.0172
Pj Poulin,Left-Handed Batter,Disciplined All-Rounder,FF / SI / ST,Four-Seam Fastball,Sinker,Sweeper,0.0036
Pj Poulin,Left-Handed Batter,Free-Swinging Slugger,FF / SI / ST,Four-Seam Fastball,Sinker,Sweeper,-0.0089
Pj Poulin,Left-Handed Batter,Complete Power Hitter,FF / SI / ST,Four-Seam Fastball,Sinker,Sweeper,-0.0134
Pj Poulin,Left-Handed Batter,Contact-Over-Power Hitter,FF / SI / ST,Four-Seam Fastball,Sinker,Sweeper,-0.0166
Pj Poulin,Right-Handed Batter,Pure Slap Hitter,FF / SI / ST,Four-Seam Fastball,Sinker,Sweeper,-0.0051
Pj Poulin,Right-Handed Batter,All-or-Nothing Power Hitter,FF / SI / ST,Four-Seam Fastball,Sinker,Sweeper,0.0249
Pj Poulin,Right-Handed Batter,Disciplined All-Rounder,FF / SI / ST,Four-Seam Fastball,Sinker,Sweeper,-0.0168
Pj Poulin,Right-Handed Batter,Free-Swinging Slugger,FF / SI / ST,Four-Seam Fastball,Sinker,Sweeper,-0.0251
Pj Poulin,Right-Handed Batter,Complete Power Hitter,FF / SI / ST,Four-Seam Fastball,Sinker,Sweeper,0.0272
Pj Poulin,Right-Handed Batter,Contact-Over-Power Hitter,FF / SI / ST,Four-Seam Fastball,Sinker,Sweeper,-0.009
Ron Marinaccio,Left-Handed Batter,Pure Slap Hitter,CH / FC / FF,Changeup,Cutter,Four-Seam Fastball,0.0048
Ron Marinaccio,Left-Handed Batter,All-or-Nothing Power Hitter,CH / FC / FF,Changeup,Cutter,Four-Seam Fastball,0.0044
Ron Marinaccio,Left-Handed Batter,Disciplined All-Rounder,CH / FC / FF,Changeup,Cutter,Four-Seam Fastball,0.0003
Ron Marinaccio,Left-Handed Batter,Free-Swinging Slugger,CH / FC / FF,Changeup,Cutter,Four-Seam Fastball,0.0065
Ron Marinaccio,Left-Handed Batter,Complete Power Hitter,CH / FC / FF,Changeup,Cutter,Four-Seam Fastball,0.0007
Ron Marinaccio,Left-Handed Batter,Contact-Over-Power Hitter,CH / FC / FF,Changeup,Cutter,Four-Seam Fastball,0.0105
Ron Marinaccio,Right-Handed Batter,Pure Slap Hitter,CH / FC / FF,Changeup,Cutter,Four-Seam Fastball,-0.0132
Ron Marinaccio,Right-Handed Batter,All-or-Nothing Power Hitter,CH / FC / FF,Changeup,Cutter,Four-Seam Fastball,0.0151
Ron Marinaccio,Right-Handed Batter,Disciplined All-Rounder,CH / FC / FF,Changeup,Cutter,Four-Seam Fastball,-0.0066
Ron Marinaccio,Right-Handed Batter,Free-Swinging Slugger,CH / FC / FF,Changeup,Cutter,Four-Seam Fastball,0.0146
Ron Marinaccio,Right-Handed Batter,Complete Power Hitter,CH / FC / FF,Changeup,Cutter,Four-Seam Fastball,-0.004
Ron Marinaccio,Right-Handed Batter,Contact-Over-Power Hitter,CH / FC / FF,Changeup,Cutter,Four-Seam Fastball,0.0135
Keaton Winn,Left-Handed Batter,Pure Slap Hitter,FF / FS / SI,Four-Seam Fastball,Splitter,Sinker,-0.0196
Keaton Winn,Left-Handed Batter,All-or-Nothing Power Hitter,FF / FS / SI,Four-Seam Fastball,Splitter,Sinker,0.0104
Keaton Winn,Left-Handed Batter,Disciplined All-Rounder,FF / FS / SI,Four-Seam Fastball,Splitter,Sinker,-0.0003
Keaton Winn,Left-Handed Batter,Free-Swinging Slugger,FF / FS / SI,Four-Seam Fastball,Splitter,Sinker,0.0128
Keaton Winn,Left-Handed Batter,Complete Power Hitter,FF / FS / SI,Four-Seam Fastball,Splitter,Sinker,0.0271
Keaton Winn,Left-Handed Batter,Contact-Over-Power Hitter,FF / FS / SI,Four-Seam Fastball,Splitter,Sinker,0.0027
Keaton Winn,Right-Handed Batter,Pure Slap Hitter,FF / FS / SI,Four-Seam Fastball,Splitter,Sinker,-0.0126
Keaton Winn,Right-Handed Batter,All-or-Nothing Power Hitter,FF / FS / SI,Four-Seam Fastball,Splitter,Sinker,-0.0019
Keaton Winn,Right-Handed Batter,Disciplined All-Rounder,FF / FS / SI,Four-Seam Fastball,Splitter,Sinker,-0.0136
Keaton Winn,Right-Handed Batter,Free-Swinging Slugger,FF / FS / SI,Four-Seam Fastball,Splitter,Sinker,-0.0048
Keaton Winn,Right-Handed Batter,Complete Power Hitter,FF / FS / SI,Four-Seam Fastball,Splitter,Sinker,-0.0043
Keaton Winn,Right-Handed Batter,Contact-Over-Power Hitter,FF / FS / SI,Four-Seam Fastball,Splitter,Sinker,-0.0114
Aaron Ashby,Left-Handed Batter,Pure Slap Hitter,CH / SI / SL,Changeup,Sinker,Slider,-0.0104
Aaron Ashby,Left-Handed Batter,All-or-Nothing Power Hitter,CH / SI / SL,Changeup,Sinker,Slider,-0.0089
Aaron Ashby,Left-Handed Batter,Disciplined All-Rounder,CH / CU / SI,Changeup,Curveball,Sinker,-0.0131
Aaron Ashby,Left-Handed Batter,Free-Swinging Slugger,CH / CU / SL,Changeup,Curveball,Slider,-0.0215
Aaron Ashby,Left-Handed Batter,Complete Power Hitter,CH / CU / SL,Changeup,Curveball,Slider,-0.0072
Aaron Ashby,Left-Handed Batter,Contact-Over-Power Hitter,CH / CU / SI,Changeup,Curveball,Sinker,-0.0136
Aaron Ashby,Right-Handed Batter,Pure Slap Hitter,CH / CU / SL,Changeup,Curveball,Slider,0.0011
Aaron Ashby,Right-Handed Batter,All-or-Nothing Power Hitter,CH / SI / SL,Changeup,Sinker,Slider,0.0096
Aaron Ashby,Right-Handed Batter,Disciplined All-Rounder,CU / SI / SL,Curveball,Sinker,Slider,-0.0073
Aaron Ashby,Right-Handed Batter,Free-Swinging Slugger,CH / CU / SL,Changeup,Curveball,Slider,-0.0169
Aaron Ashby,Right-Handed Batter,Complete Power Hitter,CU / SI / SL,Curveball,Sinker,Slider,-0.0131
Aaron Ashby,Right-Handed Batter,Contact-Over-Power Hitter,CU / SI / SL,Curveball,Sinker,Slider,0.0019
Cade Cavalli,Left-Handed Batter,Pure Slap Hitter,FC / KC / SI,Cutter,Knuckle Curve,Sinker,0.0008
Cade Cavalli,Left-Handed Batter,All-or-Nothing Power Hitter,CH / FC / ST,Changeup,Cutter,Sweeper,-0.0218
Cade Cavalli,Left-Handed Batter,Disciplined All-Rounder,CH / FC / SI,Changeup,Cutter,Sinker,-0.0195
Cade Cavalli,Left-Handed Batter,Free-Swinging Slugger,FC / KC / ST,Cutter,Knuckle Curve,Sweeper,-0.0215
Cade Cavalli,Left-Handed Batter,Complete Power Hitter,FC / SI / ST,Cutter,Sinker,Sweeper,-0.0126
Cade Cavalli,Left-Handed Batter,Contact-Over-Power Hitter,KC / SI / ST,Knuckle Curve,Sinker,Sweeper,-0.0133
Cade Cavalli,Right-Handed Batter,Pure Slap Hitter,CH / FC / FF,Changeup,Cutter,Four-Seam Fastball,-0.0295
Cade Cavalli,Right-Handed Batter,All-or-Nothing Power Hitter,CH / FC / ST,Changeup,Cutter,Sweeper,-0.0171
Cade Cavalli,Right-Handed Batter,Disciplined All-Rounder,FC / SI / ST,Cutter,Sinker,Sweeper,-0.014
Cade Cavalli,Right-Handed Batter,Free-Swinging Slugger,CH / KC / ST,Changeup,Knuckle Curve,Sweeper,-0.0153
Cade Cavalli,Right-Handed Batter,Complete Power Hitter,CH / FC / KC,Changeup,Cutter,Knuckle Curve,-0.017
Cade Cavalli,Right-Handed Batter,Contact-Over-Power Hitter,CH / FC / ST,Changeup,Cutter,Sweeper,-0.0078
Ben Brown,Left-Handed Batter,Pure Slap Hitter,FF / KC / SI,Four-Seam Fastball,Knuckle Curve,Sinker,-0.0118
Ben Brown,Left-Handed Batter,All-or-Nothing Power Hitter,FF / KC / SI,Four-Seam Fastball,Knuckle Curve,Sinker,-0.004
Ben Brown,Left-Handed Batter,Disciplined All-Rounder,FF / KC / SI,Four-Seam Fastball,Knuckle Curve,Sinker,0.0077
Ben Brown,Left-Handed Batter,Free-Swinging Slugger,FF / KC / SI,Four-Seam Fastball,Knuckle Curve,Sinker,-0.0013
Ben Brown,Left-Handed Batter,Complete Power Hitter,FF / KC / SI,Four-Seam Fastball,Knuckle Curve,Sinker,-0.0087
Ben Brown,Left-Handed Batter,Contact-Over-Power Hitter,FF / KC / SI,Four-Seam Fastball,Knuckle Curve,Sinker,-0.0147
Ben Brown,Right-Handed Batter,Pure Slap Hitter,FF / KC / SI,Four-Seam Fastball,Knuckle Curve,Sinker,-0.018
Ben Brown,Right-Handed Batter,All-or-Nothing Power Hitter,FF / KC / SI,Four-Seam Fastball,Knuckle Curve,Sinker,0.0036
Ben Brown,Right-Handed Batter,Disciplined All-Rounder,FF / KC / SI,Four-Seam Fastball,Knuckle Curve,Sinker,-0.005
Ben Brown,Right-Handed Batter,Free-Swinging Slugger,FF / KC / SI,Four-Seam Fastball,Knuckle Curve,Sinker,-0.0202
Ben Brown,Right-Handed Batter,Complete Power Hitter,FF / KC / SI,Four-Seam Fastball,Knuckle Curve,Sinker,-0.011
Ben Brown,Right-Handed Batter,Contact-Over-Power Hitter,FF / KC / SI,Four-Seam Fastball,Knuckle Curve,Sinker,-0.0208
Max Meyer,Left-Handed Batter,Pure Slap Hitter,FF / SI / SL,Four-Seam Fastball,Sinker,Slider,-0.0041
Max Meyer,Left-Handed Batter,All-or-Nothing Power Hitter,FF / SL / ST,Four-Seam Fastball,Slider,Sweeper,-0.0235
Max Meyer,Left-Handed Batter,Disciplined All-Rounder,FF / SI / ST,Four-Seam Fastball,Sinker,Sweeper,-0.0029
Max Meyer,Left-Handed Batter,Free-Swinging Slugger,CH / SI / SL,Changeup,Sinker,Slider,-0.0067
Max Meyer,Left-Handed Batter,Complete Power Hitter,CH / FF / SL,Changeup,Four-Seam Fastball,Slider,-0.0081
Max Meyer,Left-Handed Batter,Contact-Over-Power Hitter,CH / SI / ST,Changeup,Sinker,Sweeper,-0.0302
Max Meyer,Right-Handed Batter,Pure Slap Hitter,CH / FF / SI,Changeup,Four-Seam Fastball,Sinker,-0.021
Max Meyer,Right-Handed Batter,All-or-Nothing Power Hitter,CH / FF / ST,Changeup,Four-Seam Fastball,Sweeper,-0.0139
Max Meyer,Right-Handed Batter,Disciplined All-Rounder,CH / SI / SL,Changeup,Sinker,Slider,-0.0229
Max Meyer,Right-Handed Batter,Free-Swinging Slugger,CH / SL / ST,Changeup,Slider,Sweeper,-0.033
Max Meyer,Right-Handed Batter,Complete Power Hitter,CH / SI / ST,Changeup,Sinker,Sweeper,0.0039
Max Meyer,Right-Handed Batter,Contact-Over-Power Hitter,CH / SI / SL,Changeup,Sinker,Slider,-0.025
Garrett Crochet,Left-Handed Batter,Pure Slap Hitter,FC / FF / SI,Cutter,Four-Seam Fastball,Sinker,-0.0066
Garrett Crochet,Left-Handed Batter,All-or-Nothing Power Hitter,FC / FF / SI,Cutter,Four-Seam Fastball,Sinker,0.0031
Garrett Crochet,Left-Handed Batter,Disciplined All-Rounder,FC / FF / SI,Cutter,Four-Seam Fastball,Sinker,-0.0057
Garrett Crochet,Left-Handed Batter,Free-Swinging Slugger,FC / FF / SI,Cutter,Four-Seam Fastball,Sinker,-0.0034
Garrett Crochet,Left-Handed Batter,Complete Power Hitter,FC / FF / SI,Cutter,Four-Seam Fastball,Sinker,0.0074
Garrett Crochet,Left-Handed Batter,Contact-Over-Power Hitter,FC / FF / SI,Cutter,Four-Seam Fastball,Sinker,-0.0112
Garrett Crochet,Right-Handed Batter,Pure Slap Hitter,FC / FF / SI,Cutter,Four-Seam Fastball,Sinker,0.0016
Garrett Crochet,Right-Handed Batter,All-or-Nothing Power Hitter,FC / FF / SI,Cutter,Four-Seam Fastball,Sinker,0.0159
Garrett Crochet,Right-Handed Batter,Disciplined All-Rounder,FC / FF / SI,Cutter,Four-Seam Fastball,Sinker,0.0047
Garrett Crochet,Right-Handed Batter,Free-Swinging Slugger,FC / FF / SI,Cutter,Four-Seam Fastball,Sinker,0.0085
Garrett Crochet,Right-Handed Batter,Complete Power Hitter,FC / FF / SI,Cutter,Four-Seam Fastball,Sinker,0.0156
Garrett Crochet,Right-Handed Batter,Contact-Over-Power Hitter,FC / FF / SI,Cutter,Four-Seam Fastball,Sinker,-0.0073
Slade Cecconi,Left-Handed Batter,Pure Slap Hitter,CU / FC / SI,Curveball,Cutter,Sinker,-0.0099
Slade Cecconi,Left-Handed Batter,All-or-Nothing Power Hitter,CU / FF / SI,Curveball,Four-Seam Fastball,Sinker,-0.0142
Slade Cecconi,Left-Handed Batter,Disciplined All-Rounder,CU / FC / SI,Curveball,Cutter,Sinker,-0.0014
Slade Cecconi,Left-Handed Batter,Free-Swinging Slugger,CU / FC / FF,Curveball,Cutter,Four-Seam Fastball,-0.0234
Slade Cecconi,Left-Handed Batter,Complete Power Hitter,CU / FC / SI,Curveball,Cutter,Sinker,0.0108
Slade Cecconi,Left-Handed Batter,Contact-Over-Power Hitter,CU / FC / FF,Curveball,Cutter,Four-Seam Fastball,0.0027
Slade Cecconi,Right-Handed Batter,Pure Slap Hitter,CU / FC / FF,Curveball,Cutter,Four-Seam Fastball,-0.0133
Slade Cecconi,Right-Handed Batter,All-or-Nothing Power Hitter,CU / FC / FF,Curveball,Cutter,Four-Seam Fastball,-0.016
Slade Cecconi,Right-Handed Batter,Disciplined All-Rounder,CU / FC / SI,Curveball,Cutter,Sinker,0.0002
Slade Cecconi,Right-Handed Batter,Free-Swinging Slugger,CU / FC / SI,Curveball,Cutter,Sinker,-0.008
Slade Cecconi,Right-Handed Batter,Complete Power Hitter,FC / FF / SI,Cutter,Four-Seam Fastball,Sinker,0.0111
Slade Cecconi,Right-Handed Batter,Contact-Over-Power Hitter,CU / FC / FF,Curveball,Cutter,Four-Seam Fastball,-0.0222
Braxton Ashcraft,Left-Handed Batter,Pure Slap Hitter,CU / SI / SL,Curveball,Sinker,Slider,0.0053
Braxton Ashcraft,Left-Handed Batter,All-or-Nothing Power Hitter,CU / SI / SL,Curveball,Sinker,Slider,-0.0208
Braxton Ashcraft,Left-Handed Batter,Disciplined All-Rounder,CU / SI / SL,Curveball,Sinker,Slider,-0.011
Braxton Ashcraft,Left-Handed Batter,Free-Swinging Slugger,CU / FF / SI,Curveball,Four-Seam Fastball,Sinker,-0.0171
Braxton Ashcraft,Left-Handed Batter,Complete Power Hitter,CU / FF / SI,Curveball,Four-Seam Fastball,Sinker,-0.0124
Braxton Ashcraft,Left-Handed Batter,Contact-Over-Power Hitter,CU / SI / SL,Curveball,Sinker,Slider,-0.0018
Braxton Ashcraft,Right-Handed Batter,Pure Slap Hitter,FF / SI / SL,Four-Seam Fastball,Sinker,Slider,-0.012
Braxton Ashcraft,Right-Handed Batter,All-or-Nothing Power Hitter,FF / SI / SL,Four-Seam Fastball,Sinker,Slider,-0.0106
Braxton Ashcraft,Right-Handed Batter,Disciplined All-Rounder,CU / FF / SI,Curveball,Four-Seam Fastball,Sinker,-0.0053
Braxton Ashcraft,Right-Handed Batter,Free-Swinging Slugger,FF / SI / SL,Four-Seam Fastball,Sinker,Slider,-0.033
Braxton Ashcraft,Right-Handed Batter,Complete Power Hitter,CU / FF / SL,Curveball,Four-Seam Fastball,Slider,-0.0036
Braxton Ashcraft,Right-Handed Batter,Contact-Over-Power Hitter,CU / FF / SI,Curveball,Four-Seam Fastball,Sinker,-0.0091
Kumar Rocker,Left-Handed Batter,Pure Slap Hitter,FC / FF / SL,Cutter,Four-Seam Fastball,Slider,-0.0134
Kumar Rocker,Left-Handed Batter,All-or-Nothing Power Hitter,FF / SI / SL,Four-Seam Fastball,Sinker,Slider,-0.0027
Kumar Rocker,Left-Handed Batter,Disciplined All-Rounder,FC / FF / SL,Cutter,Four-Seam Fastball,Slider,-0.0065
Kumar Rocker,Left-Handed Batter,Free-Swinging Slugger,FC / SI / SL,Cutter,Sinker,Slider,-0.0275
Kumar Rocker,Left-Handed Batter,Complete Power Hitter,FC / FF / SL,Cutter,Four-Seam Fastball,Slider,0.0195
Kumar Rocker,Left-Handed Batter,Contact-Over-Power Hitter,FC / FF / SL,Cutter,Four-Seam Fastball,Slider,-0.0048
Kumar Rocker,Right-Handed Batter,Pure Slap Hitter,FC / FF / SI,Cutter,Four-Seam Fastball,Sinker,-0.0318
Kumar Rocker,Right-Handed Batter,All-or-Nothing Power Hitter,FC / FF / SL,Cutter,Four-Seam Fastball,Slider,-0.0198
Kumar Rocker,Right-Handed Batter,Disciplined All-Rounder,FC / FF / SI,Cutter,Four-Seam Fastball,Sinker,-0.0037
Kumar Rocker,Right-Handed Batter,Free-Swinging Slugger,FC / FF / SL,Cutter,Four-Seam Fastball,Slider,-0.004
Kumar Rocker,Right-Handed Batter,Complete Power Hitter,FC / FF / SI,Cutter,Four-Seam Fastball,Sinker,0.0013
Kumar Rocker,Right-Handed Batter,Contact-Over-Power Hitter,FF / SI / SL,Four-Seam Fastball,Sinker,Slider,-0.0165
Ryan Weathers,Left-Handed Batter,Pure Slap Hitter,CH / FF / SL,Changeup,Four-Seam Fastball,Slider,-0.0135
Ryan Weathers,Left-Handed Batter,All-or-Nothing Power Hitter,CH / SI / SL,Changeup,Sinker,Slider,0.0047
Ryan Weathers,Left-Handed Batter,Disciplined All-Rounder,CH / SI / SL,Changeup,Sinker,Slider,-0.0166
Ryan Weathers,Left-Handed Batter,Free-Swinging Slugger,CH / FF / SI,Changeup,Four-Seam Fastball,Sinker,-0.0131
Ryan Weathers,Left-Handed Batter,Complete Power Hitter,FF / SI / ST,Four-Seam Fastball,Sinker,Sweeper,-0.0079
Ryan Weathers,Left-Handed Batter,Contact-Over-Power Hitter,CH / SI / SL,Changeup,Sinker,Slider,-0.0207
Ryan Weathers,Right-Handed Batter,Pure Slap Hitter,FF / SI / SL,Four-Seam Fastball,Sinker,Slider,-0.0145
Ryan Weathers,Right-Handed Batter,All-or-Nothing Power Hitter,CH / SI / ST,Changeup,Sinker,Sweeper,0.0076
Ryan Weathers,Right-Handed Batter,Disciplined All-Rounder,SI / SL / ST,Sinker,Slider,Sweeper,-0.0028
Ryan Weathers,Right-Handed Batter,Free-Swinging Slugger,CH / FF / SI,Changeup,Four-Seam Fastball,Sinker,-0.0127
Ryan Weathers,Right-Handed Batter,Complete Power Hitter,CH / SL / ST,Changeup,Slider,Sweeper,-0.0105
Ryan Weathers,Right-Handed Batter,Contact-Over-Power Hitter,CH / FF / SI,Changeup,Four-Seam Fastball,Sinker,-0.0114
Randy Dobnak,Left-Handed Batter,Pure Slap Hitter,CH / SI / ST,Changeup,Sinker,Sweeper,0.0144
Randy Dobnak,Left-Handed Batter,All-or-Nothing Power Hitter,CH / SI / ST,Changeup,Sinker,Sweeper,-0.0023
Randy Dobnak,Left-Handed Batter,Disciplined All-Rounder,CH / SI / ST,Changeup,Sinker,Sweeper,-0.0109
Randy Dobnak,Left-Handed Batter,Free-Swinging Slugger,CH / SI / ST,Changeup,Sinker,Sweeper,-0.021
Randy Dobnak,Left-Handed Batter,Complete Power Hitter,CH / SI / ST,Changeup,Sinker,Sweeper,-0.0149
Randy Dobnak,Left-Handed Batter,Contact-Over-Power Hitter,CH / SI / ST,Changeup,Sinker,Sweeper,0.001
Randy Dobnak,Right-Handed Batter,Pure Slap Hitter,CH / SI / ST,Changeup,Sinker,Sweeper,-0.0039
Randy Dobnak,Right-Handed Batter,All-or-Nothing Power Hitter,CH / SI / ST,Changeup,Sinker,Sweeper,0.0063
Randy Dobnak,Right-Handed Batter,Disciplined All-Rounder,CH / SI / ST,Changeup,Sinker,Sweeper,-0.0075
Randy Dobnak,Right-Handed Batter,Free-Swinging Slugger,CH / SI / ST,Changeup,Sinker,Sweeper,-0.0152
Randy Dobnak,Right-Handed Batter,Complete Power Hitter,CH / SI / ST,Changeup,Sinker,Sweeper,0.0107
Randy Dobnak,Right-Handed Batter,Contact-Over-Power Hitter,CH / SI / ST,Changeup,Sinker,Sweeper,-0.0048
Jack Perkins,Left-Handed Batter,Pure Slap Hitter,CH / FC / ST,Changeup,Cutter,Sweeper,0.007
Jack Perkins,Left-Handed Batter,All-or-Nothing Power Hitter,CH / FC / ST,Changeup,Cutter,Sweeper,-0.0098
Jack Perkins,Left-Handed Batter,Disciplined All-Rounder,FC / FF / ST,Cutter,Four-Seam Fastball,Sweeper,0.0039
Jack Perkins,Left-Handed Batter,Free-Swinging Slugger,CH / FC / ST,Changeup,Cutter,Sweeper,-0.0146
Jack Perkins,Left-Handed Batter,Complete Power Hitter,FC / FF / ST,Cutter,Four-Seam Fastball,Sweeper,0.0092
Jack Perkins,Left-Handed Batter,Contact-Over-Power Hitter,CH / FC / ST,Changeup,Cutter,Sweeper,-0.015
Jack Perkins,Right-Handed Batter,Pure Slap Hitter,CH / FC / FF,Changeup,Cutter,Four-Seam Fastball,-0.0205
Jack Perkins,Right-Handed Batter,All-or-Nothing Power Hitter,CH / FC / ST,Changeup,Cutter,Sweeper,-0.0097
Jack Perkins,Right-Handed Batter,Disciplined All-Rounder,CH / FC / FF,Changeup,Cutter,Four-Seam Fastball,0.0121
Jack Perkins,Right-Handed Batter,Free-Swinging Slugger,CH / FC / ST,Changeup,Cutter,Sweeper,-0.0054
Jack Perkins,Right-Handed Batter,Complete Power Hitter,CH / FF / ST,Changeup,Four-Seam Fastball,Sweeper,0.0058
Jack Perkins,Right-Handed Batter,Contact-Over-Power Hitter,CH / FF / ST,Changeup,Four-Seam Fastball,Sweeper,-0.0265
Brayan Bello,Left-Handed Batter,Pure Slap Hitter,CH / SI / ST,Changeup,Sinker,Sweeper,-0.022
Brayan Bello,Left-Handed Batter,All-or-Nothing Power Hitter,CH / FC / ST,Changeup,Cutter,Sweeper,-0.0191
Brayan Bello,Left-Handed Batter,Disciplined All-Rounder,CH / SI / ST,Changeup,Sinker,Sweeper,-0.0016
Brayan Bello,Left-Handed Batter,Free-Swinging Slugger,CH / FC / ST,Changeup,Cutter,Sweeper,-0.0021
Brayan Bello,Left-Handed Batter,Complete Power Hitter,CH / SI / ST,Changeup,Sinker,Sweeper,0.0091
Brayan Bello,Left-Handed Batter,Contact-Over-Power Hitter,CH / FC / ST,Changeup,Cutter,Sweeper,-0.0193
Brayan Bello,Right-Handed Batter,Pure Slap Hitter,CH / FC / SI,Changeup,Cutter,Sinker,-0.0239
Brayan Bello,Right-Handed Batter,All-or-Nothing Power Hitter,CH / SI / ST,Changeup,Sinker,Sweeper,-0.0089
Brayan Bello,Right-Handed Batter,Disciplined All-Rounder,CH / FC / ST,Changeup,Cutter,Sweeper,0.0065
Brayan Bello,Right-Handed Batter,Free-Swinging Slugger,CH / SI / ST,Changeup,Sinker,Sweeper,-0.0231
Brayan Bello,Right-Handed Batter,Complete Power Hitter,CH / SI / ST,Changeup,Sinker,Sweeper,-0.0042
Brayan Bello,Right-Handed Batter,Contact-Over-Power Hitter,CH / FC / ST,Changeup,Cutter,Sweeper,-0.0167
Kai-Wei Teng,Left-Handed Batter,Pure Slap Hitter,CH / CU / SI,Changeup,Curveball,Sinker,-0.0054
Kai-Wei Teng,Left-Handed Batter,All-or-Nothing Power Hitter,FF / SI / ST,Four-Seam Fastball,Sinker,Sweeper,-0.0131
Kai-Wei Teng,Left-Handed Batter,Disciplined All-Rounder,CU / FF / ST,Curveball,Four-Seam Fastball,Sweeper,0.0159
Kai-Wei Teng,Left-Handed Batter,Free-Swinging Slugger,FF / SI / ST,Four-Seam Fastball,Sinker,Sweeper,-0.0006
Kai-Wei Teng,Left-Handed Batter,Complete Power Hitter,CU / SI / ST,Curveball,Sinker,Sweeper,-0.0006
Kai-Wei Teng,Left-Handed Batter,Contact-Over-Power Hitter,CH / CU / ST,Changeup,Curveball,Sweeper,-0.0085
Kai-Wei Teng,Right-Handed Batter,Pure Slap Hitter,CH / CU / ST,Changeup,Curveball,Sweeper,-0.0186
Kai-Wei Teng,Right-Handed Batter,All-or-Nothing Power Hitter,CH / CU / FF,Changeup,Curveball,Four-Seam Fastball,-0.0136
Kai-Wei Teng,Right-Handed Batter,Disciplined All-Rounder,FF / SI / ST,Four-Seam Fastball,Sinker,Sweeper,-0.0197
Kai-Wei Teng,Right-Handed Batter,Free-Swinging Slugger,CH / CU / SI,Changeup,Curveball,Sinker,-0.0113
Kai-Wei Teng,Right-Handed Batter,Complete Power Hitter,CH / CU / SI,Changeup,Curveball,Sinker,0.0007
Kai-Wei Teng,Right-Handed Batter,Contact-Over-Power Hitter,CH / CU / SI,Changeup,Curveball,Sinker,-0.0273
Luinder Avila,Left-Handed Batter,Pure Slap Hitter,CH / FF / SL,Changeup,Four-Seam Fastball,Slider,-0.0072
Luinder Avila,Left-Handed Batter,All-or-Nothing Power Hitter,CH / SI / SL,Changeup,Sinker,Slider,-0.0022
Luinder Avila,Left-Handed Batter,Disciplined All-Rounder,CU / SI / SL,Curveball,Sinker,Slider,-0.0016
Luinder Avila,Left-Handed Batter,Free-Swinging Slugger,CH / CU / SL,Changeup,Curveball,Slider,-0.0096
Luinder Avila,Left-Handed Batter,Complete Power Hitter,FF / SI / SL,Four-Seam Fastball,Sinker,Slider,-0.0198
Luinder Avila,Left-Handed Batter,Contact-Over-Power Hitter,CH / SI / SL,Changeup,Sinker,Slider,-0.0193
Luinder Avila,Right-Handed Batter,Pure Slap Hitter,CH / CU / SI,Changeup,Curveball,Sinker,-0.0071
Luinder Avila,Right-Handed Batter,All-or-Nothing Power Hitter,CH / FF / SI,Changeup,Four-Seam Fastball,Sinker,-0.0088
Luinder Avila,Right-Handed Batter,Disciplined All-Rounder,CH / SI / SL,Changeup,Sinker,Slider,0.002
Luinder Avila,Right-Handed Batter,Free-Swinging Slugger,CH / FF / SI,Changeup,Four-Seam Fastball,Sinker,-0.0035
Luinder Avila,Right-Handed Batter,Complete Power Hitter,CH / FF / SI,Changeup,Four-Seam Fastball,Sinker,0.0126
Luinder Avila,Right-Handed Batter,Contact-Over-Power Hitter,CH / SI / SL,Changeup,Sinker,Slider,-0.0113
Grayson Rodriguez,Left-Handed Batter,Pure Slap Hitter,CU / FF / SL,Curveball,Four-Seam Fastball,Slider,-0.0064
Grayson Rodriguez,Left-Handed Batter,All-or-Nothing Power Hitter,CU / FF / SL,Curveball,Four-Seam Fastball,Slider,0.0038
Grayson Rodriguez,Left-Handed Batter,Disciplined All-Rounder,CU / FF / SL,Curveball,Four-Seam Fastball,Slider,-0.0007
Grayson Rodriguez,Left-Handed Batter,Free-Swinging Slugger,CH / CU / SL,Changeup,Curveball,Slider,-0.0039
Grayson Rodriguez,Left-Handed Batter,Complete Power Hitter,CH / CU / SL,Changeup,Curveball,Slider,0.0037
Grayson Rodriguez,Left-Handed Batter,Contact-Over-Power Hitter,CH / CU / SL,Changeup,Curveball,Slider,0.0112
Grayson Rodriguez,Right-Handed Batter,Pure Slap Hitter,CH / FF / SL,Changeup,Four-Seam Fastball,Slider,-0.001
Grayson Rodriguez,Right-Handed Batter,All-or-Nothing Power Hitter,CH / CU / SL,Changeup,Curveball,Slider,0.0073
Grayson Rodriguez,Right-Handed Batter,Disciplined All-Rounder,CH / CU / FF,Changeup,Curveball,Four-Seam Fastball,-0.0149
Grayson Rodriguez,Right-Handed Batter,Free-Swinging Slugger,CH / CU / FF,Changeup,Curveball,Four-Seam Fastball,-0.0169
Grayson Rodriguez,Right-Handed Batter,Complete Power Hitter,CH / CU / SL,Changeup,Curveball,Slider,0.0091
Grayson Rodriguez,Right-Handed Batter,Contact-Over-Power Hitter,CU / FF / SL,Curveball,Four-Seam Fastball,Slider,-0.0227
Simeon Woods Richardson,Left-Handed Batter,Pure Slap Hitter,FF / FS / SL,Four-Seam Fastball,Splitter,Slider,0.032
Simeon Woods Richardson,Left-Handed Batter,All-or-Nothing Power Hitter,FF / FS / SL,Four-Seam Fastball,Splitter,Slider,0.0101
Simeon Woods Richardson,Left-Handed Batter,Disciplined All-Rounder,FF / FS / SL,Four-Seam Fastball,Splitter,Slider,-0.0111
Simeon Woods Richardson,Left-Handed Batter,Free-Swinging Slugger,FF / FS / SL,Four-Seam Fastball,Splitter,Slider,0.0005
Simeon Woods Richardson,Left-Handed Batter,Complete Power Hitter,FF / FS / SL,Four-Seam Fastball,Splitter,Slider,0.0118
Simeon Woods Richardson,Left-Handed Batter,Contact-Over-Power Hitter,FF / FS / SL,Four-Seam Fastball,Splitter,Slider,-0.0042
Simeon Woods Richardson,Right-Handed Batter,Pure Slap Hitter,FF / FS / SL,Four-Seam Fastball,Splitter,Slider,0.0015
Simeon Woods Richardson,Right-Handed Batter,All-or-Nothing Power Hitter,FF / FS / SL,Four-Seam Fastball,Splitter,Slider,0.014
Simeon Woods Richardson,Right-Handed Batter,Disciplined All-Rounder,FF / FS / SL,Four-Seam Fastball,Splitter,Slider,0.0114
Simeon Woods Richardson,Right-Handed Batter,Free-Swinging Slugger,FF / FS / SL,Four-Seam Fastball,Splitter,Slider,-0.0038
Simeon Woods Richardson,Right-Handed Batter,Complete Power Hitter,FF / FS / SL,Four-Seam Fastball,Splitter,Slider,0.0072
Simeon Woods Richardson,Right-Handed Batter,Contact-Over-Power Hitter,FF / FS / SL,Four-Seam Fastball,Splitter,Slider,0.012
Kyle Bradish,Left-Handed Batter,Pure Slap Hitter,FF / SI / SL,Four-Seam Fastball,Sinker,Slider,-0.0098
Kyle Bradish,Left-Handed Batter,All-or-Nothing Power Hitter,CU / FF / SL,Curveball,Four-Seam Fastball,Slider,0.0003
Kyle Bradish,Left-Handed Batter,Disciplined All-Rounder,FF / SI / SL,Four-Seam Fastball,Sinker,Slider,-0.0066
Kyle Bradish,Left-Handed Batter,Free-Swinging Slugger,CU / FF / SI,Curveball,Four-Seam Fastball,Sinker,-0.0149
Kyle Bradish,Left-Handed Batter,Complete Power Hitter,CU / FF / SI,Curveball,Four-Seam Fastball,Sinker,-0.0046
Kyle Bradish,Left-Handed Batter,Contact-Over-Power Hitter,CU / FF / SL,Curveball,Four-Seam Fastball,Slider,-0.0168
Kyle Bradish,Right-Handed Batter,Pure Slap Hitter,CU / FF / SI,Curveball,Four-Seam Fastball,Sinker,0.0002
Kyle Bradish,Right-Handed Batter,All-or-Nothing Power Hitter,CU / FF / SI,Curveball,Four-Seam Fastball,Sinker,-0.0038
Kyle Bradish,Right-Handed Batter,Disciplined All-Rounder,CU / FF / SI,Curveball,Four-Seam Fastball,Sinker,0.0015
Kyle Bradish,Right-Handed Batter,Free-Swinging Slugger,FF / SI / SL,Four-Seam Fastball,Sinker,Slider,-0.0037
Kyle Bradish,Right-Handed Batter,Complete Power Hitter,CU / FF / SI,Curveball,Four-Seam Fastball,Sinker,-0.0036
Kyle Bradish,Right-Handed Batter,Contact-Over-Power Hitter,CU / FF / SI,Curveball,Four-Seam Fastball,Sinker,-0.0117
Mitchell Parker,Left-Handed Batter,Pure Slap Hitter,CU / FF / SL,Curveball,Four-Seam Fastball,Slider,0.0122
Mitchell Parker,Left-Handed Batter,All-or-Nothing Power Hitter,CU / FF / SL,Curveball,Four-Seam Fastball,Slider,-0.0017
Mitchell Parker,Left-Handed Batter,Disciplined All-Rounder,CU / FF / SL,Curveball,Four-Seam Fastball,Slider,-0.0033
Mitchell Parker,Left-Handed Batter,Free-Swinging Slugger,CU / FF / SL,Curveball,Four-Seam Fastball,Slider,0.0217
Mitchell Parker,Left-Handed Batter,Complete Power Hitter,CU / FF / SL,Curveball,Four-Seam Fastball,Slider,0.0217
Mitchell Parker,Left-Handed Batter,Contact-Over-Power Hitter,CU / FF / SL,Curveball,Four-Seam Fastball,Slider,0.0025
Mitchell Parker,Right-Handed Batter,Pure Slap Hitter,CU / FF / SL,Curveball,Four-Seam Fastball,Slider,0.0097
Mitchell Parker,Right-Handed Batter,All-or-Nothing Power Hitter,CU / FF / SL,Curveball,Four-Seam Fastball,Slider,0.0118
Mitchell Parker,Right-Handed Batter,Disciplined All-Rounder,CU / FF / SL,Curveball,Four-Seam Fastball,Slider,-0.0015
Mitchell Parker,Right-Handed Batter,Free-Swinging Slugger,CU / FF / SL,Curveball,Four-Seam Fastball,Slider,0.0038
Mitchell Parker,Right-Handed Batter,Complete Power Hitter,CU / FF / SL,Curveball,Four-Seam Fastball,Slider,0.0144
Mitchell Parker,Right-Handed Batter,Contact-Over-Power Hitter,CU / FF / SL,Curveball,Four-Seam Fastball,Slider,0.0065
Sean Burke,Left-Handed Batter,Pure Slap Hitter,FC / SI / SL,Cutter,Sinker,Slider,-0.0167
Sean Burke,Left-Handed Batter,All-or-Nothing Power Hitter,FC / KC / SL,Cutter,Knuckle Curve,Slider,0.0055
Sean Burke,Left-Handed Batter,Disciplined All-Rounder,FC / KC / SI,Cutter,Knuckle Curve,Sinker,-0.006
Sean Burke,Left-Handed Batter,Free-Swinging Slugger,FC / KC / SL,Cutter,Knuckle Curve,Slider,-0.0157
Sean Burke,Left-Handed Batter,Complete Power Hitter,FC / KC / SI,Cutter,Knuckle Curve,Sinker,0.0048
Sean Burke,Left-Handed Batter,Contact-Over-Power Hitter,FC / FF / SL,Cutter,Four-Seam Fastball,Slider,-0.0357
Sean Burke,Right-Handed Batter,Pure Slap Hitter,FC / FF / SI,Cutter,Four-Seam Fastball,Sinker,-0.0112
Sean Burke,Right-Handed Batter,All-or-Nothing Power Hitter,FC / FF / SI,Cutter,Four-Seam Fastball,Sinker,-0.0196
Sean Burke,Right-Handed Batter,Disciplined All-Rounder,FC / FF / KC,Cutter,Four-Seam Fastball,Knuckle Curve,-0.0154
Sean Burke,Right-Handed Batter,Free-Swinging Slugger,FC / FF / KC,Cutter,Four-Seam Fastball,Knuckle Curve,-0.0241
Sean Burke,Right-Handed Batter,Complete Power Hitter,FC / FF / SI,Cutter,Four-Seam Fastball,Sinker,-0.0132
Sean Burke,Right-Handed Batter,Contact-Over-Power Hitter,FC / FF / KC,Cutter,Four-Seam Fastball,Knuckle Curve,-0.0137
Justin Wrobleski,Left-Handed Batter,Pure Slap Hitter,CH / SI / SL,Changeup,Sinker,Slider,-0.0226
Justin Wrobleski,Left-Handed Batter,All-or-Nothing Power Hitter,CH / SI / SL,Changeup,Sinker,Slider,0.0191
Justin Wrobleski,Left-Handed Batter,Disciplined All-Rounder,CH / FF / SL,Changeup,Four-Seam Fastball,Slider,-0.0123
Justin Wrobleski,Left-Handed Batter,Free-Swinging Slugger,CH / FF / SL,Changeup,Four-Seam Fastball,Slider,-0.0026
Justin Wrobleski,Left-Handed Batter,Complete Power Hitter,CH / FF / SL,Changeup,Four-Seam Fastball,Slider,-0.0091
Justin Wrobleski,Left-Handed Batter,Contact-Over-Power Hitter,CH / FF / SI,Changeup,Four-Seam Fastball,Sinker,-0.018
Justin Wrobleski,Right-Handed Batter,Pure Slap Hitter,CH / FF / SI,Changeup,Four-Seam Fastball,Sinker,-0.0079
Justin Wrobleski,Right-Handed Batter,All-or-Nothing Power Hitter,CH / SI / SL,Changeup,Sinker,Slider,-0.0211
Justin Wrobleski,Right-Handed Batter,Disciplined All-Rounder,CH / FF / SI,Changeup,Four-Seam Fastball,Sinker,-0.0062
Justin Wrobleski,Right-Handed Batter,Free-Swinging Slugger,CH / FF / SI,Changeup,Four-Seam Fastball,Sinker,-0.0185
Justin Wrobleski,Right-Handed Batter,Complete Power Hitter,CH / FF / SI,Changeup,Four-Seam Fastball,Sinker,-0.0192
Justin Wrobleski,Right-Handed Batter,Contact-Over-Power Hitter,CH / FF / SI,Changeup,Four-Seam Fastball,Sinker,-0.0113
Jonathan Bowlan,Left-Handed Batter,Pure Slap Hitter,CH / FF / SL,Changeup,Four-Seam Fastball,Slider,-0.0052
Jonathan Bowlan,Left-Handed Batter,All-or-Nothing Power Hitter,CH / FF / SL,Changeup,Four-Seam Fastball,Slider,0.0102
Jonathan Bowlan,Left-Handed Batter,Disciplined All-Rounder,CH / FF / SL,Changeup,Four-Seam Fastball,Slider,-0.0056
Jonathan Bowlan,Left-Handed Batter,Free-Swinging Slugger,CH / FF / SL,Changeup,Four-Seam Fastball,Slider,-0.0168
Jonathan Bowlan,Left-Handed Batter,Complete Power Hitter,CH / FF / SL,Changeup,Four-Seam Fastball,Slider,-0.016
Jonathan Bowlan,Left-Handed Batter,Contact-Over-Power Hitter,CH / FF / SL,Changeup,Four-Seam Fastball,Slider,-0.0064
Jonathan Bowlan,Right-Handed Batter,Pure Slap Hitter,CH / FF / SL,Changeup,Four-Seam Fastball,Slider,-0.0018
Jonathan Bowlan,Right-Handed Batter,All-or-Nothing Power Hitter,CH / FF / SL,Changeup,Four-Seam Fastball,Slider,-0.0207
Jonathan Bowlan,Right-Handed Batter,Disciplined All-Rounder,CH / FF / SL,Changeup,Four-Seam Fastball,Slider,0.0255
Jonathan Bowlan,Right-Handed Batter,Free-Swinging Slugger,CH / FF / SL,Changeup,Four-Seam Fastball,Slider,-0.0165
Jonathan Bowlan,Right-Handed Batter,Complete Power Hitter,CH / FF / SL,Changeup,Four-Seam Fastball,Slider,-0.0014
Jonathan Bowlan,Right-Handed Batter,Contact-Over-Power Hitter,CH / FF / SL,Changeup,Four-Seam Fastball,Slider,-0.0222
Braydon Fisher,Left-Handed Batter,Pure Slap Hitter,CU / FF / SL,Curveball,Four-Seam Fastball,Slider,0.0041
Braydon Fisher,Left-Handed Batter,All-or-Nothing Power Hitter,CU / FF / SL,Curveball,Four-Seam Fastball,Slider,0.0003
Braydon Fisher,Left-Handed Batter,Disciplined All-Rounder,CU / FF / SL,Curveball,Four-Seam Fastball,Slider,0.0068
Braydon Fisher,Left-Handed Batter,Free-Swinging Slugger,CU / FF / SL,Curveball,Four-Seam Fastball,Slider,0.0163
Braydon Fisher,Left-Handed Batter,Complete Power Hitter,CU / FF / SL,Curveball,Four-Seam Fastball,Slider,-0.0034
Braydon Fisher,Left-Handed Batter,Contact-Over-Power Hitter,CU / FF / SL,Curveball,Four-Seam Fastball,Slider,0.0038
Braydon Fisher,Right-Handed Batter,Pure Slap Hitter,CU / FF / SL,Curveball,Four-Seam Fastball,Slider,-0.0013
Braydon Fisher,Right-Handed Batter,All-or-Nothing Power Hitter,CU / FF / SL,Curveball,Four-Seam Fastball,Slider,-0.0187
Braydon Fisher,Right-Handed Batter,Disciplined All-Rounder,CU / FF / SL,Curveball,Four-Seam Fastball,Slider,0.0225
Braydon Fisher,Right-Handed Batter,Free-Swinging Slugger,CU / FF / SL,Curveball,Four-Seam Fastball,Slider,-0.0114
Braydon Fisher,Right-Handed Batter,Complete Power Hitter,CU / FF / SL,Curveball,Four-Seam Fastball,Slider,-0.0115
Braydon Fisher,Right-Handed Batter,Contact-Over-Power Hitter,CU / FF / SL,Curveball,Four-Seam Fastball,Slider,-0.0159
Victor Vodnik,Left-Handed Batter,Pure Slap Hitter,CH / FF / SL,Changeup,Four-Seam Fastball,Slider,-0.0113
Victor Vodnik,Left-Handed Batter,All-or-Nothing Power Hitter,CH / FF / SL,Changeup,Four-Seam Fastball,Slider,0.0157
Victor Vodnik,Left-Handed Batter,Disciplined All-Rounder,CH / FF / SL,Changeup,Four-Seam Fastball,Slider,-0.0081
Victor Vodnik,Left-Handed Batter,Free-Swinging Slugger,CH / FF / SL,Changeup,Four-Seam Fastball,Slider,-0.0197
Victor Vodnik,Left-Handed Batter,Complete Power Hitter,CH / FF / SL,Changeup,Four-Seam Fastball,Slider,0.0197
Victor Vodnik,Left-Handed Batter,Contact-Over-Power Hitter,CH / FF / SL,Changeup,Four-Seam Fastball,Slider,-0.0158
Victor Vodnik,Right-Handed Batter,Pure Slap Hitter,CH / FF / SL,Changeup,Four-Seam Fastball,Slider,0.0065
Victor Vodnik,Right-Handed Batter,All-or-Nothing Power Hitter,CH / FF / SL,Changeup,Four-Seam Fastball,Slider,-0.0139
Victor Vodnik,Right-Handed Batter,Disciplined All-Rounder,CH / FF / SL,Changeup,Four-Seam Fastball,Slider,0.0028
Victor Vodnik,Right-Handed Batter,Free-Swinging Slugger,CH / FF / SL,Changeup,Four-Seam Fastball,Slider,-0.0023
Victor Vodnik,Right-Handed Batter,Complete Power Hitter,CH / FF / SL,Changeup,Four-Seam Fastball,Slider,0.0245
Victor Vodnik,Right-Handed Batter,Contact-Over-Power Hitter,CH / FF / SL,Changeup,Four-Seam Fastball,Slider,0.0153
Christian Scott,Left-Handed Batter,Pure Slap Hitter,FC / FF / ST,Cutter,Four-Seam Fastball,Sweeper,-0.0055
Christian Scott,Left-Handed Batter,All-or-Nothing Power Hitter,FC / FF / ST,Cutter,Four-Seam Fastball,Sweeper,-0.0141
Christian Scott,Left-Handed Batter,Disciplined All-Rounder,FC / FF / ST,Cutter,Four-Seam Fastball,Sweeper,-0.0092
Christian Scott,Left-Handed Batter,Free-Swinging Slugger,FC / FF / ST,Cutter,Four-Seam Fastball,Sweeper,-0.0145
Christian Scott,Left-Handed Batter,Complete Power Hitter,FC / FF / ST,Cutter,Four-Seam Fastball,Sweeper,0.0133
Christian Scott,Left-Handed Batter,Contact-Over-Power Hitter,FC / FF / ST,Cutter,Four-Seam Fastball,Sweeper,-0.0052
Christian Scott,Right-Handed Batter,Pure Slap Hitter,FC / FF / ST,Cutter,Four-Seam Fastball,Sweeper,0.0111
Christian Scott,Right-Handed Batter,All-or-Nothing Power Hitter,FC / FF / ST,Cutter,Four-Seam Fastball,Sweeper,0.016
Christian Scott,Right-Handed Batter,Disciplined All-Rounder,FC / FF / ST,Cutter,Four-Seam Fastball,Sweeper,-0.0027
Christian Scott,Right-Handed Batter,Free-Swinging Slugger,FC / FF / ST,Cutter,Four-Seam Fastball,Sweeper,-0.0128
Christian Scott,Right-Handed Batter,Complete Power Hitter,FC / FF / ST,Cutter,Four-Seam Fastball,Sweeper,-0.0079
Christian Scott,Right-Handed Batter,Contact-Over-Power Hitter,FC / FF / ST,Cutter,Four-Seam Fastball,Sweeper,-0.0079
Randy Vásquez,Left-Handed Batter,Pure Slap Hitter,FC / SI / SL,Cutter,Sinker,Slider,-0.0216
Randy Vásquez,Left-Handed Batter,All-or-Nothing Power Hitter,SI / SL / ST,Sinker,Slider,Sweeper,-0.0051
Randy Vásquez,Left-Handed Batter,Disciplined All-Rounder,CU / FF / SL,Curveball,Four-Seam Fastball,Slider,-0.007
Randy Vásquez,Left-Handed Batter,Free-Swinging Slugger,CH / SI / SL,Changeup,Sinker,Slider,-0.0171
Randy Vásquez,Left-Handed Batter,Complete Power Hitter,FF / SI / SL,Four-Seam Fastball,Sinker,Slider,-0.0063
Randy Vásquez,Left-Handed Batter,Contact-Over-Power Hitter,CH / FC / ST,Changeup,Cutter,Sweeper,-0.021
Randy Vásquez,Right-Handed Batter,Pure Slap Hitter,CH / SI / ST,Changeup,Sinker,Sweeper,-0.0324
Randy Vásquez,Right-Handed Batter,All-or-Nothing Power Hitter,CH / FF / ST,Changeup,Four-Seam Fastball,Sweeper,-0.0209
Randy Vásquez,Right-Handed Batter,Disciplined All-Rounder,CH / FF / ST,Changeup,Four-Seam Fastball,Sweeper,-0.0201
Randy Vásquez,Right-Handed Batter,Free-Swinging Slugger,CH / FC / ST,Changeup,Cutter,Sweeper,-0.0184
Randy Vásquez,Right-Handed Batter,Complete Power Hitter,CH / SI / SL,Changeup,Sinker,Slider,0.0095
Randy Vásquez,Right-Handed Batter,Contact-Over-Power Hitter,CH / FC / SI,Changeup,Cutter,Sinker,-0.0228
Chase Silseth,Left-Handed Batter,Pure Slap Hitter,FF / SI / ST,Four-Seam Fastball,Sinker,Sweeper,0.0056
Chase Silseth,Left-Handed Batter,All-or-Nothing Power Hitter,FF / FS / ST,Four-Seam Fastball,Splitter,Sweeper,-0.0107
Chase Silseth,Left-Handed Batter,Disciplined All-Rounder,FF / SI / ST,Four-Seam Fastball,Sinker,Sweeper,-0.0112
Chase Silseth,Left-Handed Batter,Free-Swinging Slugger,FS / SI / ST,Splitter,Sinker,Sweeper,-0.0177
Chase Silseth,Left-Handed Batter,Complete Power Hitter,FF / SI / ST,Four-Seam Fastball,Sinker,Sweeper,-0.0105
Chase Silseth,Left-Handed Batter,Contact-Over-Power Hitter,FF / SI / ST,Four-Seam Fastball,Sinker,Sweeper,-0.0104
Chase Silseth,Right-Handed Batter,Pure Slap Hitter,FF / SI / ST,Four-Seam Fastball,Sinker,Sweeper,-0.0054
Chase Silseth,Right-Handed Batter,All-or-Nothing Power Hitter,FF / SI / ST,Four-Seam Fastball,Sinker,Sweeper,-0.008
Chase Silseth,Right-Handed Batter,Disciplined All-Rounder,FF / FS / SI,Four-Seam Fastball,Splitter,Sinker,-0.0146
Chase Silseth,Right-Handed Batter,Free-Swinging Slugger,FF / FS / ST,Four-Seam Fastball,Splitter,Sweeper,-0.003
Chase Silseth,Right-Handed Batter,Complete Power Hitter,FF / FS / ST,Four-Seam Fastball,Splitter,Sweeper,-0.0138
Chase Silseth,Right-Handed Batter,Contact-Over-Power Hitter,FS / SI / ST,Splitter,Sinker,Sweeper,-0.0067
Spencer Arrighetti,Left-Handed Batter,Pure Slap Hitter,CH / FF / SI,Changeup,Four-Seam Fastball,Sinker,-0.0066
Spencer Arrighetti,Left-Handed Batter,All-or-Nothing Power Hitter,CH / CU / ST,Changeup,Curveball,Sweeper,-0.0046
Spencer Arrighetti,Left-Handed Batter,Disciplined All-Rounder,FF / SI / ST,Four-Seam Fastball,Sinker,Sweeper,-0.0075
Spencer Arrighetti,Left-Handed Batter,Free-Swinging Slugger,CH / SI / ST,Changeup,Sinker,Sweeper,-0.0097
Spencer Arrighetti,Left-Handed Batter,Complete Power Hitter,CH / FF / ST,Changeup,Four-Seam Fastball,Sweeper,-0.0134
Spencer Arrighetti,Left-Handed Batter,Contact-Over-Power Hitter,CH / SI / ST,Changeup,Sinker,Sweeper,-0.009
Spencer Arrighetti,Right-Handed Batter,Pure Slap Hitter,CH / CU / FF,Changeup,Curveball,Four-Seam Fastball,-0.0094
Spencer Arrighetti,Right-Handed Batter,All-or-Nothing Power Hitter,CH / CU / SI,Changeup,Curveball,Sinker,-0.008
Spencer Arrighetti,Right-Handed Batter,Disciplined All-Rounder,CH / FF / SI,Changeup,Four-Seam Fastball,Sinker,-0.0243
Spencer Arrighetti,Right-Handed Batter,Free-Swinging Slugger,CH / CU / SI,Changeup,Curveball,Sinker,-0.0177
Spencer Arrighetti,Right-Handed Batter,Complete Power Hitter,CH / CU / FF,Changeup,Curveball,Four-Seam Fastball,-0.014
Spencer Arrighetti,Right-Handed Batter,Contact-Over-Power Hitter,CH / CU / FF,Changeup,Curveball,Four-Seam Fastball,-0.0124
Mike Burrows,Left-Handed Batter,Pure Slap Hitter,CH / SI / SL,Changeup,Sinker,Slider,0.0021
Mike Burrows,Left-Handed Batter,All-or-Nothing Power Hitter,CH / CU / SI,Changeup,Curveball,Sinker,0.0058
Mike Burrows,Left-Handed Batter,Disciplined All-Rounder,CH / SI / SL,Changeup,Sinker,Slider,-0.0126
Mike Burrows,Left-Handed Batter,Free-Swinging Slugger,CH / FF / SI,Changeup,Four-Seam Fastball,Sinker,-0.0006
Mike Burrows,Left-Handed Batter,Complete Power Hitter,CU / SI / SL,Curveball,Sinker,Slider,0.0049
Mike Burrows,Left-Handed Batter,Contact-Over-Power Hitter,FF / SI / SL,Four-Seam Fastball,Sinker,Slider,-0.0149
Mike Burrows,Right-Handed Batter,Pure Slap Hitter,CH / FF / SI,Changeup,Four-Seam Fastball,Sinker,-0.0254
Mike Burrows,Right-Handed Batter,All-or-Nothing Power Hitter,CH / CU / SI,Changeup,Curveball,Sinker,-0.0037
Mike Burrows,Right-Handed Batter,Disciplined All-Rounder,CH / CU / SL,Changeup,Curveball,Slider,-0.0119
Mike Burrows,Right-Handed Batter,Free-Swinging Slugger,CH / SI / SL,Changeup,Sinker,Slider,-0.022
Mike Burrows,Right-Handed Batter,Complete Power Hitter,CH / CU / FF,Changeup,Curveball,Four-Seam Fastball,-0.0115
Mike Burrows,Right-Handed Batter,Contact-Over-Power Hitter,CH / CU / SL,Changeup,Curveball,Slider,-0.0066
Kyle Leahy,Left-Handed Batter,Pure Slap Hitter,FF / SI / SL,Four-Seam Fastball,Sinker,Slider,-0.0181
Kyle Leahy,Left-Handed Batter,All-or-Nothing Power Hitter,CH / CU / ST,Changeup,Curveball,Sweeper,-0.0177
Kyle Leahy,Left-Handed Batter,Disciplined All-Rounder,CH / SL / ST,Changeup,Slider,Sweeper,-0.0184
Kyle Leahy,Left-Handed Batter,Free-Swinging Slugger,SI / SL / ST,Sinker,Slider,Sweeper,-0.0122
Kyle Leahy,Left-Handed Batter,Complete Power Hitter,CU / SI / ST,Curveball,Sinker,Sweeper,0.0074
Kyle Leahy,Left-Handed Batter,Contact-Over-Power Hitter,FF / SI / ST,Four-Seam Fastball,Sinker,Sweeper,-0.0107
Kyle Leahy,Right-Handed Batter,Pure Slap Hitter,CH / SI / SL,Changeup,Sinker,Slider,-0.0249
Kyle Leahy,Right-Handed Batter,All-or-Nothing Power Hitter,CH / CU / SI,Changeup,Curveball,Sinker,-0.0009
Kyle Leahy,Right-Handed Batter,Disciplined All-Rounder,SI / SL / ST,Sinker,Slider,Sweeper,-0.0181
Kyle Leahy,Right-Handed Batter,Free-Swinging Slugger,CH / SL / ST,Changeup,Slider,Sweeper,-0.0293
Kyle Leahy,Right-Handed Batter,Complete Power Hitter,CH / CU / SL,Changeup,Curveball,Slider,-0.0148
Kyle Leahy,Right-Handed Batter,Contact-Over-Power Hitter,CH / FF / SI,Changeup,Four-Seam Fastball,Sinker,-0.0289
Austin Warren,Left-Handed Batter,Pure Slap Hitter,FF / SI / ST,Four-Seam Fastball,Sinker,Sweeper,0.0026
Austin Warren,Left-Handed Batter,All-or-Nothing Power Hitter,FF / SI / ST,Four-Seam Fastball,Sinker,Sweeper,-0.004
Austin Warren,Left-Handed Batter,Disciplined All-Rounder,FF / SI / ST,Four-Seam Fastball,Sinker,Sweeper,0.0264
Austin Warren,Left-Handed Batter,Free-Swinging Slugger,FF / SI / ST,Four-Seam Fastball,Sinker,Sweeper,-0.0052
Austin Warren,Left-Handed Batter,Complete Power Hitter,FF / SI / ST,Four-Seam Fastball,Sinker,Sweeper,-0.0013
Austin Warren,Left-Handed Batter,Contact-Over-Power Hitter,FF / SI / ST,Four-Seam Fastball,Sinker,Sweeper,-0.0084
Austin Warren,Right-Handed Batter,Pure Slap Hitter,FF / SI / ST,Four-Seam Fastball,Sinker,Sweeper,-0.0217
Austin Warren,Right-Handed Batter,All-or-Nothing Power Hitter,FF / SI / ST,Four-Seam Fastball,Sinker,Sweeper,-0.0033
Austin Warren,Right-Handed Batter,Disciplined All-Rounder,FF / SI / ST,Four-Seam Fastball,Sinker,Sweeper,0.0043
Austin Warren,Right-Handed Batter,Free-Swinging Slugger,FF / SI / ST,Four-Seam Fastball,Sinker,Sweeper,0.0027
Austin Warren,Right-Handed Batter,Complete Power Hitter,FF / SI / ST,Four-Seam Fastball,Sinker,Sweeper,-0.0025
Austin Warren,Right-Handed Batter,Contact-Over-Power Hitter,FF / SI / ST,Four-Seam Fastball,Sinker,Sweeper,0.0362
Kody Funderburk,Left-Handed Batter,Pure Slap Hitter,FC / SI / ST,Cutter,Sinker,Sweeper,-0.0069
Kody Funderburk,Left-Handed Batter,All-or-Nothing Power Hitter,FC / SI / ST,Cutter,Sinker,Sweeper,-0.0164
Kody Funderburk,Left-Handed Batter,Disciplined All-Rounder,FC / SI / ST,Cutter,Sinker,Sweeper,-0.0036
Kody Funderburk,Left-Handed Batter,Free-Swinging Slugger,FC / SI / ST,Cutter,Sinker,Sweeper,-0.0064
Kody Funderburk,Left-Handed Batter,Complete Power Hitter,FC / SI / ST,Cutter,Sinker,Sweeper,0.0026
Kody Funderburk,Left-Handed Batter,Contact-Over-Power Hitter,FC / SI / ST,Cutter,Sinker,Sweeper,0.0023
Kody Funderburk,Right-Handed Batter,Pure Slap Hitter,FC / SI / ST,Cutter,Sinker,Sweeper,-0.0125
Kody Funderburk,Right-Handed Batter,All-or-Nothing Power Hitter,FC / SI / ST,Cutter,Sinker,Sweeper,-0.0021
Kody Funderburk,Right-Handed Batter,Disciplined All-Rounder,FC / SI / ST,Cutter,Sinker,Sweeper,0.0006
Kody Funderburk,Right-Handed Batter,Free-Swinging Slugger,FC / SI / ST,Cutter,Sinker,Sweeper,-0.0179
Kody Funderburk,Right-Handed Batter,Complete Power Hitter,FC / SI / ST,Cutter,Sinker,Sweeper,0.0033
Kody Funderburk,Right-Handed Batter,Contact-Over-Power Hitter,FC / SI / ST,Cutter,Sinker,Sweeper,-0.0082
Evan Sisk,Left-Handed Batter,Pure Slap Hitter,CU / FF / ST,Curveball,Four-Seam Fastball,Sweeper,-0.0071
Evan Sisk,Left-Handed Batter,All-or-Nothing Power Hitter,CU / FF / ST,Curveball,Four-Seam Fastball,Sweeper,0.01
Evan Sisk,Left-Handed Batter,Disciplined All-Rounder,CU / FF / SI,Curveball,Four-Seam Fastball,Sinker,-0.004
Evan Sisk,Left-Handed Batter,Free-Swinging Slugger,FF / SI / ST,Four-Seam Fastball,Sinker,Sweeper,-0.0173
Evan Sisk,Left-Handed Batter,Complete Power Hitter,CU / FF / SI,Curveball,Four-Seam Fastball,Sinker,0.0008
Evan Sisk,Left-Handed Batter,Contact-Over-Power Hitter,FF / SI / ST,Four-Seam Fastball,Sinker,Sweeper,-0.016
Evan Sisk,Right-Handed Batter,Pure Slap Hitter,CU / FF / SI,Curveball,Four-Seam Fastball,Sinker,-0.0132
Evan Sisk,Right-Handed Batter,All-or-Nothing Power Hitter,FF / SI / ST,Four-Seam Fastball,Sinker,Sweeper,0.0059
Evan Sisk,Right-Handed Batter,Disciplined All-Rounder,CU / FF / ST,Curveball,Four-Seam Fastball,Sweeper,0.001
Evan Sisk,Right-Handed Batter,Free-Swinging Slugger,CU / SI / ST,Curveball,Sinker,Sweeper,-0.0226
Evan Sisk,Right-Handed Batter,Complete Power Hitter,FF / SI / ST,Four-Seam Fastball,Sinker,Sweeper,-0.0019
Evan Sisk,Right-Handed Batter,Contact-Over-Power Hitter,CU / FF / ST,Curveball,Four-Seam Fastball,Sweeper,0.0011
Alex Vesia,Left-Handed Batter,Pure Slap Hitter,CH / FF / SL,Changeup,Four-Seam Fastball,Slider,-0.0071
Alex Vesia,Left-Handed Batter,All-or-Nothing Power Hitter,CH / FF / SL,Changeup,Four-Seam Fastball,Slider,-0.0087
Alex Vesia,Left-Handed Batter,Disciplined All-Rounder,CH / FF / SL,Changeup,Four-Seam Fastball,Slider,-0.0143
Alex Vesia,Left-Handed Batter,Free-Swinging Slugger,CH / FF / SL,Changeup,Four-Seam Fastball,Slider,-0.0125
Alex Vesia,Left-Handed Batter,Complete Power Hitter,CH / FF / SL,Changeup,Four-Seam Fastball,Slider,0.0055
Alex Vesia,Left-Handed Batter,Contact-Over-Power Hitter,CH / FF / SL,Changeup,Four-Seam Fastball,Slider,-0.023
Alex Vesia,Right-Handed Batter,Pure Slap Hitter,CH / FF / SL,Changeup,Four-Seam Fastball,Slider,0.0005
Alex Vesia,Right-Handed Batter,All-or-Nothing Power Hitter,CH / FF / SL,Changeup,Four-Seam Fastball,Slider,0.0025
Alex Vesia,Right-Handed Batter,Disciplined All-Rounder,CH / FF / SL,Changeup,Four-Seam Fastball,Slider,0.0024
Alex Vesia,Right-Handed Batter,Free-Swinging Slugger,CH / FF / SL,Changeup,Four-Seam Fastball,Slider,0.0041
Alex Vesia,Right-Handed Batter,Complete Power Hitter,CH / FF / SL,Changeup,Four-Seam Fastball,Slider,-0.0014
Alex Vesia,Right-Handed Batter,Contact-Over-Power Hitter,CH / FF / SL,Changeup,Four-Seam Fastball,Slider,-0.0269
Grant Anderson,Left-Handed Batter,Pure Slap Hitter,FF / SI / ST,Four-Seam Fastball,Sinker,Sweeper,0.0249
Grant Anderson,Left-Handed Batter,All-or-Nothing Power Hitter,FF / SI / ST,Four-Seam Fastball,Sinker,Sweeper,0.0002
Grant Anderson,Left-Handed Batter,Disciplined All-Rounder,FF / SI / ST,Four-Seam Fastball,Sinker,Sweeper,-0.0001
Grant Anderson,Left-Handed Batter,Free-Swinging Slugger,FF / SI / ST,Four-Seam Fastball,Sinker,Sweeper,0.0093
Grant Anderson,Left-Handed Batter,Complete Power Hitter,FF / SI / ST,Four-Seam Fastball,Sinker,Sweeper,0.0111
Grant Anderson,Left-Handed Batter,Contact-Over-Power Hitter,FF / SI / ST,Four-Seam Fastball,Sinker,Sweeper,0.0243
Grant Anderson,Right-Handed Batter,Pure Slap Hitter,FF / SI / ST,Four-Seam Fastball,Sinker,Sweeper,-0.0012
Grant Anderson,Right-Handed Batter,All-or-Nothing Power Hitter,FF / SI / ST,Four-Seam Fastball,Sinker,Sweeper,-0.0108
Grant Anderson,Right-Handed Batter,Disciplined All-Rounder,FF / SI / ST,Four-Seam Fastball,Sinker,Sweeper,-0.0035
Grant Anderson,Right-Handed Batter,Free-Swinging Slugger,FF / SI / ST,Four-Seam Fastball,Sinker,Sweeper,-0.0181
Grant Anderson,Right-Handed Batter,Complete Power Hitter,FF / SI / ST,Four-Seam Fastball,Sinker,Sweeper,0.0061
Grant Anderson,Right-Handed Batter,Contact-Over-Power Hitter,FF / SI / ST,Four-Seam Fastball,Sinker,Sweeper,-0.0156
Jacob Lopez,Left-Handed Batter,Pure Slap Hitter,CH / FC / FF,Changeup,Cutter,Four-Seam Fastball,-0.007
Jacob Lopez,Left-Handed Batter,All-or-Nothing Power Hitter,CH / FC / FF,Changeup,Cutter,Four-Seam Fastball,-0.0149
Jacob Lopez,Left-Handed Batter,Disciplined All-Rounder,CH / FF / SL,Changeup,Four-Seam Fastball,Slider,-0.0041
Jacob Lopez,Left-Handed Batter,Free-Swinging Slugger,CH / FC / SL,Changeup,Cutter,Slider,-0.0232
Jacob Lopez,Left-Handed Batter,Complete Power Hitter,CH / FC / FF,Changeup,Cutter,Four-Seam Fastball,-0.0135
Jacob Lopez,Left-Handed Batter,Contact-Over-Power Hitter,CH / FC / FF,Changeup,Cutter,Four-Seam Fastball,-0.0117
Jacob Lopez,Right-Handed Batter,Pure Slap Hitter,CH / FC / SL,Changeup,Cutter,Slider,-0.0014
Jacob Lopez,Right-Handed Batter,All-or-Nothing Power Hitter,CH / FC / FF,Changeup,Cutter,Four-Seam Fastball,-0.0021
Jacob Lopez,Right-Handed Batter,Disciplined All-Rounder,CH / FC / SL,Changeup,Cutter,Slider,0.0071
Jacob Lopez,Right-Handed Batter,Free-Swinging Slugger,CH / FF / SL,Changeup,Four-Seam Fastball,Slider,-0.0107
Jacob Lopez,Right-Handed Batter,Complete Power Hitter,FC / FF / SL,Cutter,Four-Seam Fastball,Slider,0.0105
Jacob Lopez,Right-Handed Batter,Contact-Over-Power Hitter,CH / FF / SL,Changeup,Four-Seam Fastball,Slider,-0.0075
Tim Herrin,Left-Handed Batter,Pure Slap Hitter,CU / SI / SL,Curveball,Sinker,Slider,-0.0097
Tim Herrin,Left-Handed Batter,All-or-Nothing Power Hitter,CU / FF / SL,Curveball,Four-Seam Fastball,Slider,-0.0105
Tim Herrin,Left-Handed Batter,Disciplined All-Rounder,CU / FF / SI,Curveball,Four-Seam Fastball,Sinker,-0.0085
Tim Herrin,Left-Handed Batter,Free-Swinging Slugger,CU / FF / SI,Curveball,Four-Seam Fastball,Sinker,-0.0043
Tim Herrin,Left-Handed Batter,Complete Power Hitter,FF / SI / SL,Four-Seam Fastball,Sinker,Slider,0.0056
Tim Herrin,Left-Handed Batter,Contact-Over-Power Hitter,CU / SI / SL,Curveball,Sinker,Slider,-0.016
Tim Herrin,Right-Handed Batter,Pure Slap Hitter,FF / SI / SL,Four-Seam Fastball,Sinker,Slider,0.0019
Tim Herrin,Right-Handed Batter,All-or-Nothing Power Hitter,CU / SI / SL,Curveball,Sinker,Slider,-0.0123
Tim Herrin,Right-Handed Batter,Disciplined All-Rounder,FF / SI / SL,Four-Seam Fastball,Sinker,Slider,0.0109
Tim Herrin,Right-Handed Batter,Free-Swinging Slugger,CU / SI / SL,Curveball,Sinker,Slider,-0.0007
Tim Herrin,Right-Handed Batter,Complete Power Hitter,CU / FF / SI,Curveball,Four-Seam Fastball,Sinker,-0.0133
Tim Herrin,Right-Handed Batter,Contact-Over-Power Hitter,FF / SI / SL,Four-Seam Fastball,Sinker,Slider,-0.0106
Brandon Williamson,Left-Handed Batter,Pure Slap Hitter,CH / FC / FF,Changeup,Cutter,Four-Seam Fastball,-0.0072
Brandon Williamson,Left-Handed Batter,All-or-Nothing Power Hitter,CH / FC / FF,Changeup,Cutter,Four-Seam Fastball,0.0076
Brandon Williamson,Left-Handed Batter,Disciplined All-Rounder,CH / FC / FF,Changeup,Cutter,Four-Seam Fastball,0.0342
Brandon Williamson,Left-Handed Batter,Free-Swinging Slugger,CH / FC / FF,Changeup,Cutter,Four-Seam Fastball,-0.0045
Brandon Williamson,Left-Handed Batter,Complete Power Hitter,CH / FC / FF,Changeup,Cutter,Four-Seam Fastball,0.0034
Brandon Williamson,Left-Handed Batter,Contact-Over-Power Hitter,CH / FC / FF,Changeup,Cutter,Four-Seam Fastball,0.0019
Brandon Williamson,Right-Handed Batter,Pure Slap Hitter,CH / FC / FF,Changeup,Cutter,Four-Seam Fastball,-0.0153
Brandon Williamson,Right-Handed Batter,All-or-Nothing Power Hitter,CH / FC / FF,Changeup,Cutter,Four-Seam Fastball,0.0041
Brandon Williamson,Right-Handed Batter,Disciplined All-Rounder,CH / FC / FF,Changeup,Cutter,Four-Seam Fastball,0.0041
Brandon Williamson,Right-Handed Batter,Free-Swinging Slugger,CH / FC / FF,Changeup,Cutter,Four-Seam Fastball,0.0026
Brandon Williamson,Right-Handed Batter,Complete Power Hitter,CH / FC / FF,Changeup,Cutter,Four-Seam Fastball,0.0325
Brandon Williamson,Right-Handed Batter,Contact-Over-Power Hitter,CH / FC / FF,Changeup,Cutter,Four-Seam Fastball,-0.0071
Bryce Miller,Left-Handed Batter,Pure Slap Hitter,FF / FS / SL,Four-Seam Fastball,Splitter,Slider,-0.0093
Bryce Miller,Left-Handed Batter,All-or-Nothing Power Hitter,FF / FS / SL,Four-Seam Fastball,Splitter,Slider,0.0319
Bryce Miller,Left-Handed Batter,Disciplined All-Rounder,FF / FS / SL,Four-Seam Fastball,Splitter,Slider,-0.0157
Bryce Miller,Left-Handed Batter,Free-Swinging Slugger,FF / FS / SL,Four-Seam Fastball,Splitter,Slider,-0.013
Bryce Miller,Left-Handed Batter,Complete Power Hitter,FF / FS / SL,Four-Seam Fastball,Splitter,Slider,-0.0021
Bryce Miller,Left-Handed Batter,Contact-Over-Power Hitter,FF / FS / SL,Four-Seam Fastball,Splitter,Slider,-0.0163
Bryce Miller,Right-Handed Batter,Pure Slap Hitter,FF / FS / SL,Four-Seam Fastball,Splitter,Slider,0.0418
Bryce Miller,Right-Handed Batter,All-or-Nothing Power Hitter,FF / FS / SL,Four-Seam Fastball,Splitter,Slider,-0.0095
Bryce Miller,Right-Handed Batter,Disciplined All-Rounder,FF / FS / SL,Four-Seam Fastball,Splitter,Slider,-0.0223
Bryce Miller,Right-Handed Batter,Free-Swinging Slugger,FF / FS / SL,Four-Seam Fastball,Splitter,Slider,0.0076
Bryce Miller,Right-Handed Batter,Complete Power Hitter,FF / FS / SL,Four-Seam Fastball,Splitter,Slider,-0.0186
Bryce Miller,Right-Handed Batter,Contact-Over-Power Hitter,FF / FS / SL,Four-Seam Fastball,Splitter,Slider,-0.015
Mason Montgomery,Left-Handed Batter,Pure Slap Hitter,CU / FF / SL,Curveball,Four-Seam Fastball,Slider,-0.0204
Mason Montgomery,Left-Handed Batter,All-or-Nothing Power Hitter,CU / FF / SL,Curveball,Four-Seam Fastball,Slider,0.0262
Mason Montgomery,Left-Handed Batter,Disciplined All-Rounder,CU / FF / SL,Curveball,Four-Seam Fastball,Slider,-0.0008
Mason Montgomery,Left-Handed Batter,Free-Swinging Slugger,CU / FF / SL,Curveball,Four-Seam Fastball,Slider,-0.0133
Mason Montgomery,Left-Handed Batter,Complete Power Hitter,CU / FF / SL,Curveball,Four-Seam Fastball,Slider,-0.0206
Mason Montgomery,Left-Handed Batter,Contact-Over-Power Hitter,CU / FF / SL,Curveball,Four-Seam Fastball,Slider,-0.0121
Mason Montgomery,Right-Handed Batter,Pure Slap Hitter,CU / FF / SL,Curveball,Four-Seam Fastball,Slider,0.0213
Mason Montgomery,Right-Handed Batter,All-or-Nothing Power Hitter,CU / FF / SL,Curveball,Four-Seam Fastball,Slider,0.0017
Mason Montgomery,Right-Handed Batter,Disciplined All-Rounder,CU / FF / SL,Curveball,Four-Seam Fastball,Slider,-0.0201
Mason Montgomery,Right-Handed Batter,Free-Swinging Slugger,CU / FF / SL,Curveball,Four-Seam Fastball,Slider,-0.0007
Mason Montgomery,Right-Handed Batter,Complete Power Hitter,CU / FF / SL,Curveball,Four-Seam Fastball,Slider,0.0056
Mason Montgomery,Right-Handed Batter,Contact-Over-Power Hitter,CU / FF / SL,Curveball,Four-Seam Fastball,Slider,-0.0028
Peyton Gray,Left-Handed Batter,Pure Slap Hitter,CH / FF / SL,Changeup,Four-Seam Fastball,Slider,-0.0022
Peyton Gray,Left-Handed Batter,All-or-Nothing Power Hitter,CH / FF / SL,Changeup,Four-Seam Fastball,Slider,0.0008
Peyton Gray,Left-Handed Batter,Disciplined All-Rounder,CH / FF / SL,Changeup,Four-Seam Fastball,Slider,-0.0063
Peyton Gray,Left-Handed Batter,Free-Swinging Slugger,CH / FF / SL,Changeup,Four-Seam Fastball,Slider,-0.0083
Peyton Gray,Left-Handed Batter,Complete Power Hitter,CH / FF / SL,Changeup,Four-Seam Fastball,Slider,-0.011
Peyton Gray,Left-Handed Batter,Contact-Over-Power Hitter,CH / FF / SL,Changeup,Four-Seam Fastball,Slider,-0.0418
Peyton Gray,Right-Handed Batter,Pure Slap Hitter,CH / FF / SL,Changeup,Four-Seam Fastball,Slider,-0.008
Peyton Gray,Right-Handed Batter,All-or-Nothing Power Hitter,CH / FF / SL,Changeup,Four-Seam Fastball,Slider,0.0065
Peyton Gray,Right-Handed Batter,Disciplined All-Rounder,CH / FF / SL,Changeup,Four-Seam Fastball,Slider,0.0132
Peyton Gray,Right-Handed Batter,Free-Swinging Slugger,CH / FF / SL,Changeup,Four-Seam Fastball,Slider,0.0141
Peyton Gray,Right-Handed Batter,Complete Power Hitter,CH / FF / SL,Changeup,Four-Seam Fastball,Slider,0.0058
Peyton Gray,Right-Handed Batter,Contact-Over-Power Hitter,CH / FF / SL,Changeup,Four-Seam Fastball,Slider,0.007
Jared Jones,Left-Handed Batter,Pure Slap Hitter,CH / FF / SL,Changeup,Four-Seam Fastball,Slider,-0.0
Jared Jones,Left-Handed Batter,All-or-Nothing Power Hitter,CH / FF / SL,Changeup,Four-Seam Fastball,Slider,-0.0016
Jared Jones,Left-Handed Batter,Disciplined All-Rounder,CH / FF / SL,Changeup,Four-Seam Fastball,Slider,0.0076
Jared Jones,Left-Handed Batter,Free-Swinging Slugger,CH / FF / SL,Changeup,Four-Seam Fastball,Slider,-0.0199
Jared Jones,Left-Handed Batter,Complete Power Hitter,CH / FF / SL,Changeup,Four-Seam Fastball,Slider,0.0153
Jared Jones,Left-Handed Batter,Contact-Over-Power Hitter,CH / FF / SL,Changeup,Four-Seam Fastball,Slider,-0.0185
Jared Jones,Right-Handed Batter,Pure Slap Hitter,CH / FF / SL,Changeup,Four-Seam Fastball,Slider,-0.0179
Jared Jones,Right-Handed Batter,All-or-Nothing Power Hitter,CH / FF / SL,Changeup,Four-Seam Fastball,Slider,-0.0226
Jared Jones,Right-Handed Batter,Disciplined All-Rounder,CH / FF / SL,Changeup,Four-Seam Fastball,Slider,0.0234
Jared Jones,Right-Handed Batter,Free-Swinging Slugger,CH / FF / SL,Changeup,Four-Seam Fastball,Slider,0.0013
Jared Jones,Right-Handed Batter,Complete Power Hitter,CH / FF / SL,Changeup,Four-Seam Fastball,Slider,0.0404
Jared Jones,Right-Handed Batter,Contact-Over-Power Hitter,CH / FF / SL,Changeup,Four-Seam Fastball,Slider,-0.016
Jack Leiter,Left-Handed Batter,Pure Slap Hitter,CH / FF / SI,Changeup,Four-Seam Fastball,Sinker,-0.0096
Jack Leiter,Left-Handed Batter,All-or-Nothing Power Hitter,CU / FC / SI,Curveball,Cutter,Sinker,-0.0015
Jack Leiter,Left-Handed Batter,Disciplined All-Rounder,CH / SI / SL,Changeup,Sinker,Slider,-0.0059
Jack Leiter,Left-Handed Batter,Free-Swinging Slugger,CU / FF / SI,Curveball,Four-Seam Fastball,Sinker,-0.0246
Jack Leiter,Left-Handed Batter,Complete Power Hitter,CU / FC / SI,Curveball,Cutter,Sinker,0.0011
Jack Leiter,Left-Handed Batter,Contact-Over-Power Hitter,FF / SI / SL,Four-Seam Fastball,Sinker,Slider,-0.017
Jack Leiter,Right-Handed Batter,Pure Slap Hitter,CH / FC / SL,Changeup,Cutter,Slider,-0.0133
Jack Leiter,Right-Handed Batter,All-or-Nothing Power Hitter,CH / FC / SI,Changeup,Cutter,Sinker,-0.0091
Jack Leiter,Right-Handed Batter,Disciplined All-Rounder,CU / FC / SI,Curveball,Cutter,Sinker,-0.0126
Jack Leiter,Right-Handed Batter,Free-Swinging Slugger,FC / FF / SL,Cutter,Four-Seam Fastball,Slider,-0.0126
Jack Leiter,Right-Handed Batter,Complete Power Hitter,CH / CU / FC,Changeup,Curveball,Cutter,-0.008
Jack Leiter,Right-Handed Batter,Contact-Over-Power Hitter,CU / FC / SI,Curveball,Cutter,Sinker,-0.0195
Edgardo Henriquez,Left-Handed Batter,Pure Slap Hitter,FC / SI / SL,Cutter,Sinker,Slider,0.0043
Edgardo Henriquez,Left-Handed Batter,All-or-Nothing Power Hitter,FC / SI / SL,Cutter,Sinker,Slider,-0.0038
Edgardo Henriquez,Left-Handed Batter,Disciplined All-Rounder,FC / FF / SI,Cutter,Four-Seam Fastball,Sinker,-0.0101
Edgardo Henriquez,Left-Handed Batter,Free-Swinging Slugger,FF / SI / SL,Four-Seam Fastball,Sinker,Slider,-0.0089
Edgardo Henriquez,Left-Handed Batter,Complete Power Hitter,FC / SI / SL,Cutter,Sinker,Slider,0.0052
Edgardo Henriquez,Left-Handed Batter,Contact-Over-Power Hitter,FC / FF / SI,Cutter,Four-Seam Fastball,Sinker,-0.0197
Edgardo Henriquez,Right-Handed Batter,Pure Slap Hitter,FC / FF / SL,Cutter,Four-Seam Fastball,Slider,-0.0077
Edgardo Henriquez,Right-Handed Batter,All-or-Nothing Power Hitter,FC / FF / SI,Cutter,Four-Seam Fastball,Sinker,-0.0203
Edgardo Henriquez,Right-Handed Batter,Disciplined All-Rounder,FC / SI / SL,Cutter,Sinker,Slider,-0.0162
Edgardo Henriquez,Right-Handed Batter,Free-Swinging Slugger,FC / FF / SL,Cutter,Four-Seam Fastball,Slider,-0.0287
Edgardo Henriquez,Right-Handed Batter,Complete Power Hitter,FC / FF / SI,Cutter,Four-Seam Fastball,Sinker,-0.0303
Edgardo Henriquez,Right-Handed Batter,Contact-Over-Power Hitter,FC / FF / SI,Cutter,Four-Seam Fastball,Sinker,-0.0191
Hunter Gaddis,Left-Handed Batter,Pure Slap Hitter,CH / FF / SL,Changeup,Four-Seam Fastball,Slider,0.0185
Hunter Gaddis,Left-Handed Batter,All-or-Nothing Power Hitter,CH / FF / SL,Changeup,Four-Seam Fastball,Slider,-0.0004
Hunter Gaddis,Left-Handed Batter,Disciplined All-Rounder,CH / FF / SL,Changeup,Four-Seam Fastball,Slider,0.0132
Hunter Gaddis,Left-Handed Batter,Free-Swinging Slugger,CH / FF / SL,Changeup,Four-Seam Fastball,Slider,-0.0143
Hunter Gaddis,Left-Handed Batter,Complete Power Hitter,CH / FF / SL,Changeup,Four-Seam Fastball,Slider,0.0056
Hunter Gaddis,Left-Handed Batter,Contact-Over-Power Hitter,CH / FF / SL,Changeup,Four-Seam Fastball,Slider,0.0021
Hunter Gaddis,Right-Handed Batter,Pure Slap Hitter,CH / FF / SL,Changeup,Four-Seam Fastball,Slider,0.0131
Hunter Gaddis,Right-Handed Batter,All-or-Nothing Power Hitter,CH / FF / SL,Changeup,Four-Seam Fastball,Slider,-0.0102
Hunter Gaddis,Right-Handed Batter,Disciplined All-Rounder,CH / FF / SL,Changeup,Four-Seam Fastball,Slider,-0.0105
Hunter Gaddis,Right-Handed Batter,Free-Swinging Slugger,CH / FF / SL,Changeup,Four-Seam Fastball,Slider,-0.0203
Hunter Gaddis,Right-Handed Batter,Complete Power Hitter,CH / FF / SL,Changeup,Four-Seam Fastball,Slider,0.0152
Hunter Gaddis,Right-Handed Batter,Contact-Over-Power Hitter,CH / FF / SL,Changeup,Four-Seam Fastball,Slider,-0.0169
Shota Imanaga,Left-Handed Batter,Pure Slap Hitter,FF / FS / SI,Four-Seam Fastball,Splitter,Sinker,-0.0099
Shota Imanaga,Left-Handed Batter,All-or-Nothing Power Hitter,FS / SI / ST,Splitter,Sinker,Sweeper,0.0029
Shota Imanaga,Left-Handed Batter,Disciplined All-Rounder,FS / SI / ST,Splitter,Sinker,Sweeper,-0.0049
Shota Imanaga,Left-Handed Batter,Free-Swinging Slugger,FF / FS / SI,Four-Seam Fastball,Splitter,Sinker,-0.0077
Shota Imanaga,Left-Handed Batter,Complete Power Hitter,FF / FS / SI,Four-Seam Fastball,Splitter,Sinker,-0.0134
Shota Imanaga,Left-Handed Batter,Contact-Over-Power Hitter,FF / FS / SI,Four-Seam Fastball,Splitter,Sinker,-0.0253
Shota Imanaga,Right-Handed Batter,Pure Slap Hitter,FF / SI / ST,Four-Seam Fastball,Sinker,Sweeper,-0.0159
Shota Imanaga,Right-Handed Batter,All-or-Nothing Power Hitter,FS / SI / ST,Splitter,Sinker,Sweeper,0.0089
Shota Imanaga,Right-Handed Batter,Disciplined All-Rounder,FF / SI / ST,Four-Seam Fastball,Sinker,Sweeper,-0.0065
Shota Imanaga,Right-Handed Batter,Free-Swinging Slugger,FS / SI / ST,Splitter,Sinker,Sweeper,-0.0161
Shota Imanaga,Right-Handed Batter,Complete Power Hitter,FS / SI / ST,Splitter,Sinker,Sweeper,0.0107
Shota Imanaga,Right-Handed Batter,Contact-Over-Power Hitter,FS / SI / ST,Splitter,Sinker,Sweeper,-0.0137
Brandon Eisert,Left-Handed Batter,Pure Slap Hitter,CH / FF / SL,Changeup,Four-Seam Fastball,Slider,-0.0094
Brandon Eisert,Left-Handed Batter,All-or-Nothing Power Hitter,CH / FF / SL,Changeup,Four-Seam Fastball,Slider,0.0
Brandon Eisert,Left-Handed Batter,Disciplined All-Rounder,CH / FF / SL,Changeup,Four-Seam Fastball,Slider,-0.0095
Brandon Eisert,Left-Handed Batter,Free-Swinging Slugger,CH / FF / SL,Changeup,Four-Seam Fastball,Slider,-0.0234
Brandon Eisert,Left-Handed Batter,Complete Power Hitter,CH / FF / SL,Changeup,Four-Seam Fastball,Slider,0.0256
Brandon Eisert,Left-Handed Batter,Contact-Over-Power Hitter,CH / FF / SL,Changeup,Four-Seam Fastball,Slider,-0.0154
Brandon Eisert,Right-Handed Batter,Pure Slap Hitter,CH / FF / SL,Changeup,Four-Seam Fastball,Slider,0.0011
Brandon Eisert,Right-Handed Batter,All-or-Nothing Power Hitter,CH / FF / SL,Changeup,Four-Seam Fastball,Slider,0.0021
Brandon Eisert,Right-Handed Batter,Disciplined All-Rounder,CH / FF / SL,Changeup,Four-Seam Fastball,Slider,0.0151
Brandon Eisert,Right-Handed Batter,Free-Swinging Slugger,CH / FF / SL,Changeup,Four-Seam Fastball,Slider,0.0106
Brandon Eisert,Right-Handed Batter,Complete Power Hitter,CH / FF / SL,Changeup,Four-Seam Fastball,Slider,-0.0141
Brandon Eisert,Right-Handed Batter,Contact-Over-Power Hitter,CH / FF / SL,Changeup,Four-Seam Fastball,Slider,0.0183
Tanner Gordon,Left-Handed Batter,Pure Slap Hitter,CH / FF / SL,Changeup,Four-Seam Fastball,Slider,-0.0241
Tanner Gordon,Left-Handed Batter,All-or-Nothing Power Hitter,CH / FF / SL,Changeup,Four-Seam Fastball,Slider,0.012
Tanner Gordon,Left-Handed Batter,Disciplined All-Rounder,CH / FF / SL,Changeup,Four-Seam Fastball,Slider,-0.0049
Tanner Gordon,Left-Handed Batter,Free-Swinging Slugger,CH / FF / SL,Changeup,Four-Seam Fastball,Slider,-0.025
Tanner Gordon,Left-Handed Batter,Complete Power Hitter,CH / FF / SL,Changeup,Four-Seam Fastball,Slider,0.0452
Tanner Gordon,Left-Handed Batter,Contact-Over-Power Hitter,CH / FF / SL,Changeup,Four-Seam Fastball,Slider,-0.0022
Tanner Gordon,Right-Handed Batter,Pure Slap Hitter,CH / FF / SL,Changeup,Four-Seam Fastball,Slider,0.0057
Tanner Gordon,Right-Handed Batter,All-or-Nothing Power Hitter,CH / FF / SL,Changeup,Four-Seam Fastball,Slider,-0.0016
Tanner Gordon,Right-Handed Batter,Disciplined All-Rounder,CH / FF / SL,Changeup,Four-Seam Fastball,Slider,0.0039
Tanner Gordon,Right-Handed Batter,Free-Swinging Slugger,CH / FF / SL,Changeup,Four-Seam Fastball,Slider,-0.0102
Tanner Gordon,Right-Handed Batter,Complete Power Hitter,CH / FF / SL,Changeup,Four-Seam Fastball,Slider,0.011
Tanner Gordon,Right-Handed Batter,Contact-Over-Power Hitter,CH / FF / SL,Changeup,Four-Seam Fastball,Slider,0.0043
Emmet Sheehan,Left-Handed Batter,Pure Slap Hitter,CH / CU / SL,Changeup,Curveball,Slider,-0.0103
Emmet Sheehan,Left-Handed Batter,All-or-Nothing Power Hitter,CH / CU / SL,Changeup,Curveball,Slider,-0.0159
Emmet Sheehan,Left-Handed Batter,Disciplined All-Rounder,CH / FF / SL,Changeup,Four-Seam Fastball,Slider,0.0046
Emmet Sheehan,Left-Handed Batter,Free-Swinging Slugger,CU / FF / SL,Curveball,Four-Seam Fastball,Slider,-0.0091
Emmet Sheehan,Left-Handed Batter,Complete Power Hitter,CH / CU / FF,Changeup,Curveball,Four-Seam Fastball,0.0052
Emmet Sheehan,Left-Handed Batter,Contact-Over-Power Hitter,CH / FF / SL,Changeup,Four-Seam Fastball,Slider,-0.0188
Emmet Sheehan,Right-Handed Batter,Pure Slap Hitter,CH / CU / SL,Changeup,Curveball,Slider,-0.018
Emmet Sheehan,Right-Handed Batter,All-or-Nothing Power Hitter,CH / CU / SL,Changeup,Curveball,Slider,-0.0094
Emmet Sheehan,Right-Handed Batter,Disciplined All-Rounder,CH / CU / SL,Changeup,Curveball,Slider,-0.0072
Emmet Sheehan,Right-Handed Batter,Free-Swinging Slugger,CH / CU / SL,Changeup,Curveball,Slider,-0.0153
Emmet Sheehan,Right-Handed Batter,Complete Power Hitter,CH / CU / SL,Changeup,Curveball,Slider,0.0083
Emmet Sheehan,Right-Handed Batter,Contact-Over-Power Hitter,CH / CU / FF,Changeup,Curveball,Four-Seam Fastball,-0.0003
Hunter Brown,Left-Handed Batter,Pure Slap Hitter,CH / KC / SI,Changeup,Knuckle Curve,Sinker,-0.0212
Hunter Brown,Left-Handed Batter,All-or-Nothing Power Hitter,CH / FF / SI,Changeup,Four-Seam Fastball,Sinker,-0.0181
Hunter Brown,Left-Handed Batter,Disciplined All-Rounder,CH / FF / SI,Changeup,Four-Seam Fastball,Sinker,-0.0105
Hunter Brown,Left-Handed Batter,Free-Swinging Slugger,CH / KC / SI,Changeup,Knuckle Curve,Sinker,-0.0083
Hunter Brown,Left-Handed Batter,Complete Power Hitter,CH / FF / SI,Changeup,Four-Seam Fastball,Sinker,0.0153
Hunter Brown,Left-Handed Batter,Contact-Over-Power Hitter,FF / KC / SI,Four-Seam Fastball,Knuckle Curve,Sinker,0.0027
Hunter Brown,Right-Handed Batter,Pure Slap Hitter,CH / FF / KC,Changeup,Four-Seam Fastball,Knuckle Curve,-0.0015
Hunter Brown,Right-Handed Batter,All-or-Nothing Power Hitter,CH / FF / KC,Changeup,Four-Seam Fastball,Knuckle Curve,-0.0085
Hunter Brown,Right-Handed Batter,Disciplined All-Rounder,CH / KC / SI,Changeup,Knuckle Curve,Sinker,-0.0109
Hunter Brown,Right-Handed Batter,Free-Swinging Slugger,CH / FF / KC,Changeup,Four-Seam Fastball,Knuckle Curve,-0.0176
Hunter Brown,Right-Handed Batter,Complete Power Hitter,CH / FF / KC,Changeup,Four-Seam Fastball,Knuckle Curve,0.0043
Hunter Brown,Right-Handed Batter,Contact-Over-Power Hitter,CH / KC / SI,Changeup,Knuckle Curve,Sinker,-0.0135
Trevor Mcdonald,Left-Handed Batter,Pure Slap Hitter,CH / SI / SL,Changeup,Sinker,Slider,-0.0096
Trevor Mcdonald,Left-Handed Batter,All-or-Nothing Power Hitter,CH / SI / SL,Changeup,Sinker,Slider,0.0049
Trevor Mcdonald,Left-Handed Batter,Disciplined All-Rounder,CH / SI / SL,Changeup,Sinker,Slider,0.0058
Trevor Mcdonald,Left-Handed Batter,Free-Swinging Slugger,CH / SI / SL,Changeup,Sinker,Slider,-0.0004
Trevor Mcdonald,Left-Handed Batter,Complete Power Hitter,CH / SI / SL,Changeup,Sinker,Slider,0.0229
Trevor Mcdonald,Left-Handed Batter,Contact-Over-Power Hitter,CH / SI / SL,Changeup,Sinker,Slider,-0.0205
Trevor Mcdonald,Right-Handed Batter,Pure Slap Hitter,CH / SI / SL,Changeup,Sinker,Slider,0.0011
Trevor Mcdonald,Right-Handed Batter,All-or-Nothing Power Hitter,CH / SI / SL,Changeup,Sinker,Slider,-0.0066
Trevor Mcdonald,Right-Handed Batter,Disciplined All-Rounder,CH / SI / SL,Changeup,Sinker,Slider,-0.0158
Trevor Mcdonald,Right-Handed Batter,Free-Swinging Slugger,CH / SI / SL,Changeup,Sinker,Slider,-0.0045
Trevor Mcdonald,Right-Handed Batter,Complete Power Hitter,CH / SI / SL,Changeup,Sinker,Slider,-0.002
Trevor Mcdonald,Right-Handed Batter,Contact-Over-Power Hitter,CH / SI / SL,Changeup,Sinker,Slider,-0.0183
Jack Kochanowicz,Left-Handed Batter,Pure Slap Hitter,FF / SI / SL,Four-Seam Fastball,Sinker,Slider,-0.0217
Jack Kochanowicz,Left-Handed Batter,All-or-Nothing Power Hitter,CH / FF / SL,Changeup,Four-Seam Fastball,Slider,-0.0075
Jack Kochanowicz,Left-Handed Batter,Disciplined All-Rounder,FF / SI / SL,Four-Seam Fastball,Sinker,Slider,0.0151
Jack Kochanowicz,Left-Handed Batter,Free-Swinging Slugger,FF / SI / SL,Four-Seam Fastball,Sinker,Slider,-0.013
Jack Kochanowicz,Left-Handed Batter,Complete Power Hitter,CH / SI / SL,Changeup,Sinker,Slider,-0.0024
Jack Kochanowicz,Left-Handed Batter,Contact-Over-Power Hitter,CH / FF / SL,Changeup,Four-Seam Fastball,Slider,-0.0043
Jack Kochanowicz,Right-Handed Batter,Pure Slap Hitter,FF / SI / SL,Four-Seam Fastball,Sinker,Slider,-0.0007
Jack Kochanowicz,Right-Handed Batter,All-or-Nothing Power Hitter,CH / FF / SL,Changeup,Four-Seam Fastball,Slider,-0.0026
Jack Kochanowicz,Right-Handed Batter,Disciplined All-Rounder,FF / SI / SL,Four-Seam Fastball,Sinker,Slider,-0.015
Jack Kochanowicz,Right-Handed Batter,Free-Swinging Slugger,CH / FF / SL,Changeup,Four-Seam Fastball,Slider,-0.0219
Jack Kochanowicz,Right-Handed Batter,Complete Power Hitter,CH / FF / SL,Changeup,Four-Seam Fastball,Slider,-0.0057
Jack Kochanowicz,Right-Handed Batter,Contact-Over-Power Hitter,FF / SI / SL,Four-Seam Fastball,Sinker,Slider,-0.0116
Mason Barnett,Left-Handed Batter,Pure Slap Hitter,FF / SL / ST,Four-Seam Fastball,Slider,Sweeper,0.002
Mason Barnett,Left-Handed Batter,All-or-Nothing Power Hitter,FF / SL / ST,Four-Seam Fastball,Slider,Sweeper,0.0022
Mason Barnett,Left-Handed Batter,Disciplined All-Rounder,FF / SL / ST,Four-Seam Fastball,Slider,Sweeper,-0.0007
Mason Barnett,Left-Handed Batter,Free-Swinging Slugger,FF / SL / ST,Four-Seam Fastball,Slider,Sweeper,-0.0035
Mason Barnett,Left-Handed Batter,Complete Power Hitter,FF / SL / ST,Four-Seam Fastball,Slider,Sweeper,0.0189
Mason Barnett,Left-Handed Batter,Contact-Over-Power Hitter,FF / SL / ST,Four-Seam Fastball,Slider,Sweeper,0.0212
Mason Barnett,Right-Handed Batter,Pure Slap Hitter,FF / SL / ST,Four-Seam Fastball,Slider,Sweeper,0.0037
Mason Barnett,Right-Handed Batter,All-or-Nothing Power Hitter,FF / SL / ST,Four-Seam Fastball,Slider,Sweeper,0.0025
Mason Barnett,Right-Handed Batter,Disciplined All-Rounder,FF / SL / ST,Four-Seam Fastball,Slider,Sweeper,0.0151
Mason Barnett,Right-Handed Batter,Free-Swinging Slugger,FF / SL / ST,Four-Seam Fastball,Slider,Sweeper,-0.0055
Mason Barnett,Right-Handed Batter,Complete Power Hitter,FF / SL / ST,Four-Seam Fastball,Slider,Sweeper,0.0386
Mason Barnett,Right-Handed Batter,Contact-Over-Power Hitter,FF / SL / ST,Four-Seam Fastball,Slider,Sweeper,-0.0061
Louis Varland,Left-Handed Batter,Pure Slap Hitter,CH / FF / KC,Changeup,Four-Seam Fastball,Knuckle Curve,-0.0122
Louis Varland,Left-Handed Batter,All-or-Nothing Power Hitter,CH / FF / KC,Changeup,Four-Seam Fastball,Knuckle Curve,-0.0023
Louis Varland,Left-Handed Batter,Disciplined All-Rounder,CH / FF / KC,Changeup,Four-Seam Fastball,Knuckle Curve,0.0056
Louis Varland,Left-Handed Batter,Free-Swinging Slugger,CH / FF / KC,Changeup,Four-Seam Fastball,Knuckle Curve,-0.013
Louis Varland,Left-Handed Batter,Complete Power Hitter,CH / FF / KC,Changeup,Four-Seam Fastball,Knuckle Curve,-0.0086
Louis Varland,Left-Handed Batter,Contact-Over-Power Hitter,CH / FF / KC,Changeup,Four-Seam Fastball,Knuckle Curve,-0.0179
Louis Varland,Right-Handed Batter,Pure Slap Hitter,CH / FF / KC,Changeup,Four-Seam Fastball,Knuckle Curve,-0.018
Louis Varland,Right-Handed Batter,All-or-Nothing Power Hitter,CH / FF / KC,Changeup,Four-Seam Fastball,Knuckle Curve,0.0004
Louis Varland,Right-Handed Batter,Disciplined All-Rounder,CH / FF / KC,Changeup,Four-Seam Fastball,Knuckle Curve,0.0078
Louis Varland,Right-Handed Batter,Free-Swinging Slugger,CH / FF / KC,Changeup,Four-Seam Fastball,Knuckle Curve,-0.0262
Louis Varland,Right-Handed Batter,Complete Power Hitter,CH / FF / KC,Changeup,Four-Seam Fastball,Knuckle Curve,-0.0052
Louis Varland,Right-Handed Batter,Contact-Over-Power Hitter,CH / FF / KC,Changeup,Four-Seam Fastball,Knuckle Curve,0.0024
Justin Sterner,Left-Handed Batter,Pure Slap Hitter,FC / FF / ST,Cutter,Four-Seam Fastball,Sweeper,-0.0039
Justin Sterner,Left-Handed Batter,All-or-Nothing Power Hitter,FC / FF / ST,Cutter,Four-Seam Fastball,Sweeper,0.0015
Justin Sterner,Left-Handed Batter,Disciplined All-Rounder,FC / FF / ST,Cutter,Four-Seam Fastball,Sweeper,-0.0153
Justin Sterner,Left-Handed Batter,Free-Swinging Slugger,FC / FF / ST,Cutter,Four-Seam Fastball,Sweeper,-0.0089
Justin Sterner,Left-Handed Batter,Complete Power Hitter,FC / FF / ST,Cutter,Four-Seam Fastball,Sweeper,-0.008
Justin Sterner,Left-Handed Batter,Contact-Over-Power Hitter,FC / FF / ST,Cutter,Four-Seam Fastball,Sweeper,0.0247
Justin Sterner,Right-Handed Batter,Pure Slap Hitter,FC / FF / ST,Cutter,Four-Seam Fastball,Sweeper,-0.0009
Justin Sterner,Right-Handed Batter,All-or-Nothing Power Hitter,FC / FF / ST,Cutter,Four-Seam Fastball,Sweeper,0.006
Justin Sterner,Right-Handed Batter,Disciplined All-Rounder,FC / FF / ST,Cutter,Four-Seam Fastball,Sweeper,0.0129
Justin Sterner,Right-Handed Batter,Free-Swinging Slugger,FC / FF / ST,Cutter,Four-Seam Fastball,Sweeper,0.0121
Justin Sterner,Right-Handed Batter,Complete Power Hitter,FC / FF / ST,Cutter,Four-Seam Fastball,Sweeper,0.0292
Justin Sterner,Right-Handed Batter,Contact-Over-Power Hitter,FC / FF / ST,Cutter,Four-Seam Fastball,Sweeper,-0.0099
Brandon Young,Left-Handed Batter,Pure Slap Hitter,FF / SI / SL,Four-Seam Fastball,Sinker,Slider,-0.0235
Brandon Young,Left-Handed Batter,All-or-Nothing Power Hitter,FS / SI / SL,Splitter,Sinker,Slider,-0.0125
Brandon Young,Left-Handed Batter,Disciplined All-Rounder,FF / SI / SL,Four-Seam Fastball,Sinker,Slider,-0.0141
Brandon Young,Left-Handed Batter,Free-Swinging Slugger,CU / FF / SI,Curveball,Four-Seam Fastball,Sinker,-0.0347
Brandon Young,Left-Handed Batter,Complete Power Hitter,CU / FF / SL,Curveball,Four-Seam Fastball,Slider,0.0114
Brandon Young,Left-Handed Batter,Contact-Over-Power Hitter,FF / SI / SL,Four-Seam Fastball,Sinker,Slider,-0.0355
Brandon Young,Right-Handed Batter,Pure Slap Hitter,CU / FS / SL,Curveball,Splitter,Slider,-0.0052
Brandon Young,Right-Handed Batter,All-or-Nothing Power Hitter,CU / FS / SL,Curveball,Splitter,Slider,-0.0204
Brandon Young,Right-Handed Batter,Disciplined All-Rounder,FF / FS / SI,Four-Seam Fastball,Splitter,Sinker,0.0012
Brandon Young,Right-Handed Batter,Free-Swinging Slugger,CU / FF / SL,Curveball,Four-Seam Fastball,Slider,-0.0134
Brandon Young,Right-Handed Batter,Complete Power Hitter,CU / FF / FS,Curveball,Four-Seam Fastball,Splitter,-0.017
Brandon Young,Right-Handed Batter,Contact-Over-Power Hitter,CU / FS / SI,Curveball,Splitter,Sinker,-0.0158
Brandon Sproat,Left-Handed Batter,Pure Slap Hitter,CU / SI / ST,Curveball,Sinker,Sweeper,-0.0023
Brandon Sproat,Left-Handed Batter,All-or-Nothing Power Hitter,CH / FF / ST,Changeup,Four-Seam Fastball,Sweeper,-0.0037
Brandon Sproat,Left-Handed Batter,Disciplined All-Rounder,CH / FF / ST,Changeup,Four-Seam Fastball,Sweeper,0.0053
Brandon Sproat,Left-Handed Batter,Free-Swinging Slugger,FC / FF / ST,Cutter,Four-Seam Fastball,Sweeper,-0.015
Brandon Sproat,Left-Handed Batter,Complete Power Hitter,CH / SI / ST,Changeup,Sinker,Sweeper,-0.0093
Brandon Sproat,Left-Handed Batter,Contact-Over-Power Hitter,CH / CU / ST,Changeup,Curveball,Sweeper,-0.0258
Brandon Sproat,Right-Handed Batter,Pure Slap Hitter,FC / FF / SI,Cutter,Four-Seam Fastball,Sinker,-0.0156
Brandon Sproat,Right-Handed Batter,All-or-Nothing Power Hitter,CH / FF / ST,Changeup,Four-Seam Fastball,Sweeper,-0.0011
Brandon Sproat,Right-Handed Batter,Disciplined All-Rounder,CH / FC / SI,Changeup,Cutter,Sinker,-0.0193
Brandon Sproat,Right-Handed Batter,Free-Swinging Slugger,CH / FC / FF,Changeup,Cutter,Four-Seam Fastball,-0.0052
Brandon Sproat,Right-Handed Batter,Complete Power Hitter,CH / FF / ST,Changeup,Four-Seam Fastball,Sweeper,0.004
Brandon Sproat,Right-Handed Batter,Contact-Over-Power Hitter,CH / CU / FF,Changeup,Curveball,Four-Seam Fastball,-0.0222
Orlando Ribalta,Left-Handed Batter,Pure Slap Hitter,FF / SI / SL,Four-Seam Fastball,Sinker,Slider,-0.0158
Orlando Ribalta,Left-Handed Batter,All-or-Nothing Power Hitter,FF / SI / SL,Four-Seam Fastball,Sinker,Slider,0.0048
Orlando Ribalta,Left-Handed Batter,Disciplined All-Rounder,FF / SI / SL,Four-Seam Fastball,Sinker,Slider,-0.0247
Orlando Ribalta,Left-Handed Batter,Free-Swinging Slugger,FF / SI / SL,Four-Seam Fastball,Sinker,Slider,-0.0107
Orlando Ribalta,Left-Handed Batter,Complete Power Hitter,FF / SI / SL,Four-Seam Fastball,Sinker,Slider,0.0212
Orlando Ribalta,Left-Handed Batter,Contact-Over-Power Hitter,FF / SI / SL,Four-Seam Fastball,Sinker,Slider,0.0002
Orlando Ribalta,Right-Handed Batter,Pure Slap Hitter,FF / SI / SL,Four-Seam Fastball,Sinker,Slider,0.0014
Orlando Ribalta,Right-Handed Batter,All-or-Nothing Power Hitter,FF / SI / SL,Four-Seam Fastball,Sinker,Slider,0.0006
Orlando Ribalta,Right-Handed Batter,Disciplined All-Rounder,FF / SI / SL,Four-Seam Fastball,Sinker,Slider,0.0121
Orlando Ribalta,Right-Handed Batter,Free-Swinging Slugger,FF / SI / SL,Four-Seam Fastball,Sinker,Slider,-0.0135
Orlando Ribalta,Right-Handed Batter,Complete Power Hitter,FF / SI / SL,Four-Seam Fastball,Sinker,Slider,0.0057
Orlando Ribalta,Right-Handed Batter,Contact-Over-Power Hitter,FF / SI / SL,Four-Seam Fastball,Sinker,Slider,-0.0023
Ryan Gusto,Left-Handed Batter,Pure Slap Hitter,CH / SI / ST,Changeup,Sinker,Sweeper,-0.0102
Ryan Gusto,Left-Handed Batter,All-or-Nothing Power Hitter,CH / FF / SI,Changeup,Four-Seam Fastball,Sinker,-0.0118
Ryan Gusto,Left-Handed Batter,Disciplined All-Rounder,FC / SI / ST,Cutter,Sinker,Sweeper,-0.0087
Ryan Gusto,Left-Handed Batter,Free-Swinging Slugger,CH / FC / ST,Changeup,Cutter,Sweeper,0.0062
Ryan Gusto,Left-Handed Batter,Complete Power Hitter,CH / FC / SI,Changeup,Cutter,Sinker,-0.0122
Ryan Gusto,Left-Handed Batter,Contact-Over-Power Hitter,FC / FF / SI,Cutter,Four-Seam Fastball,Sinker,-0.017
Ryan Gusto,Right-Handed Batter,Pure Slap Hitter,CH / FC / FF,Changeup,Cutter,Four-Seam Fastball,-0.0184
Ryan Gusto,Right-Handed Batter,All-or-Nothing Power Hitter,CH / FC / SI,Changeup,Cutter,Sinker,0.011
Ryan Gusto,Right-Handed Batter,Disciplined All-Rounder,CH / FF / ST,Changeup,Four-Seam Fastball,Sweeper,-0.0093
Ryan Gusto,Right-Handed Batter,Free-Swinging Slugger,FC / SI / ST,Cutter,Sinker,Sweeper,-0.0184
Ryan Gusto,Right-Handed Batter,Complete Power Hitter,CH / FF / SI,Changeup,Four-Seam Fastball,Sinker,-0.0087
Ryan Gusto,Right-Handed Batter,Contact-Over-Power Hitter,CH / FC / ST,Changeup,Cutter,Sweeper,-0.0236
Jake Bennett,Left-Handed Batter,Pure Slap Hitter,CH / FF / SI,Changeup,Four-Seam Fastball,Sinker,-0.0236
Jake Bennett,Left-Handed Batter,All-or-Nothing Power Hitter,CH / FF / SI,Changeup,Four-Seam Fastball,Sinker,-0.0121
Jake Bennett,Left-Handed Batter,Disciplined All-Rounder,CH / FF / SI,Changeup,Four-Seam Fastball,Sinker,0.011
Jake Bennett,Left-Handed Batter,Free-Swinging Slugger,CH / FF / SI,Changeup,Four-Seam Fastball,Sinker,-0.0084
Jake Bennett,Left-Handed Batter,Complete Power Hitter,CH / FF / SI,Changeup,Four-Seam Fastball,Sinker,-0.0227
Jake Bennett,Left-Handed Batter,Contact-Over-Power Hitter,CH / FF / SI,Changeup,Four-Seam Fastball,Sinker,-0.0163
Jake Bennett,Right-Handed Batter,Pure Slap Hitter,CH / FF / SI,Changeup,Four-Seam Fastball,Sinker,-0.0079
Jake Bennett,Right-Handed Batter,All-or-Nothing Power Hitter,CH / FF / SI,Changeup,Four-Seam Fastball,Sinker,0.0047
Jake Bennett,Right-Handed Batter,Disciplined All-Rounder,CH / FF / SI,Changeup,Four-Seam Fastball,Sinker,-0.0219
Jake Bennett,Right-Handed Batter,Free-Swinging Slugger,CH / FF / SI,Changeup,Four-Seam Fastball,Sinker,-0.0154
Jake Bennett,Right-Handed Batter,Complete Power Hitter,CH / FF / SI,Changeup,Four-Seam Fastball,Sinker,-0.007
Jake Bennett,Right-Handed Batter,Contact-Over-Power Hitter,CH / FF / SI,Changeup,Four-Seam Fastball,Sinker,-0.019
Connor Prielipp,Left-Handed Batter,Pure Slap Hitter,CH / CU / FF,Changeup,Curveball,Four-Seam Fastball,-0.0169
Connor Prielipp,Left-Handed Batter,All-or-Nothing Power Hitter,CH / CU / SL,Changeup,Curveball,Slider,-0.0102
Connor Prielipp,Left-Handed Batter,Disciplined All-Rounder,CH / SI / SL,Changeup,Sinker,Slider,-0.0087
Connor Prielipp,Left-Handed Batter,Free-Swinging Slugger,CH / FF / SI,Changeup,Four-Seam Fastball,Sinker,-0.0199
Connor Prielipp,Left-Handed Batter,Complete Power Hitter,CH / CU / FF,Changeup,Curveball,Four-Seam Fastball,0.0021
Connor Prielipp,Left-Handed Batter,Contact-Over-Power Hitter,CH / CU / FF,Changeup,Curveball,Four-Seam Fastball,-0.0014
Connor Prielipp,Right-Handed Batter,Pure Slap Hitter,CH / SI / SL,Changeup,Sinker,Slider,-0.0168
Connor Prielipp,Right-Handed Batter,All-or-Nothing Power Hitter,CU / SI / SL,Curveball,Sinker,Slider,-0.0063
Connor Prielipp,Right-Handed Batter,Disciplined All-Rounder,CH / SI / SL,Changeup,Sinker,Slider,-0.0051
Connor Prielipp,Right-Handed Batter,Free-Swinging Slugger,FF / SI / SL,Four-Seam Fastball,Sinker,Slider,-0.0259
Connor Prielipp,Right-Handed Batter,Complete Power Hitter,CH / CU / SI,Changeup,Curveball,Sinker,-0.0019
Connor Prielipp,Right-Handed Batter,Contact-Over-Power Hitter,CU / SI / SL,Curveball,Sinker,Slider,-0.011
Bryan King,Left-Handed Batter,Pure Slap Hitter,FF / SI / ST,Four-Seam Fastball,Sinker,Sweeper,0.0033
Bryan King,Left-Handed Batter,All-or-Nothing Power Hitter,FF / SI / ST,Four-Seam Fastball,Sinker,Sweeper,0.0021
Bryan King,Left-Handed Batter,Disciplined All-Rounder,FF / SI / ST,Four-Seam Fastball,Sinker,Sweeper,0.0058
Bryan King,Left-Handed Batter,Free-Swinging Slugger,FF / SI / ST,Four-Seam Fastball,Sinker,Sweeper,-0.0121
Bryan King,Left-Handed Batter,Complete Power Hitter,FF / SI / ST,Four-Seam Fastball,Sinker,Sweeper,-0.0096
Bryan King,Left-Handed Batter,Contact-Over-Power Hitter,FF / SI / ST,Four-Seam Fastball,Sinker,Sweeper,-0.0164
Bryan King,Right-Handed Batter,Pure Slap Hitter,FF / SI / ST,Four-Seam Fastball,Sinker,Sweeper,-0.0087
Bryan King,Right-Handed Batter,All-or-Nothing Power Hitter,FF / SI / ST,Four-Seam Fastball,Sinker,Sweeper,-0.001
Bryan King,Right-Handed Batter,Disciplined All-Rounder,FF / SI / ST,Four-Seam Fastball,Sinker,Sweeper,-0.0005
Bryan King,Right-Handed Batter,Free-Swinging Slugger,FF / SI / ST,Four-Seam Fastball,Sinker,Sweeper,0.0184
Bryan King,Right-Handed Batter,Complete Power Hitter,FF / SI / ST,Four-Seam Fastball,Sinker,Sweeper,0.0052
Bryan King,Right-Handed Batter,Contact-Over-Power Hitter,FF / SI / ST,Four-Seam Fastball,Sinker,Sweeper,-0.0103
Robert Gasser,Left-Handed Batter,Pure Slap Hitter,FC / FF / SI,Cutter,Four-Seam Fastball,Sinker,-0.0297
Robert Gasser,Left-Handed Batter,All-or-Nothing Power Hitter,FC / FF / SI,Cutter,Four-Seam Fastball,Sinker,-0.0044
Robert Gasser,Left-Handed Batter,Disciplined All-Rounder,FC / FF / SI,Cutter,Four-Seam Fastball,Sinker,-0.0026
Robert Gasser,Left-Handed Batter,Free-Swinging Slugger,FC / FF / SI,Cutter,Four-Seam Fastball,Sinker,-0.0034
Robert Gasser,Left-Handed Batter,Complete Power Hitter,FC / FF / ST,Cutter,Four-Seam Fastball,Sweeper,0.0001
Robert Gasser,Left-Handed Batter,Contact-Over-Power Hitter,FC / SI / ST,Cutter,Sinker,Sweeper,-0.0233
Robert Gasser,Right-Handed Batter,Pure Slap Hitter,FC / FF / SI,Cutter,Four-Seam Fastball,Sinker,-0.0099
Robert Gasser,Right-Handed Batter,All-or-Nothing Power Hitter,FC / SI / ST,Cutter,Sinker,Sweeper,-0.0107
Robert Gasser,Right-Handed Batter,Disciplined All-Rounder,FC / SI / ST,Cutter,Sinker,Sweeper,-0.0017
Robert Gasser,Right-Handed Batter,Free-Swinging Slugger,FC / FF / SI,Cutter,Four-Seam Fastball,Sinker,0.0018
Robert Gasser,Right-Handed Batter,Complete Power Hitter,FC / FF / ST,Cutter,Four-Seam Fastball,Sweeper,0.0025
Robert Gasser,Right-Handed Batter,Contact-Over-Power Hitter,FC / SI / ST,Cutter,Sinker,Sweeper,-0.019
David Morgan,Left-Handed Batter,Pure Slap Hitter,CU / FF / SI,Curveball,Four-Seam Fastball,Sinker,0.0064
David Morgan,Left-Handed Batter,All-or-Nothing Power Hitter,CU / FF / SI,Curveball,Four-Seam Fastball,Sinker,0.0062
David Morgan,Left-Handed Batter,Disciplined All-Rounder,CU / FF / SI,Curveball,Four-Seam Fastball,Sinker,0.0036
David Morgan,Left-Handed Batter,Free-Swinging Slugger,CU / FF / SI,Curveball,Four-Seam Fastball,Sinker,0.0089
David Morgan,Left-Handed Batter,Complete Power Hitter,CU / FF / SI,Curveball,Four-Seam Fastball,Sinker,0.0014
David Morgan,Left-Handed Batter,Contact-Over-Power Hitter,CU / FF / SI,Curveball,Four-Seam Fastball,Sinker,-0.0024
David Morgan,Right-Handed Batter,Pure Slap Hitter,CU / FF / SI,Curveball,Four-Seam Fastball,Sinker,0.0131
David Morgan,Right-Handed Batter,All-or-Nothing Power Hitter,CU / FF / SI,Curveball,Four-Seam Fastball,Sinker,0.004
David Morgan,Right-Handed Batter,Disciplined All-Rounder,CU / FF / SI,Curveball,Four-Seam Fastball,Sinker,0.0021
David Morgan,Right-Handed Batter,Free-Swinging Slugger,CU / FF / SI,Curveball,Four-Seam Fastball,Sinker,-0.0055
David Morgan,Right-Handed Batter,Complete Power Hitter,CU / FF / SI,Curveball,Four-Seam Fastball,Sinker,0.0111
David Morgan,Right-Handed Batter,Contact-Over-Power Hitter,CU / FF / SI,Curveball,Four-Seam Fastball,Sinker,0.0007
Zach Agnos,Left-Handed Batter,Pure Slap Hitter,FS / SI / SL,Splitter,Sinker,Slider,-0.0193
Zach Agnos,Left-Handed Batter,All-or-Nothing Power Hitter,FS / SL / ST,Splitter,Slider,Sweeper,-0.0119
Zach Agnos,Left-Handed Batter,Disciplined All-Rounder,SI / SL / ST,Sinker,Slider,Sweeper,-0.0095
Zach Agnos,Left-Handed Batter,Free-Swinging Slugger,FF / SI / SL,Four-Seam Fastball,Sinker,Slider,-0.0134
Zach Agnos,Left-Handed Batter,Complete Power Hitter,SI / SL / ST,Sinker,Slider,Sweeper,-0.0075
Zach Agnos,Left-Handed Batter,Contact-Over-Power Hitter,FC / SI / SL,Cutter,Sinker,Slider,-0.009
Zach Agnos,Right-Handed Batter,Pure Slap Hitter,FF / FS / SI,Four-Seam Fastball,Splitter,Sinker,-0.0202
Zach Agnos,Right-Handed Batter,All-or-Nothing Power Hitter,FC / FS / ST,Cutter,Splitter,Sweeper,-0.0077
Zach Agnos,Right-Handed Batter,Disciplined All-Rounder,FC / FS / ST,Cutter,Splitter,Sweeper,-0.0093
Zach Agnos,Right-Handed Batter,Free-Swinging Slugger,FC / SL / ST,Cutter,Slider,Sweeper,-0.0205
Zach Agnos,Right-Handed Batter,Complete Power Hitter,FS / SI / ST,Splitter,Sinker,Sweeper,-0.0107
Zach Agnos,Right-Handed Batter,Contact-Over-Power Hitter,FS / SI / ST,Splitter,Sinker,Sweeper,-0.0151
Orion Kerkering,Left-Handed Batter,Pure Slap Hitter,FF / SI / ST,Four-Seam Fastball,Sinker,Sweeper,0.0086
Orion Kerkering,Left-Handed Batter,All-or-Nothing Power Hitter,FF / SI / ST,Four-Seam Fastball,Sinker,Sweeper,-0.0223
Orion Kerkering,Left-Handed Batter,Disciplined All-Rounder,FF / SI / ST,Four-Seam Fastball,Sinker,Sweeper,-0.0111
Orion Kerkering,Left-Handed Batter,Free-Swinging Slugger,FF / SI / ST,Four-Seam Fastball,Sinker,Sweeper,-0.0061
Orion Kerkering,Left-Handed Batter,Complete Power Hitter,FF / SI / ST,Four-Seam Fastball,Sinker,Sweeper,0.0165
Orion Kerkering,Left-Handed Batter,Contact-Over-Power Hitter,FF / SI / ST,Four-Seam Fastball,Sinker,Sweeper,-0.0154
Orion Kerkering,Right-Handed Batter,Pure Slap Hitter,FF / SI / ST,Four-Seam Fastball,Sinker,Sweeper,-0.0055
Orion Kerkering,Right-Handed Batter,All-or-Nothing Power Hitter,FF / SI / ST,Four-Seam Fastball,Sinker,Sweeper,-0.0172
Orion Kerkering,Right-Handed Batter,Disciplined All-Rounder,FF / SI / ST,Four-Seam Fastball,Sinker,Sweeper,0.0105
Orion Kerkering,Right-Handed Batter,Free-Swinging Slugger,FF / SI / ST,Four-Seam Fastball,Sinker,Sweeper,-0.0166
Orion Kerkering,Right-Handed Batter,Complete Power Hitter,FF / SI / ST,Four-Seam Fastball,Sinker,Sweeper,-0.0016
Orion Kerkering,Right-Handed Batter,Contact-Over-Power Hitter,FF / SI / ST,Four-Seam Fastball,Sinker,Sweeper,0.0017
Anthony Nunez,Left-Handed Batter,Pure Slap Hitter,CH / SI / ST,Changeup,Sinker,Sweeper,-0.0077
Anthony Nunez,Left-Handed Batter,All-or-Nothing Power Hitter,CH / FF / ST,Changeup,Four-Seam Fastball,Sweeper,-0.0163
Anthony Nunez,Left-Handed Batter,Disciplined All-Rounder,CH / SI / ST,Changeup,Sinker,Sweeper,-0.0027
Anthony Nunez,Left-Handed Batter,Free-Swinging Slugger,CH / SI / ST,Changeup,Sinker,Sweeper,-0.0142
Anthony Nunez,Left-Handed Batter,Complete Power Hitter,FF / SI / ST,Four-Seam Fastball,Sinker,Sweeper,-0.0055
Anthony Nunez,Left-Handed Batter,Contact-Over-Power Hitter,FF / SI / ST,Four-Seam Fastball,Sinker,Sweeper,-0.0187
Anthony Nunez,Right-Handed Batter,Pure Slap Hitter,CH / FF / SI,Changeup,Four-Seam Fastball,Sinker,-0.0068
Anthony Nunez,Right-Handed Batter,All-or-Nothing Power Hitter,CH / FF / ST,Changeup,Four-Seam Fastball,Sweeper,-0.0103
Anthony Nunez,Right-Handed Batter,Disciplined All-Rounder,CH / FF / ST,Changeup,Four-Seam Fastball,Sweeper,0.004
Anthony Nunez,Right-Handed Batter,Free-Swinging Slugger,CH / FF / SI,Changeup,Four-Seam Fastball,Sinker,0.0046
Anthony Nunez,Right-Handed Batter,Complete Power Hitter,FF / SI / ST,Four-Seam Fastball,Sinker,Sweeper,-0.0068
Anthony Nunez,Right-Handed Batter,Contact-Over-Power Hitter,CH / FF / ST,Changeup,Four-Seam Fastball,Sweeper,-0.0228
Hunter Dobbins,Left-Handed Batter,Pure Slap Hitter,FF / SL / ST,Four-Seam Fastball,Slider,Sweeper,-0.0222
Hunter Dobbins,Left-Handed Batter,All-or-Nothing Power Hitter,FF / SL / ST,Four-Seam Fastball,Slider,Sweeper,-0.0002
Hunter Dobbins,Left-Handed Batter,Disciplined All-Rounder,FF / SL / ST,Four-Seam Fastball,Slider,Sweeper,0.0036
Hunter Dobbins,Left-Handed Batter,Free-Swinging Slugger,FF / SL / ST,Four-Seam Fastball,Slider,Sweeper,-0.0122
Hunter Dobbins,Left-Handed Batter,Complete Power Hitter,FF / SL / ST,Four-Seam Fastball,Slider,Sweeper,-0.0007
Hunter Dobbins,Left-Handed Batter,Contact-Over-Power Hitter,FF / SL / ST,Four-Seam Fastball,Slider,Sweeper,0.0125
Hunter Dobbins,Right-Handed Batter,Pure Slap Hitter,FF / SL / ST,Four-Seam Fastball,Slider,Sweeper,0.033
Hunter Dobbins,Right-Handed Batter,All-or-Nothing Power Hitter,FF / SL / ST,Four-Seam Fastball,Slider,Sweeper,0.0035
Hunter Dobbins,Right-Handed Batter,Disciplined All-Rounder,FF / SL / ST,Four-Seam Fastball,Slider,Sweeper,0.0141
Hunter Dobbins,Right-Handed Batter,Free-Swinging Slugger,FF / SL / ST,Four-Seam Fastball,Slider,Sweeper,-0.0119
Hunter Dobbins,Right-Handed Batter,Complete Power Hitter,FF / SL / ST,Four-Seam Fastball,Slider,Sweeper,0.0025
Hunter Dobbins,Right-Handed Batter,Contact-Over-Power Hitter,FF / SL / ST,Four-Seam Fastball,Slider,Sweeper,0.0053
Kyle Harrison,Left-Handed Batter,Pure Slap Hitter,CH / FF / SV,Changeup,Four-Seam Fastball,Slurve,-0.0001
Kyle Harrison,Left-Handed Batter,All-or-Nothing Power Hitter,CH / FF / SV,Changeup,Four-Seam Fastball,Slurve,-0.0045
Kyle Harrison,Left-Handed Batter,Disciplined All-Rounder,CH / FF / SV,Changeup,Four-Seam Fastball,Slurve,-0.0209
Kyle Harrison,Left-Handed Batter,Free-Swinging Slugger,CH / FF / SV,Changeup,Four-Seam Fastball,Slurve,-0.0087
Kyle Harrison,Left-Handed Batter,Complete Power Hitter,CH / FF / SV,Changeup,Four-Seam Fastball,Slurve,-0.0117
Kyle Harrison,Left-Handed Batter,Contact-Over-Power Hitter,CH / FF / SV,Changeup,Four-Seam Fastball,Slurve,-0.0108
Kyle Harrison,Right-Handed Batter,Pure Slap Hitter,CH / FF / SV,Changeup,Four-Seam Fastball,Slurve,-0.0075
Kyle Harrison,Right-Handed Batter,All-or-Nothing Power Hitter,CH / FF / SV,Changeup,Four-Seam Fastball,Slurve,-0.014
Kyle Harrison,Right-Handed Batter,Disciplined All-Rounder,CH / FF / SV,Changeup,Four-Seam Fastball,Slurve,-0.0076
Kyle Harrison,Right-Handed Batter,Free-Swinging Slugger,CH / FF / SV,Changeup,Four-Seam Fastball,Slurve,0.008
Kyle Harrison,Right-Handed Batter,Complete Power Hitter,CH / FF / SV,Changeup,Four-Seam Fastball,Slurve,0.0039
Kyle Harrison,Right-Handed Batter,Contact-Over-Power Hitter,CH / FF / SV,Changeup,Four-Seam Fastball,Slurve,0.0029
Nolan Mclean,Left-Handed Batter,Pure Slap Hitter,CH / SI / ST,Changeup,Sinker,Sweeper,-0.0241
Nolan Mclean,Left-Handed Batter,All-or-Nothing Power Hitter,CU / FF / SI,Curveball,Four-Seam Fastball,Sinker,0.0052
Nolan Mclean,Left-Handed Batter,Disciplined All-Rounder,CH / CU / SI,Changeup,Curveball,Sinker,-0.018
Nolan Mclean,Left-Handed Batter,Free-Swinging Slugger,CH / FC / SI,Changeup,Cutter,Sinker,-0.0229
Nolan Mclean,Left-Handed Batter,Complete Power Hitter,CH / CU / SI,Changeup,Curveball,Sinker,-0.0145
Nolan Mclean,Left-Handed Batter,Contact-Over-Power Hitter,CH / CU / SI,Changeup,Curveball,Sinker,-0.0054
Nolan Mclean,Right-Handed Batter,Pure Slap Hitter,CH / FF / SI,Changeup,Four-Seam Fastball,Sinker,-0.0276
Nolan Mclean,Right-Handed Batter,All-or-Nothing Power Hitter,CH / CU / FF,Changeup,Curveball,Four-Seam Fastball,-0.0023
Nolan Mclean,Right-Handed Batter,Disciplined All-Rounder,CH / FC / SI,Changeup,Cutter,Sinker,-0.0188
Nolan Mclean,Right-Handed Batter,Free-Swinging Slugger,CH / FC / SI,Changeup,Cutter,Sinker,-0.0175
Nolan Mclean,Right-Handed Batter,Complete Power Hitter,FC / FF / SI,Cutter,Four-Seam Fastball,Sinker,-0.0183
Nolan Mclean,Right-Handed Batter,Contact-Over-Power Hitter,CH / FC / FF,Changeup,Cutter,Four-Seam Fastball,-0.0175
Eury Pérez,Left-Handed Batter,Pure Slap Hitter,CH / SI / SL,Changeup,Sinker,Slider,-0.0118
Eury Pérez,Left-Handed Batter,All-or-Nothing Power Hitter,FF / SI / ST,Four-Seam Fastball,Sinker,Sweeper,-0.0203
Eury Pérez,Left-Handed Batter,Disciplined All-Rounder,CH / FF / ST,Changeup,Four-Seam Fastball,Sweeper,-0.0102
Eury Pérez,Left-Handed Batter,Free-Swinging Slugger,CH / CU / SL,Changeup,Curveball,Slider,-0.0198
Eury Pérez,Left-Handed Batter,Complete Power Hitter,CU / SL / ST,Curveball,Slider,Sweeper,-0.0158
Eury Pérez,Left-Handed Batter,Contact-Over-Power Hitter,CU / SI / SL,Curveball,Sinker,Slider,-0.0214
Eury Pérez,Right-Handed Batter,Pure Slap Hitter,CH / CU / ST,Changeup,Curveball,Sweeper,-0.0109
Eury Pérez,Right-Handed Batter,All-or-Nothing Power Hitter,CH / CU / FF,Changeup,Curveball,Four-Seam Fastball,-0.0038
Eury Pérez,Right-Handed Batter,Disciplined All-Rounder,CU / FF / SL,Curveball,Four-Seam Fastball,Slider,-0.0154
Eury Pérez,Right-Handed Batter,Free-Swinging Slugger,CH / CU / FF,Changeup,Curveball,Four-Seam Fastball,-0.0451
Eury Pérez,Right-Handed Batter,Complete Power Hitter,CU / SI / SL,Curveball,Sinker,Slider,0.0012
Eury Pérez,Right-Handed Batter,Contact-Over-Power Hitter,CU / FF / ST,Curveball,Four-Seam Fastball,Sweeper,-0.0075
Andrew Painter,Left-Handed Batter,Pure Slap Hitter,CU / SI / SL,Curveball,Sinker,Slider,-0.0098
Andrew Painter,Left-Handed Batter,All-or-Nothing Power Hitter,CU / FS / SI,Curveball,Splitter,Sinker,-0.0139
Andrew Painter,Left-Handed Batter,Disciplined All-Rounder,CU / FF / SI,Curveball,Four-Seam Fastball,Sinker,0.0015
Andrew Painter,Left-Handed Batter,Free-Swinging Slugger,FF / SI / ST,Four-Seam Fastball,Sinker,Sweeper,-0.0238
Andrew Painter,Left-Handed Batter,Complete Power Hitter,CU / SI / SL,Curveball,Sinker,Slider,-0.0012
Andrew Painter,Left-Handed Batter,Contact-Over-Power Hitter,FF / SI / ST,Four-Seam Fastball,Sinker,Sweeper,-0.0287
Andrew Painter,Right-Handed Batter,Pure Slap Hitter,FS / SL / ST,Splitter,Slider,Sweeper,-0.0105
Andrew Painter,Right-Handed Batter,All-or-Nothing Power Hitter,CU / FS / ST,Curveball,Splitter,Sweeper,-0.0091
Andrew Painter,Right-Handed Batter,Disciplined All-Rounder,CU / FS / ST,Curveball,Splitter,Sweeper,-0.0173
Andrew Painter,Right-Handed Batter,Free-Swinging Slugger,CU / FS / SL,Curveball,Splitter,Slider,-0.0161
Andrew Painter,Right-Handed Batter,Complete Power Hitter,CU / FS / ST,Curveball,Splitter,Sweeper,-0.0074
Andrew Painter,Right-Handed Batter,Contact-Over-Power Hitter,FS / SI / SL,Splitter,Sinker,Slider,-0.0234
Grant Taylor,Left-Handed Batter,Pure Slap Hitter,CU / SI / SL,Curveball,Sinker,Slider,-0.003
Grant Taylor,Left-Handed Batter,All-or-Nothing Power Hitter,CU / SI / SL,Curveball,Sinker,Slider,-0.0208
Grant Taylor,Left-Handed Batter,Disciplined All-Rounder,FF / SI / SL,Four-Seam Fastball,Sinker,Slider,-0.031
Grant Taylor,Left-Handed Batter,Free-Swinging Slugger,CU / SI / SL,Curveball,Sinker,Slider,-0.0157
Grant Taylor,Left-Handed Batter,Complete Power Hitter,CU / SI / SL,Curveball,Sinker,Slider,-0.0147
Grant Taylor,Left-Handed Batter,Contact-Over-Power Hitter,FF / SI / SL,Four-Seam Fastball,Sinker,Slider,-0.0113
Grant Taylor,Right-Handed Batter,Pure Slap Hitter,FF / SI / SL,Four-Seam Fastball,Sinker,Slider,-0.0082
Grant Taylor,Right-Handed Batter,All-or-Nothing Power Hitter,CU / SI / SL,Curveball,Sinker,Slider,-0.0137
Grant Taylor,Right-Handed Batter,Disciplined All-Rounder,CU / FF / SI,Curveball,Four-Seam Fastball,Sinker,-0.0189
Grant Taylor,Right-Handed Batter,Free-Swinging Slugger,CU / SI / SL,Curveball,Sinker,Slider,-0.0176
Grant Taylor,Right-Handed Batter,Complete Power Hitter,FF / SI / SL,Four-Seam Fastball,Sinker,Slider,-0.0038
Grant Taylor,Right-Handed Batter,Contact-Over-Power Hitter,CU / FF / SI,Curveball,Four-Seam Fastball,Sinker,-0.0206
Bryan Woo,Left-Handed Batter,Pure Slap Hitter,CH / SL / ST,Changeup,Slider,Sweeper,-0.0196
Bryan Woo,Left-Handed Batter,All-or-Nothing Power Hitter,CH / SI / ST,Changeup,Sinker,Sweeper,-0.0081
Bryan Woo,Left-Handed Batter,Disciplined All-Rounder,CH / SL / ST,Changeup,Slider,Sweeper,-0.0163
Bryan Woo,Left-Handed Batter,Free-Swinging Slugger,CH / SI / ST,Changeup,Sinker,Sweeper,-0.0148
Bryan Woo,Left-Handed Batter,Complete Power Hitter,CH / FF / SL,Changeup,Four-Seam Fastball,Slider,-0.0091
Bryan Woo,Left-Handed Batter,Contact-Over-Power Hitter,FF / SL / ST,Four-Seam Fastball,Slider,Sweeper,-0.0119
Bryan Woo,Right-Handed Batter,Pure Slap Hitter,CH / FF / SL,Changeup,Four-Seam Fastball,Slider,-0.0261
Bryan Woo,Right-Handed Batter,All-or-Nothing Power Hitter,CH / SI / ST,Changeup,Sinker,Sweeper,-0.0353
Bryan Woo,Right-Handed Batter,Disciplined All-Rounder,CH / FF / ST,Changeup,Four-Seam Fastball,Sweeper,-0.0045
Bryan Woo,Right-Handed Batter,Free-Swinging Slugger,CH / FF / SL,Changeup,Four-Seam Fastball,Slider,-0.0199
Bryan Woo,Right-Handed Batter,Complete Power Hitter,CH / SI / SL,Changeup,Sinker,Slider,-0.0321
Bryan Woo,Right-Handed Batter,Contact-Over-Power Hitter,CH / FF / SL,Changeup,Four-Seam Fastball,Slider,-0.0174
Cam Schlittler,Left-Handed Batter,Pure Slap Hitter,CU / FC / SI,Curveball,Cutter,Sinker,-0.0301
Cam Schlittler,Left-Handed Batter,All-or-Nothing Power Hitter,FC / FF / SI,Cutter,Four-Seam Fastball,Sinker,-0.0011
Cam Schlittler,Left-Handed Batter,Disciplined All-Rounder,FC / FF / SI,Cutter,Four-Seam Fastball,Sinker,-0.0202
Cam Schlittler,Left-Handed Batter,Free-Swinging Slugger,CU / FF / SI,Curveball,Four-Seam Fastball,Sinker,-0.0218
Cam Schlittler,Left-Handed Batter,Complete Power Hitter,CU / FC / FF,Curveball,Cutter,Four-Seam Fastball,-0.0037
Cam Schlittler,Left-Handed Batter,Contact-Over-Power Hitter,CU / FC / SI,Curveball,Cutter,Sinker,-0.0199
Cam Schlittler,Right-Handed Batter,Pure Slap Hitter,CU / FF / SI,Curveball,Four-Seam Fastball,Sinker,-0.025
Cam Schlittler,Right-Handed Batter,All-or-Nothing Power Hitter,CU / FF / SI,Curveball,Four-Seam Fastball,Sinker,-0.0058
Cam Schlittler,Right-Handed Batter,Disciplined All-Rounder,CU / FF / SI,Curveball,Four-Seam Fastball,Sinker,-0.0104
Cam Schlittler,Right-Handed Batter,Free-Swinging Slugger,CU / FC / FF,Curveball,Cutter,Four-Seam Fastball,-0.0294
Cam Schlittler,Right-Handed Batter,Complete Power Hitter,CU / FF / SI,Curveball,Four-Seam Fastball,Sinker,-0.0185
Cam Schlittler,Right-Handed Batter,Contact-Over-Power Hitter,CU / FF / SI,Curveball,Four-Seam Fastball,Sinker,-0.0103
Spencer Miles,Left-Handed Batter,Pure Slap Hitter,FF / SI / SL,Four-Seam Fastball,Sinker,Slider,-0.0211
Spencer Miles,Left-Handed Batter,All-or-Nothing Power Hitter,CU / FF / SL,Curveball,Four-Seam Fastball,Slider,0.0032
Spencer Miles,Left-Handed Batter,Disciplined All-Rounder,CU / SI / SL,Curveball,Sinker,Slider,-0.0194
Spencer Miles,Left-Handed Batter,Free-Swinging Slugger,CU / SI / SL,Curveball,Sinker,Slider,-0.0225
Spencer Miles,Left-Handed Batter,Complete Power Hitter,CU / FF / SI,Curveball,Four-Seam Fastball,Sinker,-0.0031
Spencer Miles,Left-Handed Batter,Contact-Over-Power Hitter,FF / SI / SL,Four-Seam Fastball,Sinker,Slider,-0.0093
Spencer Miles,Right-Handed Batter,Pure Slap Hitter,CU / FF / SI,Curveball,Four-Seam Fastball,Sinker,-0.0119
Spencer Miles,Right-Handed Batter,All-or-Nothing Power Hitter,CU / SI / SL,Curveball,Sinker,Slider,-0.0227
Spencer Miles,Right-Handed Batter,Disciplined All-Rounder,FF / SI / SL,Four-Seam Fastball,Sinker,Slider,-0.0263
Spencer Miles,Right-Handed Batter,Free-Swinging Slugger,FF / SI / SL,Four-Seam Fastball,Sinker,Slider,-0.0127
Spencer Miles,Right-Handed Batter,Complete Power Hitter,FF / SI / SL,Four-Seam Fastball,Sinker,Slider,-0.0113
Spencer Miles,Right-Handed Batter,Contact-Over-Power Hitter,CU / FF / SI,Curveball,Four-Seam Fastball,Sinker,-0.0079
Bryce Elder,Left-Handed Batter,Pure Slap Hitter,CH / SI / SL,Changeup,Sinker,Slider,-0.0235
Bryce Elder,Left-Handed Batter,All-or-Nothing Power Hitter,FC / FF / SL,Cutter,Four-Seam Fastball,Slider,-0.0345
Bryce Elder,Left-Handed Batter,Disciplined All-Rounder,CH / FF / SI,Changeup,Four-Seam Fastball,Sinker,-0.0017
Bryce Elder,Left-Handed Batter,Free-Swinging Slugger,CH / FC / FF,Changeup,Cutter,Four-Seam Fastball,-0.0133
Bryce Elder,Left-Handed Batter,Complete Power Hitter,FF / SI / SL,Four-Seam Fastball,Sinker,Slider,0.0112
Bryce Elder,Left-Handed Batter,Contact-Over-Power Hitter,CH / FF / SI,Changeup,Four-Seam Fastball,Sinker,-0.0248
Bryce Elder,Right-Handed Batter,Pure Slap Hitter,CH / SI / SL,Changeup,Sinker,Slider,-0.0221
Bryce Elder,Right-Handed Batter,All-or-Nothing Power Hitter,CH / FC / FF,Changeup,Cutter,Four-Seam Fastball,0.0036
Bryce Elder,Right-Handed Batter,Disciplined All-Rounder,CH / FC / SL,Changeup,Cutter,Slider,-0.0019
Bryce Elder,Right-Handed Batter,Free-Swinging Slugger,CH / FC / SI,Changeup,Cutter,Sinker,-0.0192
Bryce Elder,Right-Handed Batter,Complete Power Hitter,CH / FF / SI,Changeup,Four-Seam Fastball,Sinker,-0.0058
Bryce Elder,Right-Handed Batter,Contact-Over-Power Hitter,CH / FC / FF,Changeup,Cutter,Four-Seam Fastball,-0.0044
Ian Seymour,Left-Handed Batter,Pure Slap Hitter,CH / FF / SI,Changeup,Four-Seam Fastball,Sinker,-0.0079
Ian Seymour,Left-Handed Batter,All-or-Nothing Power Hitter,CH / FF / ST,Changeup,Four-Seam Fastball,Sweeper,-0.0046
Ian Seymour,Left-Handed Batter,Disciplined All-Rounder,CH / FF / ST,Changeup,Four-Seam Fastball,Sweeper,-0.0128
Ian Seymour,Left-Handed Batter,Free-Swinging Slugger,CH / FF / SI,Changeup,Four-Seam Fastball,Sinker,-0.0214
Ian Seymour,Left-Handed Batter,Complete Power Hitter,CH / SI / ST,Changeup,Sinker,Sweeper,0.0073
Ian Seymour,Left-Handed Batter,Contact-Over-Power Hitter,CH / FF / SI,Changeup,Four-Seam Fastball,Sinker,-0.0024
Ian Seymour,Right-Handed Batter,Pure Slap Hitter,CH / SI / ST,Changeup,Sinker,Sweeper,-0.0106
Ian Seymour,Right-Handed Batter,All-or-Nothing Power Hitter,CH / FF / SI,Changeup,Four-Seam Fastball,Sinker,-0.0144
Ian Seymour,Right-Handed Batter,Disciplined All-Rounder,FF / SI / ST,Four-Seam Fastball,Sinker,Sweeper,-0.0155
Ian Seymour,Right-Handed Batter,Free-Swinging Slugger,CH / SI / ST,Changeup,Sinker,Sweeper,0.0053
Ian Seymour,Right-Handed Batter,Complete Power Hitter,FF / SI / ST,Four-Seam Fastball,Sinker,Sweeper,-0.012
Ian Seymour,Right-Handed Batter,Contact-Over-Power Hitter,CH / FF / SI,Changeup,Four-Seam Fastball,Sinker,-0.0256
Brandon Pfaadt,Left-Handed Batter,Pure Slap Hitter,CH / SI / ST,Changeup,Sinker,Sweeper,-0.0012
Brandon Pfaadt,Left-Handed Batter,All-or-Nothing Power Hitter,FF / SI / ST,Four-Seam Fastball,Sinker,Sweeper,-0.0108
Brandon Pfaadt,Left-Handed Batter,Disciplined All-Rounder,FC / SI / ST,Cutter,Sinker,Sweeper,-0.0266
Brandon Pfaadt,Left-Handed Batter,Free-Swinging Slugger,CH / FC / ST,Changeup,Cutter,Sweeper,-0.0036
Brandon Pfaadt,Left-Handed Batter,Complete Power Hitter,FC / FF / ST,Cutter,Four-Seam Fastball,Sweeper,-0.005
Brandon Pfaadt,Left-Handed Batter,Contact-Over-Power Hitter,CH / SI / ST,Changeup,Sinker,Sweeper,-0.0277
Brandon Pfaadt,Right-Handed Batter,Pure Slap Hitter,CU / FC / FF,Curveball,Cutter,Four-Seam Fastball,-0.0051
Brandon Pfaadt,Right-Handed Batter,All-or-Nothing Power Hitter,CH / FC / FF,Changeup,Cutter,Four-Seam Fastball,-0.0117
Brandon Pfaadt,Right-Handed Batter,Disciplined All-Rounder,CU / FC / ST,Curveball,Cutter,Sweeper,-0.0123
Brandon Pfaadt,Right-Handed Batter,Free-Swinging Slugger,CU / FC / FF,Curveball,Cutter,Four-Seam Fastball,-0.0206
Brandon Pfaadt,Right-Handed Batter,Complete Power Hitter,CU / FC / FF,Curveball,Cutter,Four-Seam Fastball,-0.0134
Brandon Pfaadt,Right-Handed Batter,Contact-Over-Power Hitter,CH / FF / SI,Changeup,Four-Seam Fastball,Sinker,-0.0181
Matt Svanson,Left-Handed Batter,Pure Slap Hitter,FC / SI / ST,Cutter,Sinker,Sweeper,0.006
Matt Svanson,Left-Handed Batter,All-or-Nothing Power Hitter,FC / SI / ST,Cutter,Sinker,Sweeper,0.0007
Matt Svanson,Left-Handed Batter,Disciplined All-Rounder,FC / SI / ST,Cutter,Sinker,Sweeper,-0.0189
Matt Svanson,Left-Handed Batter,Free-Swinging Slugger,FC / SI / ST,Cutter,Sinker,Sweeper,0.0084
Matt Svanson,Left-Handed Batter,Complete Power Hitter,FC / SI / ST,Cutter,Sinker,Sweeper,0.0074
Matt Svanson,Left-Handed Batter,Contact-Over-Power Hitter,FC / SI / ST,Cutter,Sinker,Sweeper,-0.0172
Matt Svanson,Right-Handed Batter,Pure Slap Hitter,FC / SI / ST,Cutter,Sinker,Sweeper,0.0025
Matt Svanson,Right-Handed Batter,All-or-Nothing Power Hitter,FC / SI / ST,Cutter,Sinker,Sweeper,0.0007
Matt Svanson,Right-Handed Batter,Disciplined All-Rounder,FC / SI / ST,Cutter,Sinker,Sweeper,0.0105
Matt Svanson,Right-Handed Batter,Free-Swinging Slugger,FC / SI / ST,Cutter,Sinker,Sweeper,-0.0007
Matt Svanson,Right-Handed Batter,Complete Power Hitter,FC / SI / ST,Cutter,Sinker,Sweeper,0.0197
Matt Svanson,Right-Handed Batter,Contact-Over-Power Hitter,FC / SI / ST,Cutter,Sinker,Sweeper,0.0161
Trey Gibson,Left-Handed Batter,Pure Slap Hitter,FC / FF / SL,Cutter,Four-Seam Fastball,Slider,-0.008
Trey Gibson,Left-Handed Batter,All-or-Nothing Power Hitter,FC / FF / SI,Cutter,Four-Seam Fastball,Sinker,-0.0016
Trey Gibson,Left-Handed Batter,Disciplined All-Rounder,FF / SI / SL,Four-Seam Fastball,Sinker,Slider,-0.0152
Trey Gibson,Left-Handed Batter,Free-Swinging Slugger,FC / SI / SL,Cutter,Sinker,Slider,-0.0072
Trey Gibson,Left-Handed Batter,Complete Power Hitter,FF / SI / SL,Four-Seam Fastball,Sinker,Slider,0.0205
Trey Gibson,Left-Handed Batter,Contact-Over-Power Hitter,FC / SI / SL,Cutter,Sinker,Slider,-0.0104
Trey Gibson,Right-Handed Batter,Pure Slap Hitter,FC / SI / SL,Cutter,Sinker,Slider,-0.0047
Trey Gibson,Right-Handed Batter,All-or-Nothing Power Hitter,FC / FF / SL,Cutter,Four-Seam Fastball,Slider,0.0138
Trey Gibson,Right-Handed Batter,Disciplined All-Rounder,FF / SI / SL,Four-Seam Fastball,Sinker,Slider,-0.0052
Trey Gibson,Right-Handed Batter,Free-Swinging Slugger,FC / FF / SL,Cutter,Four-Seam Fastball,Slider,-0.0016
Trey Gibson,Right-Handed Batter,Complete Power Hitter,FF / SI / SL,Four-Seam Fastball,Sinker,Slider,-0.0096
Trey Gibson,Right-Handed Batter,Contact-Over-Power Hitter,FC / FF / SL,Cutter,Four-Seam Fastball,Slider,-0.0061
Will Klein,Left-Handed Batter,Pure Slap Hitter,CU / FF / ST,Curveball,Four-Seam Fastball,Sweeper,0.0016
Will Klein,Left-Handed Batter,All-or-Nothing Power Hitter,CU / FF / ST,Curveball,Four-Seam Fastball,Sweeper,-0.0014
Will Klein,Left-Handed Batter,Disciplined All-Rounder,CU / FF / ST,Curveball,Four-Seam Fastball,Sweeper,-0.0101
Will Klein,Left-Handed Batter,Free-Swinging Slugger,CU / FF / ST,Curveball,Four-Seam Fastball,Sweeper,-0.0058
Will Klein,Left-Handed Batter,Complete Power Hitter,CU / FF / ST,Curveball,Four-Seam Fastball,Sweeper,0.0109
Will Klein,Left-Handed Batter,Contact-Over-Power Hitter,CU / FF / ST,Curveball,Four-Seam Fastball,Sweeper,-0.0091
Will Klein,Right-Handed Batter,Pure Slap Hitter,CU / FF / ST,Curveball,Four-Seam Fastball,Sweeper,-0.0048
Will Klein,Right-Handed Batter,All-or-Nothing Power Hitter,CU / FF / ST,Curveball,Four-Seam Fastball,Sweeper,0.0232
Will Klein,Right-Handed Batter,Disciplined All-Rounder,CU / FF / ST,Curveball,Four-Seam Fastball,Sweeper,0.0028
Will Klein,Right-Handed Batter,Free-Swinging Slugger,CU / FF / ST,Curveball,Four-Seam Fastball,Sweeper,0.0118
Will Klein,Right-Handed Batter,Complete Power Hitter,CU / FF / ST,Curveball,Four-Seam Fastball,Sweeper,-0.0099
Will Klein,Right-Handed Batter,Contact-Over-Power Hitter,CU / FF / ST,Curveball,Four-Seam Fastball,Sweeper,-0.0098
Chad Patrick,Left-Handed Batter,Pure Slap Hitter,FC / SI / SV,Cutter,Sinker,Slurve,-0.0193
Chad Patrick,Left-Handed Batter,All-or-Nothing Power Hitter,FF / SI / SV,Four-Seam Fastball,Sinker,Slurve,0.006
Chad Patrick,Left-Handed Batter,Disciplined All-Rounder,FF / SI / SV,Four-Seam Fastball,Sinker,Slurve,-0.0103
Chad Patrick,Left-Handed Batter,Free-Swinging Slugger,FC / SI / SV,Cutter,Sinker,Slurve,-0.0093
Chad Patrick,Left-Handed Batter,Complete Power Hitter,FC / FF / SI,Cutter,Four-Seam Fastball,Sinker,-0.0215
Chad Patrick,Left-Handed Batter,Contact-Over-Power Hitter,FF / SI / SV,Four-Seam Fastball,Sinker,Slurve,-0.0113
Chad Patrick,Right-Handed Batter,Pure Slap Hitter,FC / FF / SI,Cutter,Four-Seam Fastball,Sinker,-0.0195
Chad Patrick,Right-Handed Batter,All-or-Nothing Power Hitter,FC / FF / SV,Cutter,Four-Seam Fastball,Slurve,-0.0166
Chad Patrick,Right-Handed Batter,Disciplined All-Rounder,FC / FF / SV,Cutter,Four-Seam Fastball,Slurve,-0.0231
Chad Patrick,Right-Handed Batter,Free-Swinging Slugger,FC / FF / SV,Cutter,Four-Seam Fastball,Slurve,-0.0082
Chad Patrick,Right-Handed Batter,Complete Power Hitter,FC / FF / SV,Cutter,Four-Seam Fastball,Slurve,-0.0051
Chad Patrick,Right-Handed Batter,Contact-Over-Power Hitter,FC / FF / SV,Cutter,Four-Seam Fastball,Slurve,-0.0091
Landen Roupp,Left-Handed Batter,Pure Slap Hitter,CH / FC / FF,Changeup,Cutter,Four-Seam Fastball,-0.0059
Landen Roupp,Left-Handed Batter,All-or-Nothing Power Hitter,CH / FF / SI,Changeup,Four-Seam Fastball,Sinker,-0.0214
Landen Roupp,Left-Handed Batter,Disciplined All-Rounder,CH / CU / FF,Changeup,Curveball,Four-Seam Fastball,-0.0068
Landen Roupp,Left-Handed Batter,Free-Swinging Slugger,CH / FF / SI,Changeup,Four-Seam Fastball,Sinker,-0.0143
Landen Roupp,Left-Handed Batter,Complete Power Hitter,CH / CU / FC,Changeup,Curveball,Cutter,-0.0168
Landen Roupp,Left-Handed Batter,Contact-Over-Power Hitter,CH / FF / SI,Changeup,Four-Seam Fastball,Sinker,-0.0113
Landen Roupp,Right-Handed Batter,Pure Slap Hitter,CH / FF / SI,Changeup,Four-Seam Fastball,Sinker,-0.0309
Landen Roupp,Right-Handed Batter,All-or-Nothing Power Hitter,CH / CU / FF,Changeup,Curveball,Four-Seam Fastball,0.0002
Landen Roupp,Right-Handed Batter,Disciplined All-Rounder,CU / FF / SI,Curveball,Four-Seam Fastball,Sinker,-0.0203
Landen Roupp,Right-Handed Batter,Free-Swinging Slugger,CH / CU / FF,Changeup,Curveball,Four-Seam Fastball,-0.0094
Landen Roupp,Right-Handed Batter,Complete Power Hitter,CH / CU / FC,Changeup,Curveball,Cutter,-0.0159
Landen Roupp,Right-Handed Batter,Contact-Over-Power Hitter,CU / FC / FF,Curveball,Cutter,Four-Seam Fastball,0.0077
Jacob Misiorowski,Left-Handed Batter,Pure Slap Hitter,CU / FC / FF,Curveball,Cutter,Four-Seam Fastball,-0.0163
Jacob Misiorowski,Left-Handed Batter,All-or-Nothing Power Hitter,FC / FF / SL,Cutter,Four-Seam Fastball,Slider,-0.0328
Jacob Misiorowski,Left-Handed Batter,Disciplined All-Rounder,FC / FF / SL,Cutter,Four-Seam Fastball,Slider,-0.0098
Jacob Misiorowski,Left-Handed Batter,Free-Swinging Slugger,FC / FF / SL,Cutter,Four-Seam Fastball,Slider,-0.0291
Jacob Misiorowski,Left-Handed Batter,Complete Power Hitter,CU / FC / SL,Curveball,Cutter,Slider,-0.0206
Jacob Misiorowski,Left-Handed Batter,Contact-Over-Power Hitter,CU / FC / SL,Curveball,Cutter,Slider,-0.0138
Jacob Misiorowski,Right-Handed Batter,Pure Slap Hitter,FC / FF / SL,Cutter,Four-Seam Fastball,Slider,-0.0245
Jacob Misiorowski,Right-Handed Batter,All-or-Nothing Power Hitter,FC / FF / SL,Cutter,Four-Seam Fastball,Slider,-0.0142
Jacob Misiorowski,Right-Handed Batter,Disciplined All-Rounder,CU / FC / SL,Curveball,Cutter,Slider,-0.0118
Jacob Misiorowski,Right-Handed Batter,Free-Swinging Slugger,CU / FC / FF,Curveball,Cutter,Four-Seam Fastball,-0.0348
Jacob Misiorowski,Right-Handed Batter,Complete Power Hitter,CU / FC / SL,Curveball,Cutter,Slider,-0.0066
Jacob Misiorowski,Right-Handed Batter,Contact-Over-Power Hitter,CU / FC / SL,Curveball,Cutter,Slider,-0.0047
Paul Skenes,Left-Handed Batter,Pure Slap Hitter,FF / FS / SI,Four-Seam Fastball,Splitter,Sinker,-0.0312
Paul Skenes,Left-Handed Batter,All-or-Nothing Power Hitter,FF / SL / ST,Four-Seam Fastball,Slider,Sweeper,-0.0266
Paul Skenes,Left-Handed Batter,Disciplined All-Rounder,FS / SI / ST,Splitter,Sinker,Sweeper,-0.0128
Paul Skenes,Left-Handed Batter,Free-Swinging Slugger,FF / SI / ST,Four-Seam Fastball,Sinker,Sweeper,-0.0117
Paul Skenes,Left-Handed Batter,Complete Power Hitter,FF / SI / ST,Four-Seam Fastball,Sinker,Sweeper,-0.0005
Paul Skenes,Left-Handed Batter,Contact-Over-Power Hitter,SI / SL / ST,Sinker,Slider,Sweeper,-0.0114
Paul Skenes,Right-Handed Batter,Pure Slap Hitter,CH / FF / FS,Changeup,Four-Seam Fastball,Splitter,-0.0117
Paul Skenes,Right-Handed Batter,All-or-Nothing Power Hitter,FF / FS / ST,Four-Seam Fastball,Splitter,Sweeper,-0.0246
Paul Skenes,Right-Handed Batter,Disciplined All-Rounder,CH / SL / ST,Changeup,Slider,Sweeper,-0.0203
Paul Skenes,Right-Handed Batter,Free-Swinging Slugger,CH / FS / SL,Changeup,Splitter,Slider,-0.006
Paul Skenes,Right-Handed Batter,Complete Power Hitter,CH / SI / SL,Changeup,Sinker,Slider,-0.007
Paul Skenes,Right-Handed Batter,Contact-Over-Power Hitter,CH / FS / SL,Changeup,Splitter,Slider,-0.0219
Rhett Lowder,Left-Handed Batter,Pure Slap Hitter,CH / FF / SI,Changeup,Four-Seam Fastball,Sinker,0.0109
Rhett Lowder,Left-Handed Batter,All-or-Nothing Power Hitter,CH / FF / SI,Changeup,Four-Seam Fastball,Sinker,0.0115
Rhett Lowder,Left-Handed Batter,Disciplined All-Rounder,FF / SI / SL,Four-Seam Fastball,Sinker,Slider,-0.0121
Rhett Lowder,Left-Handed Batter,Free-Swinging Slugger,CH / FF / SL,Changeup,Four-Seam Fastball,Slider,-0.0047
Rhett Lowder,Left-Handed Batter,Complete Power Hitter,CH / FF / SI,Changeup,Four-Seam Fastball,Sinker,0.0156
Rhett Lowder,Left-Handed Batter,Contact-Over-Power Hitter,FF / SI / SL,Four-Seam Fastball,Sinker,Slider,-0.0183
Rhett Lowder,Right-Handed Batter,Pure Slap Hitter,CH / FF / SI,Changeup,Four-Seam Fastball,Sinker,-0.0171
Rhett Lowder,Right-Handed Batter,All-or-Nothing Power Hitter,CH / SI / SL,Changeup,Sinker,Slider,-0.009
Rhett Lowder,Right-Handed Batter,Disciplined All-Rounder,CH / FF / SL,Changeup,Four-Seam Fastball,Slider,0.0098
Rhett Lowder,Right-Handed Batter,Free-Swinging Slugger,CH / FF / SL,Changeup,Four-Seam Fastball,Slider,-0.0214
Rhett Lowder,Right-Handed Batter,Complete Power Hitter,CH / FF / SI,Changeup,Four-Seam Fastball,Sinker,-0.0146
Rhett Lowder,Right-Handed Batter,Contact-Over-Power Hitter,CH / FF / SL,Changeup,Four-Seam Fastball,Slider,-0.0097
Robby Ahlstrom,Left-Handed Batter,Pure Slap Hitter,FF / SI / SL,Four-Seam Fastball,Sinker,Slider,-0.0183
Robby Ahlstrom,Left-Handed Batter,All-or-Nothing Power Hitter,FF / SI / SL,Four-Seam Fastball,Sinker,Slider,-0.0124
Robby Ahlstrom,Left-Handed Batter,Disciplined All-Rounder,FF / SI / SL,Four-Seam Fastball,Sinker,Slider,-0.0146
Robby Ahlstrom,Left-Handed Batter,Free-Swinging Slugger,FF / SI / SL,Four-Seam Fastball,Sinker,Slider,0.0065
Robby Ahlstrom,Left-Handed Batter,Complete Power Hitter,FF / SI / SL,Four-Seam Fastball,Sinker,Slider,0.0112
Robby Ahlstrom,Left-Handed Batter,Contact-Over-Power Hitter,FF / SI / SL,Four-Seam Fastball,Sinker,Slider,-0.009
Robby Ahlstrom,Right-Handed Batter,Pure Slap Hitter,FF / SI / SL,Four-Seam Fastball,Sinker,Slider,0.0017
Robby Ahlstrom,Right-Handed Batter,All-or-Nothing Power Hitter,FF / SI / SL,Four-Seam Fastball,Sinker,Slider,-0.0014
Robby Ahlstrom,Right-Handed Batter,Disciplined All-Rounder,FF / SI / SL,Four-Seam Fastball,Sinker,Slider,0.0041
Robby Ahlstrom,Right-Handed Batter,Free-Swinging Slugger,FF / SI / SL,Four-Seam Fastball,Sinker,Slider,-0.0037
Robby Ahlstrom,Right-Handed Batter,Complete Power Hitter,FF / SI / SL,Four-Seam Fastball,Sinker,Slider,-0.0037
Robby Ahlstrom,Right-Handed Batter,Contact-Over-Power Hitter,FF / SI / SL,Four-Seam Fastball,Sinker,Slider,-0.0169
Brad Lord,Left-Handed Batter,Pure Slap Hitter,SI / SL / ST,Sinker,Slider,Sweeper,0.0019
Brad Lord,Left-Handed Batter,All-or-Nothing Power Hitter,SI / SL / ST,Sinker,Slider,Sweeper,-0.0129
Brad Lord,Left-Handed Batter,Disciplined All-Rounder,FF / SI / SL,Four-Seam Fastball,Sinker,Slider,-0.0027
Brad Lord,Left-Handed Batter,Free-Swinging Slugger,FF / SI / ST,Four-Seam Fastball,Sinker,Sweeper,-0.0221
Brad Lord,Left-Handed Batter,Complete Power Hitter,FF / SI / SL,Four-Seam Fastball,Sinker,Slider,0.003
Brad Lord,Left-Handed Batter,Contact-Over-Power Hitter,SI / SL / ST,Sinker,Slider,Sweeper,-0.0117
Brad Lord,Right-Handed Batter,Pure Slap Hitter,FF / SI / ST,Four-Seam Fastball,Sinker,Sweeper,-0.0286
Brad Lord,Right-Handed Batter,All-or-Nothing Power Hitter,FF / SL / ST,Four-Seam Fastball,Slider,Sweeper,0.0057
Brad Lord,Right-Handed Batter,Disciplined All-Rounder,SI / SL / ST,Sinker,Slider,Sweeper,-0.0208
Brad Lord,Right-Handed Batter,Free-Swinging Slugger,FF / SI / ST,Four-Seam Fastball,Sinker,Sweeper,-0.0196
Brad Lord,Right-Handed Batter,Complete Power Hitter,FF / SI / ST,Four-Seam Fastball,Sinker,Sweeper,-0.001
Brad Lord,Right-Handed Batter,Contact-Over-Power Hitter,FF / SI / ST,Four-Seam Fastball,Sinker,Sweeper,-0.0181
Chase Burns,Left-Handed Batter,Pure Slap Hitter,CH / FF / SL,Changeup,Four-Seam Fastball,Slider,0.0008
Chase Burns,Left-Handed Batter,All-or-Nothing Power Hitter,CH / FF / SL,Changeup,Four-Seam Fastball,Slider,-0.0066
Chase Burns,Left-Handed Batter,Disciplined All-Rounder,CH / FF / SL,Changeup,Four-Seam Fastball,Slider,-0.0129
Chase Burns,Left-Handed Batter,Free-Swinging Slugger,CH / FF / SL,Changeup,Four-Seam Fastball,Slider,-0.0152
Chase Burns,Left-Handed Batter,Complete Power Hitter,CH / FF / SL,Changeup,Four-Seam Fastball,Slider,0.0166
Chase Burns,Left-Handed Batter,Contact-Over-Power Hitter,CH / FF / SL,Changeup,Four-Seam Fastball,Slider,-0.0011
Chase Burns,Right-Handed Batter,Pure Slap Hitter,CH / FF / SL,Changeup,Four-Seam Fastball,Slider,-0.0135
Chase Burns,Right-Handed Batter,All-or-Nothing Power Hitter,CH / FF / SL,Changeup,Four-Seam Fastball,Slider,-0.004
Chase Burns,Right-Handed Batter,Disciplined All-Rounder,CH / FF / SL,Changeup,Four-Seam Fastball,Slider,-0.0112
Chase Burns,Right-Handed Batter,Free-Swinging Slugger,CH / FF / SL,Changeup,Four-Seam Fastball,Slider,-0.0233
Chase Burns,Right-Handed Batter,Complete Power Hitter,CH / FF / SL,Changeup,Four-Seam Fastball,Slider,-0.0056
Chase Burns,Right-Handed Batter,Contact-Over-Power Hitter,CH / FF / SL,Changeup,Four-Seam Fastball,Slider,-0.0085
Gage Jump,Left-Handed Batter,Pure Slap Hitter,CH / CU / SL,Changeup,Curveball,Slider,-0.003
Gage Jump,Left-Handed Batter,All-or-Nothing Power Hitter,CH / CU / FF,Changeup,Curveball,Four-Seam Fastball,-0.0137
Gage Jump,Left-Handed Batter,Disciplined All-Rounder,CH / CU / SL,Changeup,Curveball,Slider,-0.0033
Gage Jump,Left-Handed Batter,Free-Swinging Slugger,CH / CU / FF,Changeup,Curveball,Four-Seam Fastball,-0.0098
Gage Jump,Left-Handed Batter,Complete Power Hitter,CH / CU / SL,Changeup,Curveball,Slider,0.0046
Gage Jump,Left-Handed Batter,Contact-Over-Power Hitter,CH / CU / SL,Changeup,Curveball,Slider,-0.0107
Gage Jump,Right-Handed Batter,Pure Slap Hitter,CH / FF / SL,Changeup,Four-Seam Fastball,Slider,-0.0087
Gage Jump,Right-Handed Batter,All-or-Nothing Power Hitter,CH / CU / SL,Changeup,Curveball,Slider,-0.0013
Gage Jump,Right-Handed Batter,Disciplined All-Rounder,CH / CU / SL,Changeup,Curveball,Slider,0.0221
Gage Jump,Right-Handed Batter,Free-Swinging Slugger,CU / FF / SL,Curveball,Four-Seam Fastball,Slider,-0.0201
Gage Jump,Right-Handed Batter,Complete Power Hitter,CH / FF / SL,Changeup,Four-Seam Fastball,Slider,-0.0169
Gage Jump,Right-Handed Batter,Contact-Over-Power Hitter,CH / CU / SL,Changeup,Curveball,Slider,-0.0013
Wilber Dotel,Left-Handed Batter,Pure Slap Hitter,FC / FF / SL,Cutter,Four-Seam Fastball,Slider,0.001
Wilber Dotel,Left-Handed Batter,All-or-Nothing Power Hitter,FC / FF / SL,Cutter,Four-Seam Fastball,Slider,0.009
Wilber Dotel,Left-Handed Batter,Disciplined All-Rounder,FC / FF / SL,Cutter,Four-Seam Fastball,Slider,-0.0136
Wilber Dotel,Left-Handed Batter,Free-Swinging Slugger,FC / FF / SL,Cutter,Four-Seam Fastball,Slider,-0.0061
Wilber Dotel,Left-Handed Batter,Complete Power Hitter,FC / FF / SL,Cutter,Four-Seam Fastball,Slider,0.0048
Wilber Dotel,Left-Handed Batter,Contact-Over-Power Hitter,FC / FF / SL,Cutter,Four-Seam Fastball,Slider,-0.0197
Wilber Dotel,Right-Handed Batter,Pure Slap Hitter,FC / FF / SL,Cutter,Four-Seam Fastball,Slider,0.0055
Wilber Dotel,Right-Handed Batter,All-or-Nothing Power Hitter,FC / FF / SL,Cutter,Four-Seam Fastball,Slider,0.0226
Wilber Dotel,Right-Handed Batter,Disciplined All-Rounder,FC / FF / SL,Cutter,Four-Seam Fastball,Slider,0.0039
Wilber Dotel,Right-Handed Batter,Free-Swinging Slugger,FC / FF / SL,Cutter,Four-Seam Fastball,Slider,-0.0194
Wilber Dotel,Right-Handed Batter,Complete Power Hitter,FC / FF / SL,Cutter,Four-Seam Fastball,Slider,0.0231
Wilber Dotel,Right-Handed Batter,Contact-Over-Power Hitter,FC / FF / SL,Cutter,Four-Seam Fastball,Slider,-0.0145
Sam Bachman,Left-Handed Batter,Pure Slap Hitter,CH / SI / SL,Changeup,Sinker,Slider,0.0095
Sam Bachman,Left-Handed Batter,All-or-Nothing Power Hitter,CH / SI / SL,Changeup,Sinker,Slider,-0.0041
Sam Bachman,Left-Handed Batter,Disciplined All-Rounder,CH / SI / SL,Changeup,Sinker,Slider,-0.0025
Sam Bachman,Left-Handed Batter,Free-Swinging Slugger,CH / SI / SL,Changeup,Sinker,Slider,0.0011
Sam Bachman,Left-Handed Batter,Complete Power Hitter,CH / SI / SL,Changeup,Sinker,Slider,-0.0067
Sam Bachman,Left-Handed Batter,Contact-Over-Power Hitter,CH / SI / SL,Changeup,Sinker,Slider,0.0186
Sam Bachman,Right-Handed Batter,Pure Slap Hitter,CH / SI / SL,Changeup,Sinker,Slider,-0.016
Sam Bachman,Right-Handed Batter,All-or-Nothing Power Hitter,CH / SI / SL,Changeup,Sinker,Slider,-0.0268
Sam Bachman,Right-Handed Batter,Disciplined All-Rounder,CH / SI / SL,Changeup,Sinker,Slider,0.0089
Sam Bachman,Right-Handed Batter,Free-Swinging Slugger,CH / SI / SL,Changeup,Sinker,Slider,-0.0188
Sam Bachman,Right-Handed Batter,Complete Power Hitter,CH / SI / SL,Changeup,Sinker,Slider,-0.0104
Sam Bachman,Right-Handed Batter,Contact-Over-Power Hitter,CH / SI / SL,Changeup,Sinker,Slider,-0.0062
Bubba Chandler,Left-Handed Batter,Pure Slap Hitter,CH / SI / ST,Changeup,Sinker,Sweeper,0.007
Bubba Chandler,Left-Handed Batter,All-or-Nothing Power Hitter,FF / SI / ST,Four-Seam Fastball,Sinker,Sweeper,-0.0052
Bubba Chandler,Left-Handed Batter,Disciplined All-Rounder,CH / SL / ST,Changeup,Slider,Sweeper,-0.0059
Bubba Chandler,Left-Handed Batter,Free-Swinging Slugger,SI / SL / ST,Sinker,Slider,Sweeper,-0.0209
Bubba Chandler,Left-Handed Batter,Complete Power Hitter,CH / SI / ST,Changeup,Sinker,Sweeper,-0.0087
Bubba Chandler,Left-Handed Batter,Contact-Over-Power Hitter,FF / SI / ST,Four-Seam Fastball,Sinker,Sweeper,-0.0098
Bubba Chandler,Right-Handed Batter,Pure Slap Hitter,CH / FF / SI,Changeup,Four-Seam Fastball,Sinker,-0.0122
Bubba Chandler,Right-Handed Batter,All-or-Nothing Power Hitter,CH / FF / ST,Changeup,Four-Seam Fastball,Sweeper,-0.0269
Bubba Chandler,Right-Handed Batter,Disciplined All-Rounder,FF / SI / SL,Four-Seam Fastball,Sinker,Slider,-0.0047
Bubba Chandler,Right-Handed Batter,Free-Swinging Slugger,CH / SI / ST,Changeup,Sinker,Sweeper,-0.0075
Bubba Chandler,Right-Handed Batter,Complete Power Hitter,CH / FF / SI,Changeup,Four-Seam Fastball,Sinker,-0.0126
Bubba Chandler,Right-Handed Batter,Contact-Over-Power Hitter,CH / SI / ST,Changeup,Sinker,Sweeper,-0.0084
Ryan Johnson,Left-Handed Batter,Pure Slap Hitter,FC / FS / SI,Cutter,Splitter,Sinker,0.0019
Ryan Johnson,Left-Handed Batter,All-or-Nothing Power Hitter,FS / SI / ST,Splitter,Sinker,Sweeper,0.007
Ryan Johnson,Left-Handed Batter,Disciplined All-Rounder,FC / FS / ST,Cutter,Splitter,Sweeper,-0.0019
Ryan Johnson,Left-Handed Batter,Free-Swinging Slugger,FC / FS / ST,Cutter,Splitter,Sweeper,-0.0215
Ryan Johnson,Left-Handed Batter,Complete Power Hitter,FS / SI / ST,Splitter,Sinker,Sweeper,0.0097
Ryan Johnson,Left-Handed Batter,Contact-Over-Power Hitter,FC / FS / ST,Cutter,Splitter,Sweeper,-0.0104
Ryan Johnson,Right-Handed Batter,Pure Slap Hitter,FC / FS / SI,Cutter,Splitter,Sinker,-0.0067
Ryan Johnson,Right-Handed Batter,All-or-Nothing Power Hitter,FC / FS / ST,Cutter,Splitter,Sweeper,-0.0142
Ryan Johnson,Right-Handed Batter,Disciplined All-Rounder,FS / SI / ST,Splitter,Sinker,Sweeper,-0.0062
Ryan Johnson,Right-Handed Batter,Free-Swinging Slugger,FS / SI / ST,Splitter,Sinker,Sweeper,0.0
Ryan Johnson,Right-Handed Batter,Complete Power Hitter,FC / FS / ST,Cutter,Splitter,Sweeper,-0.0018
Ryan Johnson,Right-Handed Batter,Contact-Over-Power Hitter,FC / FS / ST,Cutter,Splitter,Sweeper,-0.0051
Bradgley Rodriguez,Left-Handed Batter,Pure Slap Hitter,CH / FF / SI,Changeup,Four-Seam Fastball,Sinker,-0.0137
Bradgley Rodriguez,Left-Handed Batter,All-or-Nothing Power Hitter,CH / FF / SI,Changeup,Four-Seam Fastball,Sinker,-0.0064
Bradgley Rodriguez,Left-Handed Batter,Disciplined All-Rounder,CH / FF / SI,Changeup,Four-Seam Fastball,Sinker,-0.0169
Bradgley Rodriguez,Left-Handed Batter,Free-Swinging Slugger,CH / FF / SI,Changeup,Four-Seam Fastball,Sinker,-0.0158
Bradgley Rodriguez,Left-Handed Batter,Complete Power Hitter,CH / FF / SI,Changeup,Four-Seam Fastball,Sinker,-0.0043
Bradgley Rodriguez,Left-Handed Batter,Contact-Over-Power Hitter,CH / FF / SI,Changeup,Four-Seam Fastball,Sinker,-0.0256
Bradgley Rodriguez,Right-Handed Batter,Pure Slap Hitter,CH / FF / SI,Changeup,Four-Seam Fastball,Sinker,-0.0091
Bradgley Rodriguez,Right-Handed Batter,All-or-Nothing Power Hitter,CH / FF / SI,Changeup,Four-Seam Fastball,Sinker,-0.0032
Bradgley Rodriguez,Right-Handed Batter,Disciplined All-Rounder,CH / FF / SI,Changeup,Four-Seam Fastball,Sinker,0.0064
Bradgley Rodriguez,Right-Handed Batter,Free-Swinging Slugger,CH / FF / SI,Changeup,Four-Seam Fastball,Sinker,-0.0077
Bradgley Rodriguez,Right-Handed Batter,Complete Power Hitter,CH / FF / SI,Changeup,Four-Seam Fastball,Sinker,0.013
Bradgley Rodriguez,Right-Handed Batter,Contact-Over-Power Hitter,CH / FF / SI,Changeup,Four-Seam Fastball,Sinker,-0.0108
Michael Mcgreevy,Left-Handed Batter,Pure Slap Hitter,CH / FF / ST,Changeup,Four-Seam Fastball,Sweeper,-0.0165
Michael Mcgreevy,Left-Handed Batter,All-or-Nothing Power Hitter,CU / SI / ST,Curveball,Sinker,Sweeper,-0.0202
Michael Mcgreevy,Left-Handed Batter,Disciplined All-Rounder,CH / SI / ST,Changeup,Sinker,Sweeper,-0.0153
Michael Mcgreevy,Left-Handed Batter,Free-Swinging Slugger,CH / SI / ST,Changeup,Sinker,Sweeper,-0.0361
Michael Mcgreevy,Left-Handed Batter,Complete Power Hitter,CU / SI / ST,Curveball,Sinker,Sweeper,-0.0052
Michael Mcgreevy,Left-Handed Batter,Contact-Over-Power Hitter,FC / SI / ST,Cutter,Sinker,Sweeper,-0.0167
Michael Mcgreevy,Right-Handed Batter,Pure Slap Hitter,FC / FF / SI,Cutter,Four-Seam Fastball,Sinker,-0.0237
Michael Mcgreevy,Right-Handed Batter,All-or-Nothing Power Hitter,CU / FC / ST,Curveball,Cutter,Sweeper,-0.0328
Michael Mcgreevy,Right-Handed Batter,Disciplined All-Rounder,CU / FC / SI,Curveball,Cutter,Sinker,-0.0231
Michael Mcgreevy,Right-Handed Batter,Free-Swinging Slugger,FC / FF / SI,Cutter,Four-Seam Fastball,Sinker,-0.016
Michael Mcgreevy,Right-Handed Batter,Complete Power Hitter,CH / FC / SI,Changeup,Cutter,Sinker,-0.0173
Michael Mcgreevy,Right-Handed Batter,Contact-Over-Power Hitter,CU / FC / SI,Curveball,Cutter,Sinker,-0.0388
Gordon Graceffo,Left-Handed Batter,Pure Slap Hitter,CU / FF / SL,Curveball,Four-Seam Fastball,Slider,-0.0173
Gordon Graceffo,Left-Handed Batter,All-or-Nothing Power Hitter,CH / CU / FF,Changeup,Curveball,Four-Seam Fastball,-0.0187
Gordon Graceffo,Left-Handed Batter,Disciplined All-Rounder,CH / FF / SL,Changeup,Four-Seam Fastball,Slider,-0.0201
Gordon Graceffo,Left-Handed Batter,Free-Swinging Slugger,CH / CU / FF,Changeup,Curveball,Four-Seam Fastball,-0.0122
Gordon Graceffo,Left-Handed Batter,Complete Power Hitter,CH / CU / SL,Changeup,Curveball,Slider,0.0024
Gordon Graceffo,Left-Handed Batter,Contact-Over-Power Hitter,CU / FF / SL,Curveball,Four-Seam Fastball,Slider,-0.021
Gordon Graceffo,Right-Handed Batter,Pure Slap Hitter,CH / CU / SL,Changeup,Curveball,Slider,-0.0031
Gordon Graceffo,Right-Handed Batter,All-or-Nothing Power Hitter,CH / FF / SL,Changeup,Four-Seam Fastball,Slider,-0.0142
Gordon Graceffo,Right-Handed Batter,Disciplined All-Rounder,CH / FF / SL,Changeup,Four-Seam Fastball,Slider,-0.0173
Gordon Graceffo,Right-Handed Batter,Free-Swinging Slugger,CH / CU / FF,Changeup,Curveball,Four-Seam Fastball,-0.0159
Gordon Graceffo,Right-Handed Batter,Complete Power Hitter,CH / CU / FF,Changeup,Curveball,Four-Seam Fastball,-0.0114
Gordon Graceffo,Right-Handed Batter,Contact-Over-Power Hitter,CH / CU / FF,Changeup,Curveball,Four-Seam Fastball,-0.0021
Walbert Ureña,Left-Handed Batter,Pure Slap Hitter,CH / SI / ST,Changeup,Sinker,Sweeper,0.0012
Walbert Ureña,Left-Handed Batter,All-or-Nothing Power Hitter,CH / SI / ST,Changeup,Sinker,Sweeper,-0.0138
Walbert Ureña,Left-Handed Batter,Disciplined All-Rounder,CH / SI / ST,Changeup,Sinker,Sweeper,-0.0164
Walbert Ureña,Left-Handed Batter,Free-Swinging Slugger,CH / SI / ST,Changeup,Sinker,Sweeper,-0.0181
Walbert Ureña,Left-Handed Batter,Complete Power Hitter,CH / FF / ST,Changeup,Four-Seam Fastball,Sweeper,0.0008
Walbert Ureña,Left-Handed Batter,Contact-Over-Power Hitter,FF / SI / ST,Four-Seam Fastball,Sinker,Sweeper,-0.0222
Walbert Ureña,Right-Handed Batter,Pure Slap Hitter,CH / FF / ST,Changeup,Four-Seam Fastball,Sweeper,-0.011
Walbert Ureña,Right-Handed Batter,All-or-Nothing Power Hitter,CH / FF / ST,Changeup,Four-Seam Fastball,Sweeper,-0.0154
Walbert Ureña,Right-Handed Batter,Disciplined All-Rounder,CH / FF / ST,Changeup,Four-Seam Fastball,Sweeper,-0.0069
Walbert Ureña,Right-Handed Batter,Free-Swinging Slugger,CH / FF / ST,Changeup,Four-Seam Fastball,Sweeper,-0.0246
Walbert Ureña,Right-Handed Batter,Complete Power Hitter,CH / FF / ST,Changeup,Four-Seam Fastball,Sweeper,0.0016
Walbert Ureña,Right-Handed Batter,Contact-Over-Power Hitter,FF / SI / ST,Four-Seam Fastball,Sinker,Sweeper,-0.0189
Travis Adams,Left-Handed Batter,Pure Slap Hitter,FC / FF / SL,Cutter,Four-Seam Fastball,Slider,0.0008
Travis Adams,Left-Handed Batter,All-or-Nothing Power Hitter,CH / FC / SL,Changeup,Cutter,Slider,-0.0061
Travis Adams,Left-Handed Batter,Disciplined All-Rounder,CH / FC / SL,Changeup,Cutter,Slider,-0.0014
Travis Adams,Left-Handed Batter,Free-Swinging Slugger,CH / FF / SL,Changeup,Four-Seam Fastball,Slider,-0.0149
Travis Adams,Left-Handed Batter,Complete Power Hitter,FC / FF / SL,Cutter,Four-Seam Fastball,Slider,0.0151
Travis Adams,Left-Handed Batter,Contact-Over-Power Hitter,CH / FC / SL,Changeup,Cutter,Slider,0.0026
Travis Adams,Right-Handed Batter,Pure Slap Hitter,CH / FC / FF,Changeup,Cutter,Four-Seam Fastball,-0.0138
Travis Adams,Right-Handed Batter,All-or-Nothing Power Hitter,CH / FC / SL,Changeup,Cutter,Slider,0.0054
Travis Adams,Right-Handed Batter,Disciplined All-Rounder,CH / FC / SL,Changeup,Cutter,Slider,-0.0087
Travis Adams,Right-Handed Batter,Free-Swinging Slugger,CH / FC / SL,Changeup,Cutter,Slider,-0.0203
Travis Adams,Right-Handed Batter,Complete Power Hitter,CH / FF / SL,Changeup,Four-Seam Fastball,Slider,-0.0008
Travis Adams,Right-Handed Batter,Contact-Over-Power Hitter,CH / FC / FF,Changeup,Cutter,Four-Seam Fastball,-0.0007
Will Warren,Left-Handed Batter,Pure Slap Hitter,CH / CU / FF,Changeup,Curveball,Four-Seam Fastball,-0.0126
Will Warren,Left-Handed Batter,All-or-Nothing Power Hitter,CH / CU / ST,Changeup,Curveball,Sweeper,0.0006
Will Warren,Left-Handed Batter,Disciplined All-Rounder,CH / FF / ST,Changeup,Four-Seam Fastball,Sweeper,-0.0091
Will Warren,Left-Handed Batter,Free-Swinging Slugger,CH / CU / SI,Changeup,Curveball,Sinker,-0.0118
Will Warren,Left-Handed Batter,Complete Power Hitter,CH / CU / SI,Changeup,Curveball,Sinker,0.0045
Will Warren,Left-Handed Batter,Contact-Over-Power Hitter,CU / FF / ST,Curveball,Four-Seam Fastball,Sweeper,-0.0067
Will Warren,Right-Handed Batter,Pure Slap Hitter,CH / CU / FF,Changeup,Curveball,Four-Seam Fastball,-0.0186
Will Warren,Right-Handed Batter,All-or-Nothing Power Hitter,CH / CU / FF,Changeup,Curveball,Four-Seam Fastball,0.0013
Will Warren,Right-Handed Batter,Disciplined All-Rounder,CH / FF / SI,Changeup,Four-Seam Fastball,Sinker,-0.0254
Will Warren,Right-Handed Batter,Free-Swinging Slugger,CH / CU / FF,Changeup,Curveball,Four-Seam Fastball,-0.0294
Will Warren,Right-Handed Batter,Complete Power Hitter,CH / CU / ST,Changeup,Curveball,Sweeper,0.0115
Will Warren,Right-Handed Batter,Contact-Over-Power Hitter,CH / CU / SI,Changeup,Curveball,Sinker,-0.0031
Logan Henderson,Left-Handed Batter,Pure Slap Hitter,CH / FC / FF,Changeup,Cutter,Four-Seam Fastball,-0.02
Logan Henderson,Left-Handed Batter,All-or-Nothing Power Hitter,CH / FC / FF,Changeup,Cutter,Four-Seam Fastball,-0.0026
Logan Henderson,Left-Handed Batter,Disciplined All-Rounder,CH / FC / FF,Changeup,Cutter,Four-Seam Fastball,0.001
Logan Henderson,Left-Handed Batter,Free-Swinging Slugger,CH / FC / FF,Changeup,Cutter,Four-Seam Fastball,0.0048
Logan Henderson,Left-Handed Batter,Complete Power Hitter,CH / FC / FF,Changeup,Cutter,Four-Seam Fastball,0.0054
Logan Henderson,Left-Handed Batter,Contact-Over-Power Hitter,CH / FC / FF,Changeup,Cutter,Four-Seam Fastball,-0.0215
Logan Henderson,Right-Handed Batter,Pure Slap Hitter,CH / FC / FF,Changeup,Cutter,Four-Seam Fastball,-0.0096
Logan Henderson,Right-Handed Batter,All-or-Nothing Power Hitter,CH / FC / FF,Changeup,Cutter,Four-Seam Fastball,0.0086
Logan Henderson,Right-Handed Batter,Disciplined All-Rounder,CH / FC / FF,Changeup,Cutter,Four-Seam Fastball,-0.0025
Logan Henderson,Right-Handed Batter,Free-Swinging Slugger,CH / FC / FF,Changeup,Cutter,Four-Seam Fastball,0.0206
Logan Henderson,Right-Handed Batter,Complete Power Hitter,CH / FC / FF,Changeup,Cutter,Four-Seam Fastball,-0.0076
Logan Henderson,Right-Handed Batter,Contact-Over-Power Hitter,CH / FC / FF,Changeup,Cutter,Four-Seam Fastball,-0.013
Trey Yesavage,Left-Handed Batter,Pure Slap Hitter,FF / FS / SL,Four-Seam Fastball,Splitter,Slider,-0.0133
Trey Yesavage,Left-Handed Batter,All-or-Nothing Power Hitter,FF / FS / SL,Four-Seam Fastball,Splitter,Slider,0.0102
Trey Yesavage,Left-Handed Batter,Disciplined All-Rounder,FF / FS / SL,Four-Seam Fastball,Splitter,Slider,0.0164
Trey Yesavage,Left-Handed Batter,Free-Swinging Slugger,FF / FS / SL,Four-Seam Fastball,Splitter,Slider,-0.0106
Trey Yesavage,Left-Handed Batter,Complete Power Hitter,FF / FS / SL,Four-Seam Fastball,Splitter,Slider,-0.0102
Trey Yesavage,Left-Handed Batter,Contact-Over-Power Hitter,FF / FS / SL,Four-Seam Fastball,Splitter,Slider,-0.0159
Trey Yesavage,Right-Handed Batter,Pure Slap Hitter,FF / FS / SL,Four-Seam Fastball,Splitter,Slider,0.0127
Trey Yesavage,Right-Handed Batter,All-or-Nothing Power Hitter,FF / FS / SL,Four-Seam Fastball,Splitter,Slider,-0.0044
Trey Yesavage,Right-Handed Batter,Disciplined All-Rounder,FF / FS / SL,Four-Seam Fastball,Splitter,Slider,-0.0083
Trey Yesavage,Right-Handed Batter,Free-Swinging Slugger,FF / FS / SL,Four-Seam Fastball,Splitter,Slider,-0.0144
Trey Yesavage,Right-Handed Batter,Complete Power Hitter,FF / FS / SL,Four-Seam Fastball,Splitter,Slider,-0.0129
Trey Yesavage,Right-Handed Batter,Contact-Over-Power Hitter,FF / FS / SL,Four-Seam Fastball,Splitter,Slider,0.0025
Noah Cameron,Left-Handed Batter,Pure Slap Hitter,CH / FF / SL,Changeup,Four-Seam Fastball,Slider,-0.0103
Noah Cameron,Left-Handed Batter,All-or-Nothing Power Hitter,CU / FC / FF,Curveball,Cutter,Four-Seam Fastball,-0.0048
Noah Cameron,Left-Handed Batter,Disciplined All-Rounder,CH / CU / FC,Changeup,Curveball,Cutter,-0.0153
Noah Cameron,Left-Handed Batter,Free-Swinging Slugger,CH / FC / SL,Changeup,Cutter,Slider,-0.0184
Noah Cameron,Left-Handed Batter,Complete Power Hitter,CH / CU / SL,Changeup,Curveball,Slider,-0.0049
Noah Cameron,Left-Handed Batter,Contact-Over-Power Hitter,CH / CU / FF,Changeup,Curveball,Four-Seam Fastball,-0.0107
Noah Cameron,Right-Handed Batter,Pure Slap Hitter,FC / FF / SL,Cutter,Four-Seam Fastball,Slider,-0.0104
Noah Cameron,Right-Handed Batter,All-or-Nothing Power Hitter,CH / CU / FF,Changeup,Curveball,Four-Seam Fastball,-0.0173
Noah Cameron,Right-Handed Batter,Disciplined All-Rounder,CH / FF / SL,Changeup,Four-Seam Fastball,Slider,-0.0043
Noah Cameron,Right-Handed Batter,Free-Swinging Slugger,CH / FC / SL,Changeup,Cutter,Slider,-0.021
Noah Cameron,Right-Handed Batter,Complete Power Hitter,CU / FC / FF,Curveball,Cutter,Four-Seam Fastball,-0.0035
Noah Cameron,Right-Handed Batter,Contact-Over-Power Hitter,CH / CU / SL,Changeup,Curveball,Slider,-0.0135
Andrew Morris,Left-Handed Batter,Pure Slap Hitter,CH / FF / SI,Changeup,Four-Seam Fastball,Sinker,-0.0067
Andrew Morris,Left-Handed Batter,All-or-Nothing Power Hitter,FF / SI / ST,Four-Seam Fastball,Sinker,Sweeper,-0.0071
Andrew Morris,Left-Handed Batter,Disciplined All-Rounder,FC / FF / SI,Cutter,Four-Seam Fastball,Sinker,-0.0225
Andrew Morris,Left-Handed Batter,Free-Swinging Slugger,FC / FF / ST,Cutter,Four-Seam Fastball,Sweeper,-0.0133
Andrew Morris,Left-Handed Batter,Complete Power Hitter,FC / FF / ST,Cutter,Four-Seam Fastball,Sweeper,-0.0065
Andrew Morris,Left-Handed Batter,Contact-Over-Power Hitter,FC / FF / SI,Cutter,Four-Seam Fastball,Sinker,-0.0109
Andrew Morris,Right-Handed Batter,Pure Slap Hitter,CH / FC / ST,Changeup,Cutter,Sweeper,-0.003
Andrew Morris,Right-Handed Batter,All-or-Nothing Power Hitter,CH / FC / ST,Changeup,Cutter,Sweeper,-0.0155
Andrew Morris,Right-Handed Batter,Disciplined All-Rounder,CH / FF / ST,Changeup,Four-Seam Fastball,Sweeper,-0.0062
Andrew Morris,Right-Handed Batter,Free-Swinging Slugger,CH / FF / ST,Changeup,Four-Seam Fastball,Sweeper,-0.0135
Andrew Morris,Right-Handed Batter,Complete Power Hitter,FC / FF / SI,Cutter,Four-Seam Fastball,Sinker,-0.0165
Andrew Morris,Right-Handed Batter,Contact-Over-Power Hitter,CH / FC / ST,Changeup,Cutter,Sweeper,-0.0068
Noah Schultz,Left-Handed Batter,Pure Slap Hitter,CH / FF / ST,Changeup,Four-Seam Fastball,Sweeper,-0.0009
Noah Schultz,Left-Handed Batter,All-or-Nothing Power Hitter,CH / SI / ST,Changeup,Sinker,Sweeper,-0.0116
Noah Schultz,Left-Handed Batter,Disciplined All-Rounder,CH / FC / FF,Changeup,Cutter,Four-Seam Fastball,-0.0072
Noah Schultz,Left-Handed Batter,Free-Swinging Slugger,CH / FF / ST,Changeup,Four-Seam Fastball,Sweeper,-0.014
Noah Schultz,Left-Handed Batter,Complete Power Hitter,CH / FC / SI,Changeup,Cutter,Sinker,-0.0021
Noah Schultz,Left-Handed Batter,Contact-Over-Power Hitter,CH / FF / SI,Changeup,Four-Seam Fastball,Sinker,-0.0072
Noah Schultz,Right-Handed Batter,Pure Slap Hitter,CH / FC / SI,Changeup,Cutter,Sinker,-0.0195
Noah Schultz,Right-Handed Batter,All-or-Nothing Power Hitter,FC / FF / ST,Cutter,Four-Seam Fastball,Sweeper,0.0086
Noah Schultz,Right-Handed Batter,Disciplined All-Rounder,CH / FF / SI,Changeup,Four-Seam Fastball,Sinker,-0.0137
Noah Schultz,Right-Handed Batter,Free-Swinging Slugger,FC / FF / ST,Cutter,Four-Seam Fastball,Sweeper,-0.0211
Noah Schultz,Right-Handed Batter,Complete Power Hitter,CH / FF / ST,Changeup,Four-Seam Fastball,Sweeper,0.0128
Noah Schultz,Right-Handed Batter,Contact-Over-Power Hitter,CH / FF / SI,Changeup,Four-Seam Fastball,Sinker,-0.0158
Jr Ritchie,Left-Handed Batter,Pure Slap Hitter,CH / CU / SI,Changeup,Curveball,Sinker,0.0012
Jr Ritchie,Left-Handed Batter,All-or-Nothing Power Hitter,CH / CU / SI,Changeup,Curveball,Sinker,-0.0046
Jr Ritchie,Left-Handed Batter,Disciplined All-Rounder,CU / FF / SI,Curveball,Four-Seam Fastball,Sinker,-0.0079
Jr Ritchie,Left-Handed Batter,Free-Swinging Slugger,CH / CU / SI,Changeup,Curveball,Sinker,0.0035
Jr Ritchie,Left-Handed Batter,Complete Power Hitter,CH / CU / SI,Changeup,Curveball,Sinker,0.0125
Jr Ritchie,Left-Handed Batter,Contact-Over-Power Hitter,CH / FF / SI,Changeup,Four-Seam Fastball,Sinker,-0.0005
Jr Ritchie,Right-Handed Batter,Pure Slap Hitter,CH / CU / SI,Changeup,Curveball,Sinker,-0.0169
Jr Ritchie,Right-Handed Batter,All-or-Nothing Power Hitter,CH / FF / SI,Changeup,Four-Seam Fastball,Sinker,-0.0169
Jr Ritchie,Right-Handed Batter,Disciplined All-Rounder,CU / FF / SI,Curveball,Four-Seam Fastball,Sinker,-0.0193
Jr Ritchie,Right-Handed Batter,Free-Swinging Slugger,CH / FF / SI,Changeup,Four-Seam Fastball,Sinker,-0.0067
Jr Ritchie,Right-Handed Batter,Complete Power Hitter,CU / FF / SI,Curveball,Four-Seam Fastball,Sinker,0.0054
Jr Ritchie,Right-Handed Batter,Contact-Over-Power Hitter,CH / CU / FF,Changeup,Curveball,Four-Seam Fastball,-0.0131
Mike Paredes,Left-Handed Batter,Pure Slap Hitter,CH / FF / ST,Changeup,Four-Seam Fastball,Sweeper,-0.0076
Mike Paredes,Left-Handed Batter,All-or-Nothing Power Hitter,CH / FF / ST,Changeup,Four-Seam Fastball,Sweeper,-0.0091
Mike Paredes,Left-Handed Batter,Disciplined All-Rounder,CH / FF / ST,Changeup,Four-Seam Fastball,Sweeper,0.0293
Mike Paredes,Left-Handed Batter,Free-Swinging Slugger,CH / FF / ST,Changeup,Four-Seam Fastball,Sweeper,-0.0215
Mike Paredes,Left-Handed Batter,Complete Power Hitter,CH / FF / ST,Changeup,Four-Seam Fastball,Sweeper,0.0139
Mike Paredes,Left-Handed Batter,Contact-Over-Power Hitter,CH / FF / ST,Changeup,Four-Seam Fastball,Sweeper,0.0107
Mike Paredes,Right-Handed Batter,Pure Slap Hitter,CH / FF / ST,Changeup,Four-Seam Fastball,Sweeper,0.0175
Mike Paredes,Right-Handed Batter,All-or-Nothing Power Hitter,CH / FF / ST,Changeup,Four-Seam Fastball,Sweeper,0.0421
Mike Paredes,Right-Handed Batter,Disciplined All-Rounder,CH / FF / ST,Changeup,Four-Seam Fastball,Sweeper,0.0001
Mike Paredes,Right-Handed Batter,Free-Swinging Slugger,CH / FF / ST,Changeup,Four-Seam Fastball,Sweeper,-0.0025
Mike Paredes,Right-Handed Batter,Complete Power Hitter,CH / FF / ST,Changeup,Four-Seam Fastball,Sweeper,-0.0056
Mike Paredes,Right-Handed Batter,Contact-Over-Power Hitter,CH / FF / ST,Changeup,Four-Seam Fastball,Sweeper,-0.0069
Parker Messick,Left-Handed Batter,Pure Slap Hitter,CU / FC / FF,Curveball,Cutter,Four-Seam Fastball,-0.0124
Parker Messick,Left-Handed Batter,All-or-Nothing Power Hitter,CH / FC / SI,Changeup,Cutter,Sinker,-0.0115
Parker Messick,Left-Handed Batter,Disciplined All-Rounder,FC / SI / SL,Cutter,Sinker,Slider,-0.0285
Parker Messick,Left-Handed Batter,Free-Swinging Slugger,CU / FF / SI,Curveball,Four-Seam Fastball,Sinker,-0.0085
Parker Messick,Left-Handed Batter,Complete Power Hitter,CH / FC / FF,Changeup,Cutter,Four-Seam Fastball,-0.0126
Parker Messick,Left-Handed Batter,Contact-Over-Power Hitter,FC / SI / SL,Cutter,Sinker,Slider,-0.0201
Parker Messick,Right-Handed Batter,Pure Slap Hitter,FC / SI / SL,Cutter,Sinker,Slider,-0.0331
Parker Messick,Right-Handed Batter,All-or-Nothing Power Hitter,CH / SI / SL,Changeup,Sinker,Slider,-0.0037
Parker Messick,Right-Handed Batter,Disciplined All-Rounder,FF / SI / SL,Four-Seam Fastball,Sinker,Slider,-0.0203
Parker Messick,Right-Handed Batter,Free-Swinging Slugger,CH / FF / SL,Changeup,Four-Seam Fastball,Slider,-0.0161
Parker Messick,Right-Handed Batter,Complete Power Hitter,FF / SI / SL,Four-Seam Fastball,Sinker,Slider,-0.0276
Parker Messick,Right-Handed Batter,Contact-Over-Power Hitter,FF / SI / SL,Four-Seam Fastball,Sinker,Slider,-0.0226
Payton Tolle,Left-Handed Batter,Pure Slap Hitter,CU / FC / SI,Curveball,Cutter,Sinker,-0.0259
Payton Tolle,Left-Handed Batter,All-or-Nothing Power Hitter,CU / FF / SI,Curveball,Four-Seam Fastball,Sinker,-0.0062
Payton Tolle,Left-Handed Batter,Disciplined All-Rounder,CU / FC / SI,Curveball,Cutter,Sinker,0.0053
Payton Tolle,Left-Handed Batter,Free-Swinging Slugger,CU / FC / FF,Curveball,Cutter,Four-Seam Fastball,-0.0132
Payton Tolle,Left-Handed Batter,Complete Power Hitter,CU / FC / SI,Curveball,Cutter,Sinker,0.0008
Payton Tolle,Left-Handed Batter,Contact-Over-Power Hitter,CU / FF / SI,Curveball,Four-Seam Fastball,Sinker,0.0054
Payton Tolle,Right-Handed Batter,Pure Slap Hitter,FC / FF / SI,Cutter,Four-Seam Fastball,Sinker,-0.0153
Payton Tolle,Right-Handed Batter,All-or-Nothing Power Hitter,CU / FC / FF,Curveball,Cutter,Four-Seam Fastball,-0.0071
Payton Tolle,Right-Handed Batter,Disciplined All-Rounder,CU / FC / FF,Curveball,Cutter,Four-Seam Fastball,0.0049
Payton Tolle,Right-Handed Batter,Free-Swinging Slugger,CU / FF / SI,Curveball,Four-Seam Fastball,Sinker,-0.0025
Payton Tolle,Right-Handed Batter,Complete Power Hitter,FC / FF / SI,Cutter,Four-Seam Fastball,Sinker,-0.006
Payton Tolle,Right-Handed Batter,Contact-Over-Power Hitter,CU / FF / SI,Curveball,Four-Seam Fastball,Sinker,-0.0206
Chase Dollander,Left-Handed Batter,Pure Slap Hitter,FF / SI / SL,Four-Seam Fastball,Sinker,Slider,-0.0034
Chase Dollander,Left-Handed Batter,All-or-Nothing Power Hitter,FF / SI / SL,Four-Seam Fastball,Sinker,Slider,0.0014
Chase Dollander,Left-Handed Batter,Disciplined All-Rounder,FF / SI / SL,Four-Seam Fastball,Sinker,Slider,-0.0003
Chase Dollander,Left-Handed Batter,Free-Swinging Slugger,FF / SI / SL,Four-Seam Fastball,Sinker,Slider,-0.0131
Chase Dollander,Left-Handed Batter,Complete Power Hitter,FF / SI / SL,Four-Seam Fastball,Sinker,Slider,0.0085
Chase Dollander,Left-Handed Batter,Contact-Over-Power Hitter,FF / SI / SL,Four-Seam Fastball,Sinker,Slider,0.015
Chase Dollander,Right-Handed Batter,Pure Slap Hitter,FF / SI / SL,Four-Seam Fastball,Sinker,Slider,-0.0087
Chase Dollander,Right-Handed Batter,All-or-Nothing Power Hitter,FF / SI / SL,Four-Seam Fastball,Sinker,Slider,0.0113
Chase Dollander,Right-Handed Batter,Disciplined All-Rounder,FF / SI / SL,Four-Seam Fastball,Sinker,Slider,-0.0133
Chase Dollander,Right-Handed Batter,Free-Swinging Slugger,FF / SI / SL,Four-Seam Fastball,Sinker,Slider,-0.0223
Chase Dollander,Right-Handed Batter,Complete Power Hitter,FF / SI / SL,Four-Seam Fastball,Sinker,Slider,-0.0048
Chase Dollander,Right-Handed Batter,Contact-Over-Power Hitter,FF / SI / SL,Four-Seam Fastball,Sinker,Slider,-0.0183
Aj Blubaugh,Left-Handed Batter,Pure Slap Hitter,CH / FF / ST,Changeup,Four-Seam Fastball,Sweeper,-0.0195
Aj Blubaugh,Left-Handed Batter,All-or-Nothing Power Hitter,CH / FF / ST,Changeup,Four-Seam Fastball,Sweeper,-0.0107
Aj Blubaugh,Left-Handed Batter,Disciplined All-Rounder,CH / FF / ST,Changeup,Four-Seam Fastball,Sweeper,0.0094
Aj Blubaugh,Left-Handed Batter,Free-Swinging Slugger,CH / FF / ST,Changeup,Four-Seam Fastball,Sweeper,0.007
Aj Blubaugh,Left-Handed Batter,Complete Power Hitter,CH / FF / ST,Changeup,Four-Seam Fastball,Sweeper,-0.0135
Aj Blubaugh,Left-Handed Batter,Contact-Over-Power Hitter,CH / FF / ST,Changeup,Four-Seam Fastball,Sweeper,-0.0013
Aj Blubaugh,Right-Handed Batter,Pure Slap Hitter,CH / FF / ST,Changeup,Four-Seam Fastball,Sweeper,-0.0101
Aj Blubaugh,Right-Handed Batter,All-or-Nothing Power Hitter,CH / FF / ST,Changeup,Four-Seam Fastball,Sweeper,-0.0109
Aj Blubaugh,Right-Handed Batter,Disciplined All-Rounder,CH / FF / ST,Changeup,Four-Seam Fastball,Sweeper,0.0117
Aj Blubaugh,Right-Handed Batter,Free-Swinging Slugger,CH / FF / ST,Changeup,Four-Seam Fastball,Sweeper,-0.0104
Aj Blubaugh,Right-Handed Batter,Complete Power Hitter,CH / FF / ST,Changeup,Four-Seam Fastball,Sweeper,0.0198
Aj Blubaugh,Right-Handed Batter,Contact-Over-Power Hitter,CH / FF / ST,Changeup,Four-Seam Fastball,Sweeper,-0.0113
Zebby Matthews,Left-Handed Batter,Pure Slap Hitter,CH / CU / FF,Changeup,Curveball,Four-Seam Fastball,-0.0116
Zebby Matthews,Left-Handed Batter,All-or-Nothing Power Hitter,CU / FC / SL,Curveball,Cutter,Slider,-0.0112
Zebby Matthews,Left-Handed Batter,Disciplined All-Rounder,CU / FF / SL,Curveball,Four-Seam Fastball,Slider,0.0066
Zebby Matthews,Left-Handed Batter,Free-Swinging Slugger,CH / FC / SL,Changeup,Cutter,Slider,-0.0364
Zebby Matthews,Left-Handed Batter,Complete Power Hitter,CH / CU / FF,Changeup,Curveball,Four-Seam Fastball,-0.0059
Zebby Matthews,Left-Handed Batter,Contact-Over-Power Hitter,FC / FF / SL,Cutter,Four-Seam Fastball,Slider,0.0062
Zebby Matthews,Right-Handed Batter,Pure Slap Hitter,CH / FF / SL,Changeup,Four-Seam Fastball,Slider,-0.0189
Zebby Matthews,Right-Handed Batter,All-or-Nothing Power Hitter,CH / FC / SL,Changeup,Cutter,Slider,-0.0167
Zebby Matthews,Right-Handed Batter,Disciplined All-Rounder,CH / CU / FC,Changeup,Curveball,Cutter,-0.0114
Zebby Matthews,Right-Handed Batter,Free-Swinging Slugger,CH / FC / FF,Changeup,Cutter,Four-Seam Fastball,-0.0197
Zebby Matthews,Right-Handed Batter,Complete Power Hitter,CH / FC / SL,Changeup,Cutter,Slider,-0.0061
Zebby Matthews,Right-Handed Batter,Contact-Over-Power Hitter,CH / CU / FC,Changeup,Curveball,Cutter,-0.0095
Cade Gibson,Left-Handed Batter,Pure Slap Hitter,CU / SI / ST,Curveball,Sinker,Sweeper,0.0114
Cade Gibson,Left-Handed Batter,All-or-Nothing Power Hitter,CU / SI / ST,Curveball,Sinker,Sweeper,-0.0059
Cade Gibson,Left-Handed Batter,Disciplined All-Rounder,CU / SI / ST,Curveball,Sinker,Sweeper,-0.0112
Cade Gibson,Left-Handed Batter,Free-Swinging Slugger,CU / SI / ST,Curveball,Sinker,Sweeper,-0.0058
Cade Gibson,Left-Handed Batter,Complete Power Hitter,CU / SI / ST,Curveball,Sinker,Sweeper,0.0119
Cade Gibson,Left-Handed Batter,Contact-Over-Power Hitter,CU / SI / ST,Curveball,Sinker,Sweeper,0.0142
Cade Gibson,Right-Handed Batter,Pure Slap Hitter,CU / SI / ST,Curveball,Sinker,Sweeper,-0.0066
Cade Gibson,Right-Handed Batter,All-or-Nothing Power Hitter,CU / SI / ST,Curveball,Sinker,Sweeper,-0.0087
Cade Gibson,Right-Handed Batter,Disciplined All-Rounder,CU / SI / ST,Curveball,Sinker,Sweeper,0.0017
Cade Gibson,Right-Handed Batter,Free-Swinging Slugger,CU / SI / ST,Curveball,Sinker,Sweeper,0.0092
Cade Gibson,Right-Handed Batter,Complete Power Hitter,CU / SI / ST,Curveball,Sinker,Sweeper,0.0286
Cade Gibson,Right-Handed Batter,Contact-Over-Power Hitter,CU / SI / ST,Curveball,Sinker,Sweeper,0.0039
Roki Sasaki,Left-Handed Batter,Pure Slap Hitter,FF / FO / SL,Four-Seam Fastball,,Slider,-0.0006
Roki Sasaki,Left-Handed Batter,All-or-Nothing Power Hitter,FF / FS / SL,Four-Seam Fastball,Splitter,Slider,-0.0194
Roki Sasaki,Left-Handed Batter,Disciplined All-Rounder,FF / FO / SL,Four-Seam Fastball,,Slider,-0.009
Roki Sasaki,Left-Handed Batter,Free-Swinging Slugger,FO / FS / SL,,Splitter,Slider,-0.0298
Roki Sasaki,Left-Handed Batter,Complete Power Hitter,FO / FS / SL,,Splitter,Slider,0.0172
Roki Sasaki,Left-Handed Batter,Contact-Over-Power Hitter,FF / FS / SL,Four-Seam Fastball,Splitter,Slider,-0.0097
Roki Sasaki,Right-Handed Batter,Pure Slap Hitter,FF / FS / SL,Four-Seam Fastball,Splitter,Slider,-0.0026
Roki Sasaki,Right-Handed Batter,All-or-Nothing Power Hitter,FF / FO / FS,Four-Seam Fastball,,Splitter,-0.0234
Roki Sasaki,Right-Handed Batter,Disciplined All-Rounder,FO / FS / SL,,Splitter,Slider,-0.0055
Roki Sasaki,Right-Handed Batter,Free-Swinging Slugger,FO / FS / SL,,Splitter,Slider,-0.0212
Roki Sasaki,Right-Handed Batter,Complete Power Hitter,FO / FS / SL,,Splitter,Slider,0.0164
Roki Sasaki,Right-Handed Batter,Contact-Over-Power Hitter,FO / FS / SL,,Splitter,Slider,0.0
Yoshinobu Yamamoto,Left-Handed Batter,Pure Slap Hitter,FC / FF / SL,Cutter,Four-Seam Fastball,Slider,-0.0183
Yoshinobu Yamamoto,Left-Handed Batter,All-or-Nothing Power Hitter,FS / SI / SL,Splitter,Sinker,Slider,-0.0355
Yoshinobu Yamamoto,Left-Handed Batter,Disciplined All-Rounder,FC / SI / SL,Cutter,Sinker,Slider,-0.0289
Yoshinobu Yamamoto,Left-Handed Batter,Free-Swinging Slugger,FF / FS / SL,Four-Seam Fastball,Splitter,Slider,-0.0251
Yoshinobu Yamamoto,Left-Handed Batter,Complete Power Hitter,FF / FS / SL,Four-Seam Fastball,Splitter,Slider,-0.0142
Yoshinobu Yamamoto,Left-Handed Batter,Contact-Over-Power Hitter,CU / FC / SL,Curveball,Cutter,Slider,-0.0205
Yoshinobu Yamamoto,Right-Handed Batter,Pure Slap Hitter,FC / FF / SL,Cutter,Four-Seam Fastball,Slider,-0.0099
Yoshinobu Yamamoto,Right-Handed Batter,All-or-Nothing Power Hitter,FS / SI / SL,Splitter,Sinker,Slider,-0.015
Yoshinobu Yamamoto,Right-Handed Batter,Disciplined All-Rounder,FC / FF / SI,Cutter,Four-Seam Fastball,Sinker,-0.0186
Yoshinobu Yamamoto,Right-Handed Batter,Free-Swinging Slugger,FC / FF / SL,Cutter,Four-Seam Fastball,Slider,-0.0215
Yoshinobu Yamamoto,Right-Handed Batter,Complete Power Hitter,FC / FF / SI,Cutter,Four-Seam Fastball,Sinker,-0.0285
Yoshinobu Yamamoto,Right-Handed Batter,Contact-Over-Power Hitter,CU / FC / FF,Curveball,Cutter,Four-Seam Fastball,-0.0273
Connelly Early,Left-Handed Batter,Pure Slap Hitter,CH / CU / SI,Changeup,Curveball,Sinker,-0.0223
Connelly Early,Left-Handed Batter,All-or-Nothing Power Hitter,CH / CU / ST,Changeup,Curveball,Sweeper,-0.0146
Connelly Early,Left-Handed Batter,Disciplined All-Rounder,CH / SL / ST,Changeup,Slider,Sweeper,-0.021
Connelly Early,Left-Handed Batter,Free-Swinging Slugger,CU / SL / ST,Curveball,Slider,Sweeper,-0.0208
Connelly Early,Left-Handed Batter,Complete Power Hitter,CU / SI / ST,Curveball,Sinker,Sweeper,-0.0082
Connelly Early,Left-Handed Batter,Contact-Over-Power Hitter,CH / CU / SI,Changeup,Curveball,Sinker,-0.0168
Connelly Early,Right-Handed Batter,Pure Slap Hitter,FF / SL / ST,Four-Seam Fastball,Slider,Sweeper,-0.0252
Connelly Early,Right-Handed Batter,All-or-Nothing Power Hitter,CH / FF / ST,Changeup,Four-Seam Fastball,Sweeper,-0.0195
Connelly Early,Right-Handed Batter,Disciplined All-Rounder,FF / SL / ST,Four-Seam Fastball,Slider,Sweeper,-0.0091
Connelly Early,Right-Handed Batter,Free-Swinging Slugger,CU / SI / ST,Curveball,Sinker,Sweeper,-0.0071
Connelly Early,Right-Handed Batter,Complete Power Hitter,SI / SL / ST,Sinker,Slider,Sweeper,-0.0191
Connelly Early,Right-Handed Batter,Contact-Over-Power Hitter,CH / SL / ST,Changeup,Slider,Sweeper,-0.0156
Mitch Farris,Left-Handed Batter,Pure Slap Hitter,CH / FC / FF,Changeup,Cutter,Four-Seam Fastball,0.0163
Mitch Farris,Left-Handed Batter,All-or-Nothing Power Hitter,CH / FC / FF,Changeup,Cutter,Four-Seam Fastball,0.0106
Mitch Farris,Left-Handed Batter,Disciplined All-Rounder,CH / FC / FF,Changeup,Cutter,Four-Seam Fastball,-0.0019
Mitch Farris,Left-Handed Batter,Free-Swinging Slugger,CH / FC / FF,Changeup,Cutter,Four-Seam Fastball,-0.0031
Mitch Farris,Left-Handed Batter,Complete Power Hitter,CH / FC / FF,Changeup,Cutter,Four-Seam Fastball,0.0082
Mitch Farris,Left-Handed Batter,Contact-Over-Power Hitter,CH / FC / FF,Changeup,Cutter,Four-Seam Fastball,-0.0177
Mitch Farris,Right-Handed Batter,Pure Slap Hitter,CH / FC / FF,Changeup,Cutter,Four-Seam Fastball,0.0227
Mitch Farris,Right-Handed Batter,All-or-Nothing Power Hitter,CH / FC / FF,Changeup,Cutter,Four-Seam Fastball,0.0069
Mitch Farris,Right-Handed Batter,Disciplined All-Rounder,CH / FC / FF,Changeup,Cutter,Four-Seam Fastball,-0.0045
Mitch Farris,Right-Handed Batter,Free-Swinging Slugger,CH / FC / FF,Changeup,Cutter,Four-Seam Fastball,-0.0087
Mitch Farris,Right-Handed Batter,Complete Power Hitter,CH / FC / FF,Changeup,Cutter,Four-Seam Fastball,0.032
Mitch Farris,Right-Handed Batter,Contact-Over-Power Hitter,CH / FC / FF,Changeup,Cutter,Four-Seam Fastball,-0.0011
