pitcher,pitch_1,pitch_2,pitch_3,tunnel_score,composite_tunnel_score,avg_run_value
453286,CH,CU,FF,0.37693495018660933,0.28622914811295747,-0.0032624622405281654
453286,CH,CU,SL,0.37328400609521717,0.01811494164941178,0.02073096995558478
453286,CH,FF,SL,0.2716955217747758,-0.3215034766169387,0.006374948886418061
453286,CU,FF,SL,0.3766205972175485,0.2858285002376522,0.010496956948661368
500779,CH,CU,FF,0.47000190978438466,0.05893637346607717,0.0001627719240508785
500779,CH,CU,SI,0.3130607094625664,-0.14821579247557273,0.0021253252380291294
500779,CH,FF,SI,0.4323782939858691,-0.27146084028412953,-0.0003059549900368778
500779,CU,FF,SI,0.3345039361415916,-0.11375795612891892,-0.0017863071605695264
518585,FF,FS,SL,0.33016197841978584,-0.0344558785041901,-0.005279401179219411
518876,CH,CU,FC,0.36834183733345727,-0.18588547116770748,0.00816391811918698
518876,CH,CU,FF,0.36442799389936464,-0.16097003160877274,0.005921679087262345
518876,CH,CU,SI,0.323077790716861,-0.20575286485694103,0.00670799556828019
518876,CH,CU,SL,0.48944516312169384,-0.13864887559689867,-0.0005851379124554856
518876,CH,FC,FF,0.256440038090832,-0.556532881358139,0.012757892652343238
518876,CH,FC,SI,0.24916165744059934,-0.5578906330932659,0.014634707202758175
518876,CH,FC,SL,0.37697846335780105,-0.3596843718059041,0.008456278386857584
518876,CH,FF,SI,0.25431724157122887,-0.5513197588493689,0.012081248601917054
518876,CH,FF,SL,0.38568090954073614,-0.31868926980764256,0.006725278024012049
518876,CH,SI,SL,0.2890552070055689,-0.43392160903072613,0.005977643484660462
518876,CU,FC,FF,0.19424453569495115,-0.37787156476562983,0.013782069056121794
518876,CU,FC,SI,0.2879263936974173,-0.25055388128102135,0.015131837863540921
518876,CU,FC,SL,0.42766564175204697,-0.11027633578608832,0.0068408407428640575
518876,CU,FF,SI,0.28493977888571775,-0.2543603695169609,0.012512382607159962
518876,CU,FF,SL,0.42822588899265296,-0.07965859626766335,0.005663069315260196
518876,CU,SI,SL,0.4325604251101845,-0.06621550027101163,0.00048816682019776686
518876,FC,FF,SI,0.15072963601483644,-0.790455340746912,0.02026829775127349
518876,FC,FF,SL,0.25546517963414045,-0.4846512954702949,0.01458797063612839
518876,FC,SI,SL,0.293871538283943,-0.4277831179606018,0.01549322667275477
518876,FF,SI,SL,0.3035012130892713,-0.41550994375721456,0.012705821268280147
519242,CH,FF,SI,0.36990895304859567,-0.26533008106231226,-0.012064606618334
519242,CH,FF,SL,0.4136813329737457,0.22154374508694372,-0.00761889904642513
519242,CH,SI,SL,0.18919503876162727,-0.07940933549186284,-0.011976680116570364
519242,FF,SI,SL,0.3257381268231186,0.10945872550831413,-0.010430325288298292
527048,CH,CU,FC,0.3240564261430634,-0.18596615659235516,-0.00654868755652302
527048,CH,CU,SI,0.4378174969514075,0.11055770830508145,-0.007797813120843569
527048,CH,FC,SI,0.3747110870087431,-0.2211953082527031,-0.005740731422889037
527048,CU,FC,SI,0.27033217983507174,-0.1029050009798654,-0.005134903999334931
542888,FC,FF,ST,0.2645987848084072,-0.3080668647015921,-0.0026949418383883624
543037,CH,FF,KC,0.43155008222415026,0.09723442308809517,-0.009172995425948228
543037,CH,FF,SL,0.22607858019510182,-0.332123982677212,-0.009809460776464482
543037,CH,KC,SL,0.40183527370854494,-0.18135548088976514,0.006420875016268927
543037,FF,KC,SL,0.3767696316548461,0.027415864687233265,-0.0082581670240078
543135,CU,FC,FF,0.2630179266068443,0.1295681630706931,0.004574460047180383
543135,CU,FC,FS,0.34482685901007076,0.09520328145330713,-0.007545254945943659
543135,CU,FC,SI,0.13464210577855368,-0.06417615246675852,-4.849003542516533e-05
543135,CU,FF,FS,0.33894443034130806,0.22633770366531428,-0.00343548776503954
543135,CU,FF,SI,0.24985115698845953,0.11278690508544013,0.008696401817129981
543135,CU,FS,SI,0.32709653080475376,0.1811100832898588,-0.007949713869547709
543135,FC,FF,FS,0.2837179020879618,-0.4428228794389333,-0.0009517950658767596
543135,FC,FF,SI,0.19074672261913375,-0.6386436099026186,0.012206527891868772
543135,FC,FS,SI,0.27778334960740186,-0.48051384463023367,-0.005721214415467259
543135,FF,FS,SI,0.22961096761897296,-0.5117830308224179,-0.0006392599518569625
543243,CU,FC,FF,0.25514555253233384,-0.09251235043183414,0.0025460250776900267
543243,CU,FC,SI,0.31586831763285683,-0.026896837652391998,-0.001740300970960262
543243,CU,FC,ST,0.445874901248269,0.009407073965723082,0.0010762074730735996
543243,CU,FF,SI,0.3051135130339718,-0.028827387416753798,-0.009483704149026845
543243,CU,FF,ST,0.4291381779129515,0.1292440270752715,-0.005689281879462441
543243,CU,SI,ST,0.42273358362513935,0.10930464914017268,-0.0091346734719514
543243,FC,FF,SI,0.16941973409312794,-0.6632886944452862,-0.01028796590578806
543243,FC,FF,ST,0.3159338237030049,-0.30657296212058843,-0.007842065239899006
543243,FC,SI,ST,0.2377644973807943,-0.41797763620776845,-0.011108829432165814
543243,FF,SI,ST,0.30377477781631435,-0.32206986012920674,-0.017464040185422025
544150,CH,FC,FF,0.5272323617683737,0.0023639681655011034,-0.0009797090664499996
547179,CH,CU,FC,0.16383457332236934,-0.4871627406547973,0.012932107024730596
547179,CH,CU,FF,0.18429107529105138,-0.3281535490713951,0.0184366210245459
547179,CH,CU,SI,0.14902922968133184,-0.4001449366578779,0.02104800782486956
547179,CH,CU,SL,0.16860811709651172,-0.6524000085222997,0.017205644540727805
547179,CH,CU,ST,0.2317937010893579,-0.6054917030025305,0.01698951726080878
547179,CH,FC,FF,0.19858800379261188,-0.3778063409645749,0.01311404634740469
547179,CH,FC,SI,0.1519848261314927,-0.4642524372280599,0.017549523881484556
547179,CH,FC,SL,0.17354300153129576,-0.542663649391199,0.011812086025350166
547179,CH,FC,ST,0.2184668435007616,-0.3659389466786373,0.012975124488529272
547179,CH,FF,SI,0.15198963371833762,-0.43719670721027953,0.021340555334646176
547179,CH,FF,SL,0.1550877645812511,-0.4332480899875683,0.017182793271647574
547179,CH,FF,ST,0.2672104950947961,-0.17087733151005471,0.017854211424965825
547179,CH,SI,SL,0.09364281068008377,-0.5386102669042667,0.019964992976639437
547179,CH,SI,ST,0.21449768668876676,-0.2651102496513839,0.020103722946961236
547179,CH,SL,ST,0.23521026865140707,-0.5159204097243179,0.01543392575399893
547179,CU,FC,FF,0.1023660353019988,-0.4325683198431733,0.013444723142403404
547179,CU,FC,SI,0.09448887523173884,-0.46965748872287255,0.01744748927450462
547179,CU,FC,SL,0.16390019310338036,-0.48707910719678155,0.011063526914702852
547179,CU,FC,ST,0.11087512488412544,-0.5030663089331924,0.012867386979109057
547179,CU,FF,SI,0.11855869766836158,-0.4119305132654225,0.02141468373448506
547179,CU,FF,SL,0.16950997100311346,-0.34699230235348105,0.016854365413279247
547179,CU,FF,ST,0.18368379132793775,-0.27733344832494006,0.0179888745877368
547179,CU,SI,SL,0.14679103469280538,-0.4029975518863937,0.018467567700413676
547179,CU,SI,ST,0.1696970005127676,-0.32220943908248345,0.01883276999080211
547179,CU,SL,ST,0.2382627249472464,-0.5120300054661872,0.011968441197836998
547179,FC,FF,SI,0.13509832976892763,-0.7152629926158444,0.01909194628561146
547179,FC,FF,SL,0.1880288910883027,-0.4764809220026203,0.013595616629146209
547179,FC,FF,ST,0.1839409693897466,-0.27700567078128685,0.015898289418465415
547179,FC,SI,SL,0.15396862272659498,-0.5469408802125352,0.017675143133132974
547179,FC,SI,ST,0.15861284652317684,-0.33633637021583246,0.019285169543383125
547179,FC,SL,ST,0.22915785894227883,-0.3523130768982535,0.014037860001561778
547179,FF,SI,SL,0.13912670624449097,-0.5388075369348565,0.02134618778975652
547179,FF,SI,ST,0.21096981858515199,-0.24255697117320196,0.02244393894742829
547179,FF,SL,ST,0.2630547864673644,-0.1761738484697726,0.018361557323236438
547179,SI,SL,ST,0.22288488736074644,-0.2544206285575316,0.018811490023235376
547973,FF,SI,SL,0.16436144715122059,-0.3458674077678032,-0.004189571636657128
548384,FC,SI,ST,0.43000905727173494,-0.04286996135950988,-0.007165496488490116
554430,CU,FC,FF,0.3643300188759142,0.11779772724268363,-0.010660966503850561
554430,CU,FC,FS,0.4621637566996526,0.10726450382580692,-0.025107806289296455
554430,CU,FC,SI,0.3436172951891872,0.07559985388357725,-0.012254800487957672
554430,CU,FC,ST,0.34656683095569035,-0.04006562265433839,-0.0037624994358149574
554430,CU,FF,FS,0.47728100634878273,0.2617555631741831,-0.01452213919015886
554430,CU,FF,SI,0.36659690606192247,0.12068691113474113,-0.010753836961837543
554430,CU,FF,ST,0.37138597291592634,0.12679065326093789,-0.006335058968992411
554430,CU,FS,SI,0.2699309103901299,-0.018314619381528785,-0.016565834942839006
554430,CU,FS,ST,0.23908338472291502,-0.339329414868018,-0.009922464750599384
554430,CU,SI,ST,0.1489078218113109,-0.1725604769818251,-0.006427410462520708
554430,FC,FF,FS,0.4035184776472045,-0.2085959759867725,-0.015435327349719278
554430,FC,FF,SI,0.25662353998329485,-0.5580903429320078,-0.011941237838905357
554430,FC,FF,ST,0.30761686898872864,-0.02406098886174492,-0.007489382043172746
554430,FC,FS,SI,0.3850102521019349,-0.24798418128666488,-0.017974031851741613
554430,FC,FS,ST,0.4003669885861499,-0.04107336482908804,-0.011272994701898735
554430,FC,SI,ST,0.2739805882974965,-0.08273014184868839,-0.00912840643547537
554430,FF,FS,SI,0.3918644681595376,-0.2234491970457976,-0.014573056802873118
554430,FF,FS,ST,0.4090607357312534,0.10523083807589163,-0.010680766570917492
554430,FF,SI,ST,0.29053669666620496,-0.04582994104092103,-0.008568531490157363
554430,FS,SI,ST,0.18878708276809533,-0.1913106241076573,-0.013337382360215061
571510,CH,CU,FF,0.46360653007646785,0.49843127449380553,0.0017319828776668853
571510,CH,CU,SL,0.5611746579634113,0.22857213915375185,-0.007698141994276199
571510,CH,FF,SL,0.416532412704335,0.1323516091308812,-0.00066507417676348
571510,CU,FF,SL,0.5922228248740792,0.6623547945873273,-0.0015033694496116314
571578,CH,FC,FF,0.36153409338084713,0.02618965558500545,0.017521896499220566
571578,CH,FC,SI,0.27553069916153344,-0.09096418540922831,0.013696279633351648
571578,CH,FC,SL,0.28570331941024396,-0.2682434775590688,-0.003221212590861545
571578,CH,FF,SI,0.38892412016351496,0.061098681791489896,0.013482171048847118
571578,CH,FF,SL,0.4010531186240338,0.07655728387597531,-0.005196099885922329
571578,CH,SI,SL,0.1542227086698412,-0.24557315504375843,-0.002163007422547942
571578,FC,FF,SI,0.2828057165786679,-0.46215902284168603,0.020431917049947096
571578,FC,FF,SL,0.365861759098477,-0.00440007886496574,0.006339126887657075
571578,FC,SI,SL,0.25724232776379735,-0.15037842005453064,0.006573494214387694
571578,FF,SI,SL,0.371253245143472,0.0024714561331572646,0.0038507154805022216
571927,CH,CU,SI,0.47462536173993214,0.24204232069111212,0.003018186403768274
571945,CH,CU,FF,0.4672920231181203,0.335720316207587,0.0063027508876593846
571945,CH,CU,SI,0.47227940944539376,0.32271625622984484,0.016371607380740595
571945,CH,CU,SL,0.5122266948533204,0.19745212797358325,0.01499706584707778
571945,CH,FF,SI,0.23859835999603582,-0.4093961418728857,0.0074661401079490295
571945,CH,FF,SL,0.28946696260902316,-0.34456329611503794,0.006539836827502535
571945,CH,SI,SL,0.27710472714216683,-0.3796797259232152,0.014504710613011878
571945,CU,FF,SI,0.266470355180599,0.07976989584154952,0.005289333497185282
571945,CU,FF,SL,0.3356946040415285,0.16799730564969048,0.004621530916256198
571945,CU,SI,SL,0.3354989392688285,0.14838736433732258,0.010935803933886584
571945,FF,SI,SL,0.09995146818502391,-0.6974571375495539,0.005337121685097488
573124,FC,SI,ST,0.32310159051861065,0.03653317393508169,0.0022503723377846367
573204,CU,FF,SL,0.2428652705787603,0.06770936878020721,0.0010300882186563137
579328,FF,FS,SL,0.33220148282865086,-0.27717226980023907,0.00226825774085033
592094,CH,FF,SL,0.4031344298117239,-0.1708825747582444,-0.001589346312983324
592332,FF,FS,SL,0.3363568918271494,-0.1959849626935176,-0.0012399902165623393
592662,CH,FF,KC,0.40089414259109774,0.07082766470467902,-0.006200971360258815
592662,CH,FF,SI,0.40683481050375975,-0.2336415168246689,0.00017112584624798667
592662,CH,FF,SL,0.4937958619215829,-0.12280826912557519,-0.003598788930094997
592662,CH,KC,SI,0.2139008312546743,-0.17291713368430273,-0.008843421564548166
592662,CH,KC,SL,0.3434060179552671,-0.26328594442138453,-0.009935769287134362
592662,CH,SI,SL,0.32297324244858355,-0.3459432626933923,-0.004211464026046546
592662,FF,KC,SI,0.24752970808380792,-0.12463775436331165,-0.0015024015012813636
592662,FF,KC,SL,0.4423917384843044,0.12371701286182442,-0.0033654176240616243
592662,FF,SI,SL,0.4640953491941982,-0.16804401791380574,0.0008638174132380657
592662,KC,SI,SL,0.30794236651083945,-0.05305969634755298,-0.0035000684628863745
592773,FF,FS,SL,0.44211295489465413,-0.1176437312768799,0.004139990805451733
592791,CH,CU,FC,0.3006746329721784,-0.27992437366558376,0.016209380838974368
592791,CH,CU,FF,0.34162466409501757,-0.02124659650334726,0.015446098420203069
592791,CH,CU,SI,0.35874367829118037,0.012346132283424257,0.024316966101689323
592791,CH,CU,ST,0.3690880642349648,-0.2926465517069465,-0.006301638592181969
592791,CH,FC,FF,0.2200874488197321,-0.43347756065348814,0.016826471917028206
592791,CH,FC,SI,0.1320776104573597,-0.5338732320294306,0.02401469576340978
592791,CH,FC,ST,0.17431567438962206,-0.47674896966344166,0.00669269340769284
592791,CH,FF,SI,0.26347994321852775,-0.3663988620936003,0.020696063202403477
592791,CH,FF,ST,0.2522880264612127,-0.17088565367425268,0.0012521911657583209
592791,CH,SI,ST,0.19441071642929833,-0.2328769368580219,0.006358621540725145
592791,CU,FC,FF,0.3094968252357784,-0.06219403980430086,0.015181126110020395
592791,CU,FC,SI,0.3332834476649121,-0.020103337927315373,0.0212573984249537
592791,CU,FC,ST,0.3301956352570598,-0.24229938517682706,0.003963807033965268
592791,CU,FF,SI,0.3655017718863472,0.020959430411662743,0.018284873989263435
592791,CU,FF,ST,0.30898397878891753,-0.06284767078449023,-0.0009258984688656035
592791,CU,SI,ST,0.36290312954850923,0.017647419284668453,0.0015572592859774174
592791,FC,FF,SI,0.21089308603521917,-0.5333378386022734,0.020705902250136937
592791,FC,FF,ST,0.18626897092626737,-0.25502799344206667,0.007551553143735958
592791,FC,SI,ST,0.13505926912732386,-0.30852130353562196,0.018234791627403265
592791,FF,SI,ST,0.20429991429751046,-0.2202729963696913,0.006754931289149852
593958,CH,CU,FC,0.31846547346100257,-0.1912485120184614,-0.007306045861133577
593958,CH,CU,FF,0.30581621667678055,-0.08062922165182158,-0.016291960261970495
593958,CH,CU,SI,0.23684172483017793,-0.1948396046645172,-0.005130556641436087
593958,CH,FC,FF,0.3261513823367728,-0.33236674746961375,-0.010056110092374223
593958,CH,FC,SI,0.2859152091034709,-0.40994968482253197,0.004275203190648318
593958,CH,FF,SI,0.29840546501020654,-0.3677293618533633,-0.008139702807649784
593958,CU,FC,FF,0.13678750786611427,-0.29605900827961895,-0.01189655285347737
593958,CU,FC,SI,0.20079195601810176,-0.2407856102739319,0.0032268043227117646
593958,CU,FF,SI,0.18816037651080775,-0.23058346741761723,-0.010731261642140317
593958,FC,FF,SI,0.20320917510742373,-0.634650716770336,-0.003763130350090787
593974,CH,SI,SL,0.4124286595580194,-0.24027023779666992,-0.003963986616447955
594580,CH,FF,SI,0.27389466117096445,-0.31170878611572167,0.006082698227691105
594580,CH,FF,ST,0.2841367817305333,-0.13016898979119113,-0.0012978208486864582
594580,CH,SI,ST,0.2211771324169234,-0.28108089099830497,0.0015224376453024254
594580,FF,SI,ST,0.2219430300147506,-0.20943591879980797,0.002696494026159787
594798,CH,CU,FF,0.3989000722917628,0.16150122411466136,0.0033958776668602947
594798,CH,CU,SL,0.39596780949836274,-0.03662304292301155,-0.014427128146695882
594798,CH,FF,SL,0.2390163500340127,-0.45068213907542937,-0.008692073415390307
594798,CU,FF,SL,0.41007727922447756,0.1757467527088994,-0.006986550063068652
596001,CH,FF,SI,0.20297609703429398,-0.5108963657473272,-0.015903210025276154
596001,CH,FF,ST,0.27706180867583435,-0.2043434198228071,-0.013037948379804333
596001,CH,SI,ST,0.33231000202342137,-0.16824683168245747,-0.021335577258498453
596001,FF,SI,ST,0.2871682814666715,-0.191462558978461,-0.016370772298228167
596133,CH,FC,FF,0.4008310407911379,-0.25544164502018174,-0.018303322591217447
605135,CU,FC,SI,0.3689221976188867,0.5434900592773494,0.006002649771818464
605280,CH,SI,ST,0.4098577239159731,-0.0020264466760775055,-0.013884408440053314
605288,CH,CU,FF,0.28001685100321977,-0.10835410646264003,0.0032954619965132013
605288,CH,CU,SI,0.3134946531406698,-0.08924632346760784,-0.0007367494395553505
605288,CH,CU,SL,0.28655953058390654,-0.3609087524695602,0.010313152821990482
605288,CH,FF,SI,0.3104852487301413,-0.21592701906028958,-0.006635221119422283
605288,CH,FF,SL,0.3002789844460475,-0.22893506575519817,-0.0024025039554638737
605288,CH,SI,SL,0.2381513780398551,-0.3316779015570635,-0.0015433196418230804
605288,CU,FF,SI,0.244268233148458,-0.15391629037138924,-0.0032166751443670673
605288,CU,FF,SL,0.25120242424717487,-0.1450785531648285,0.0047153909477866815
605288,CU,SI,SL,0.2393345742091553,-0.18376452746342883,0.003870750526080581
605288,FF,SI,SL,0.17254888474556807,-0.5395753205435587,-0.004374935837598523
605400,CH,FC,FF,0.3637287474219329,-0.29543023746765,0.016477261518146595
605400,CH,FC,KC,0.40266637820944934,-0.07744083092901043,-0.004243705975427125
605400,CH,FC,SI,0.4504007666710725,-0.2089500317931262,0.016562276582241027
605400,CH,FF,KC,0.34138009896297405,0.07011995024157046,0.002375444305194193
605400,CH,FF,SI,0.3970379722774688,-0.25297709886263814,0.019710427027039658
605400,CH,KC,SI,0.45653459043813577,0.19290152127265747,0.0025756992696038617
605400,FC,FF,KC,0.2069629398289348,-0.10119686401509409,0.0069796983849009595
605400,FC,FF,SI,0.22316905755246194,-0.5102813760379065,0.027396468209163957
605400,FC,KC,SI,0.3443092432047215,0.04986852540563069,0.007186628695774554
605400,FF,KC,SI,0.31275042792440805,0.03363097764951865,0.011234028101649439
605488,CH,FF,SL,0.36434705599167233,-0.02962438477511527,0.011802336434543675
605488,CH,FF,ST,0.4136256344462832,0.1944257221041988,0.012363441211441211
605488,CH,SL,ST,0.27674735566553915,-0.2765193354641264,0.011528090400040594
605488,FF,SL,ST,0.3102901640380001,0.06272301610959012,0.013524460516770661
605540,CH,FF,SI,0.2557909907381754,-0.27469792271466215,-0.017184045165490124
606996,FS,SI,SL,0.3013648177119019,-0.27811905606910586,-0.01337457149217164
606996,FS,SI,ST,0.36366562565909183,-0.0997742910699538,-0.010513308350414533
606996,FS,SL,ST,0.2609835227838461,-0.3936730722274547,-0.001568270833062801
606996,SI,SL,ST,0.3601530404907622,-0.10425113691850629,-0.009446663668246019
607067,CH,CU,FC,0.46554301060870856,-0.07094851830200888,-0.00013487260816616485
607067,CH,CU,FF,0.45011925631096394,0.15734954729515957,0.000885181055015048
607067,CH,CU,SI,0.4263842369978339,0.06326423947793842,0.006035258863397463
607067,CH,CU,SL,0.5631868541361503,0.05350011840974134,0.0009520708793035555
607067,CH,CU,ST,0.45831352762252875,-0.08016260973121422,-0.010329724684976987
607067,CH,FC,FF,0.1987125082737953,-0.49887368718848674,-0.0003272906014816592
607067,CH,FC,SI,0.1767871414030446,-0.5906525640906558,0.0025527638015501357
607067,CH,FC,SL,0.2973750794944838,-0.5743306565655504,-0.00229973354814187
607067,CH,FC,ST,0.1919729851336188,-0.5557787724294965,-0.011747923075335485
607067,CH,FF,SI,0.18709456519198742,-0.5339741276687577,0.0009286745512743775
607067,CH,FF,SL,0.3180733438663091,-0.2999945017626759,-0.0015488647943422851
607067,CH,FF,ST,0.20985056695442197,-0.2850376225484907,-0.005719157085086473
607067,CH,SI,SL,0.24870889525540682,-0.45223524534423226,-0.0022596312680995614
607067,CH,SI,ST,0.140321608657659,-0.4374880363498135,-0.008558554782074877
607067,CH,SL,ST,0.2370861165750855,-0.49828136652176314,-0.013286582989943889
607067,CU,FC,FF,0.39034563242615933,0.08116710982592719,0.007647399121360339
607067,CU,FC,SI,0.41798426674962746,0.05255834335541687,0.029021445369905755
607067,CU,FC,SL,0.5781771205912984,0.05231226558057134,0.014928562645574062
607067,CU,FC,ST,0.4463408132496814,-0.11571521188312123,0.012795355946644828
607067,CU,FF,SI,0.40755427812834966,0.103099803377582,0.008974155585630448
607067,CU,FF,SL,0.5781379725529031,0.32051144398371295,0.005244011609271493
607067,CU,FF,ST,0.443480982660264,0.14888896159815176,0.0018536628073277167
607067,CU,SI,SL,0.5583375251362198,0.23144081083381526,0.014898819559294178
607067,CU,SI,ST,0.4235160255577199,0.0596086582284876,0.01972356777547082
607067,CU,SL,ST,0.5598854492253782,-0.017752657243412923,0.002062133772618588
607067,FC,FF,SI,0.09613780741674949,-0.6296067802501849,0.007178391355021199
607067,FC,FF,SL,0.2505068227944256,-0.3861091110507515,0.003463694974163309
607067,FC,FF,ST,0.11532106505454305,-0.4055169811593033,0.00040666954663627457
607067,FC,SI,SL,0.23251602782012157,-0.4728733132855971,0.008909788724566147
607067,FC,SI,ST,0.09716576039437834,-0.49249085361391537,0.015499635540453353
607067,FC,SL,ST,0.21732050501515923,-0.5437661404925134,-0.003856855324487744
607067,FF,SI,SL,0.2582080578684137,-0.3762937640577259,0.0036989561736309423
607067,FF,SI,ST,0.12003710789164836,-0.39950630930791275,0.0015064689860802025
607067,FF,SL,ST,0.25058269309531184,-0.23312387780553426,-0.0023024933104514476
607067,SI,SL,ST,0.18498830669499552,-0.3805596169395338,-0.007202827779146567
607074,CH,FF,SI,0.3513749788895635,-0.2439426295238727,-0.012882539258006712
607074,CH,FF,SL,0.3777970596988249,-0.21026726590633774,0.004383874084631305
607074,CH,SI,SL,0.14367323068220694,-0.5339655489401806,-0.0026754900804293563
607074,FF,SI,SL,0.3218572386170355,-0.31620871976356346,-0.004627371681973848
607192,FF,KC,SI,0.3509107039558077,0.10840645031929469,-0.005281263375207763
607200,CH,FC,SI,0.6264225723760263,-0.02349271202704667,0.014336959984564517
607200,CH,FC,ST,0.5299328381188017,0.06688568910152949,0.004558679904955754
607200,CH,SI,ST,0.5428135164817184,0.18692186667633495,0.0030238204555163945
607200,FC,SI,ST,0.45828612704816035,0.07919036001095937,0.002090400024370991
607259,CH,CU,FC,0.38475406800604145,-0.006015977581167564,-0.014693255167638235
607259,CH,CU,FF,0.31820198333713196,0.028862237721413515,-0.00665433752975627
607259,CH,CU,SI,0.3975654942959201,0.11269898744727143,-0.008973013773279193
607259,CH,FC,FF,0.21762505687541242,-0.09932465999427575,-0.011483380780484706
607259,CH,FC,SI,0.19572674449778346,-0.14454771998004162,-0.012239739444953605
607259,CH,FF,SI,0.232632807489254,-0.0801970423531531,-0.007037109007092398
607259,CU,FC,FF,0.3479476630573895,0.0006319155382605116,-0.003619927196907001
607259,CU,FC,SI,0.3743124896290137,0.016920996294643092,-0.008089126436378987
607259,CU,FF,SI,0.31872007056342705,-0.03661911748993015,0.00017850547871535753
607259,FC,FF,SI,0.18965448010777455,-0.6589674526235322,-0.0060099298646850855
607455,FF,SI,SL,0.2776971361648983,-0.2260201275356554,0.0066671784512704006
607536,CH,FC,FF,0.2594920304380309,-0.4754086840601912,0.010462006377202978
607536,CH,FC,KC,0.2277142383278897,-0.48191323280727155,0.00455151349727904
607536,CH,FC,SI,0.18953638270048975,-0.5745301120512278,0.003006398754470937
607536,CH,FC,ST,0.20845722967316715,-0.4772193885984817,-0.004169155349051493
607536,CH,FF,KC,0.2299524651765601,-0.3509425339151211,0.013401715792293727
607536,CH,FF,SI,0.2248054348501268,-0.5196173036427797,0.013884361796740432
607536,CH,FF,ST,0.2456175610788894,-0.3017399101844671,0.006852897982670654
607536,CH,KC,SI,0.13171967272877363,-0.4861036340673823,0.0073672041776450935
607536,CH,KC,ST,0.22352985198097283,-0.5441406533440917,-0.000451794661016542
607536,CH,SI,ST,0.19488999665218368,-0.3763548391667781,-0.001978782371362069
607536,FC,FF,KC,0.2038131723897467,-0.38425747968550134,0.009205229084441506
607536,FC,FF,SI,0.1931845926314855,-0.646050134030843,0.008635345750428411
607536,FC,FF,ST,0.11042117291238417,-0.4740498642774323,0.0030461035570177432
607536,FC,KC,SI,0.18277314975361617,-0.42103516292152127,0.0034072361460238897
607536,FC,KC,ST,0.17100778305795142,-0.5249493059031325,-0.002595496775211118
607536,FC,SI,ST,0.13688637829733444,-0.4502813763435019,-0.005743808404110156
607536,FF,KC,SI,0.19054681786778893,-0.4011656602194682,0.012899010669350388
607536,FF,KC,ST,0.18067273042820933,-0.3845131331955131,0.006919801489458008
607536,FF,SI,ST,0.179582150968559,-0.3859030941195849,0.00696405212059369
607536,KC,SI,ST,0.1788607911029143,-0.39678431742280723,0.0006767803433072924
607625,CH,CU,FC,0.40223769379146246,0.1617253796347384,0.00802661406009184
607625,CH,CU,FF,0.42865559834135497,0.25333665142116035,0.01092849782172434
607625,CH,CU,SI,0.4527290486059468,0.27605123650073177,-0.0005796717967157799
607625,CH,CU,SL,0.44361283930563306,-0.007185618585605476,0.004475071763274093
607625,CH,CU,ST,0.37891590554880206,-0.08964289304966577,0.009703935319115897
607625,CH,FC,FF,0.30647882292624085,-0.3501873604094592,0.007480852156778547
607625,CH,FC,SI,0.33839882551771144,-0.3174722191791763,-0.0037907811922064955
607625,CH,FC,SL,0.3238291551191517,-0.3704333989826237,-0.0003397813956316888
607625,CH,FC,ST,0.33113184750707764,-0.07304205599513998,0.005754979151538256
607625,CH,FF,SI,0.21042136366118935,-0.47261412506431966,0.0001628194940362285
607625,CH,FF,SL,0.1908128167841516,-0.48202361389944426,0.0056694529705263825
607625,CH,FF,ST,0.35099821386041546,0.01021917581464952,0.011289192921419803
607625,CH,SI,SL,0.16066938637996184,-0.5284093083894422,-0.007061976068395782
607625,CH,SI,ST,0.37324720551964735,0.030608459288183065,-0.0010085672520590665
607625,CH,SL,ST,0.3648498445561806,-0.2517122121219352,0.006305878523583412
607625,CU,FC,FF,0.3102878792220462,0.10247510456964341,0.014021529964097354
607625,CU,FC,SI,0.43645538641784903,0.2553101943576379,0.0036859698525482784
607625,CU,FC,SL,0.3759043428590843,0.12816310366118414,0.008725035564209973
607625,CU,FC,ST,0.15801293497097352,-0.1495429726595266,0.013602917034242342
607625,CU,FF,SI,0.43965397160444053,0.26735425364974635,0.007312166906249704
607625,CU,FF,SL,0.3740640515671978,0.18375885392161528,0.013987734002704762
607625,CU,FF,ST,0.30905534836742504,0.10090422432751467,0.01848455098313666
607625,CU,SI,SL,0.4381681257673402,0.257493107989329,0.002413194937992914
607625,CU,SI,ST,0.42555184463098916,0.2414134563587598,0.00723036436289498
607625,CU,SL,ST,0.37117311050731744,-0.11509312594436484,0.015943723091808904
607625,FC,FF,SI,0.30401176237501965,-0.5749759498651404,0.004099721964643756
607625,FC,FF,SL,0.23296838123953104,-0.42829567431038146,0.009447544825559005
607625,FC,FF,ST,0.23995930418451514,-0.13130168645293816,0.014531884594597942
607625,FC,SI,SL,0.3049190077665523,-0.34456086409195635,-0.001887080763744347
607625,FC,SI,ST,0.36430235277495787,0.01920810172901849,0.0034561820533106726
607625,FC,SL,ST,0.30447015755304035,-0.10702280529121629,0.010262697505777565
607625,FF,SI,SL,0.14868335006825115,-0.5357182915030905,0.003630350419877556
607625,FF,SI,ST,0.36094939976499485,0.022902121044494406,0.00868030325676792
607625,FF,SL,ST,0.29607832806459916,-0.05977709500741757,0.01859497439580176
607625,SI,SL,ST,0.3583579436593816,0.011631857454258246,0.004370109890656252
608331,CH,CU,FC,0.5658967949704755,0.6397437837904196,-0.01627918364967971
608331,CH,CU,FF,0.6165445695405577,0.7974639952888073,-0.012888644932352571
608331,CH,CU,SI,0.5794008437435791,0.7036583120845257,-0.02004259992885292
608331,CH,CU,ST,0.3935831756277765,0.12482270311003217,-0.020175690471678255
608331,CH,FC,FF,0.43018239776325357,-0.08363725482705342,-0.01637643121255745
608331,CH,FC,SI,0.4404438923356009,-0.1170242282094025,-0.022559786654305445
608331,CH,FC,ST,0.45540769018472876,0.12783421460600894,-0.022567665732334076
608331,CH,FF,SI,0.496704776055062,0.0011465778260749866,-0.015662917983998735
608331,CH,FF,ST,0.517814630961948,0.300541671080408,-0.015971300478701666
608331,CH,SI,ST,0.40117743444706816,0.1054202909418084,-0.020678092661574686
608331,CU,FC,FF,0.43215021128959036,0.5624504432544514,-0.013974246691629529
608331,CU,FC,SI,0.5798957177208259,0.7042890368653992,-0.020547593577775997
608331,CU,FC,ST,0.4974257451984678,0.5524763382401635,-0.01992495365230166
608331,CU,FF,SI,0.6221478592132347,0.8046054773902335,-0.013629229532817326
608331,CU,FF,ST,0.5458239437486347,0.7073294292039195,-0.01352025019435116
608331,CU,SI,ST,0.5666707590926431,0.6874336160586166,-0.01851261679423432
608331,FC,FF,SI,0.31614933688962016,-0.5242788337359207,-0.017070852155098848
608331,FC,FF,ST,0.4406068873899507,0.20213916986767025,-0.016875320459286924
608331,FC,SI,ST,0.5088589231032848,0.24266206654429992,-0.021421009121286607
608331,FF,SI,ST,0.5628702308028307,0.35796575204514575,-0.013305069560172866
608372,CU,FC,FF,0.13799494571209112,-0.2972312720843033,0.012847922361728398
608372,CU,FC,FS,0.3163493546668786,-0.20157383904905124,0.00450948425442061
608372,CU,FC,SI,0.22897568110075728,-0.19034998174533838,0.007938927002696078
608372,CU,FC,SL,0.2567428939885886,-0.2775432243441005,0.014585929844636778
608372,CU,FC,ST,0.12845824876647594,-0.44104405176140427,0.017013743959710968
608372,CU,FF,FS,0.3260256983706857,-0.05758307735024392,0.0011046394826018375
608372,CU,FF,SI,0.2404138177607427,-0.1666967853255168,0.0037781025556842722
608372,CU,FF,SL,0.26978111891522844,-0.12926769138011057,0.008389953648002244
608372,CU,FF,ST,0.09374254703703037,-0.35363166034624677,0.010068684836876085
608372,CU,FS,SI,0.347900950637686,-0.038777827989543205,-0.0026447282143839896
608372,CU,FS,SL,0.3303831036018255,-0.26739413338089657,4.79655678904318e-05
608372,CU,FS,ST,0.3026131777716395,-0.3027873469856213,0.0018104289959960003
608372,CU,SI,SL,0.26675281248438626,-0.14220242497436747,0.002861360788123386
608372,CU,SI,ST,0.23230551451729145,-0.18610605592068105,0.0056832372101793364
608372,CU,SL,ST,0.2567970141552152,-0.4230225797646176,0.010868988764791478
608372,FC,FF,FS,0.27939543183792126,-0.4489264482935889,0.0077960729633789905
608372,FC,FF,SI,0.1616820044531645,-0.6826606211794042,0.009875291781297948
608372,FC,FF,SL,0.19858865348334917,-0.4900741756219846,0.015244194467714061
608372,FC,FF,ST,0.09298252030632309,-0.5085674336099504,0.016774277567853952
608372,FC,FS,SI,0.25897399969085977,-0.4840289981611909,0.004023789602005509
608372,FC,FS,SL,0.24899550053069822,-0.5574879519405308,0.008010855020783062
608372,FC,FS,ST,0.29165801340168424,-0.3870104545670853,0.009510513934331907
608372,FC,SI,SL,0.15326366263844515,-0.556916708444544,0.010365910233072624
608372,FC,SI,ST,0.18924880337252237,-0.3949496284126874,0.012941484864927877
608372,FC,SL,ST,0.22127965088614507,-0.4767088006446105,0.019279615456130876
608372,FF,FS,SI,0.3113012375873133,-0.4082619897341934,0.0014596729274576822
608372,FF,FS,SL,0.3029228266938062,-0.3570986069693649,0.004507333111313929
608372,FF,FS,ST,0.2978314129087068,-0.24748425114475195,0.005715153258010103
608372,FF,SI,SL,0.20895278175773155,-0.4768649287523639,0.006257185995284441
608372,FF,SI,ST,0.19718399583572332,-0.37576099026933973,0.008085274189083402
608372,FF,SL,ST,0.23081493161600042,-0.3328978259570945,0.012642109918860321
608372,FS,SI,SL,0.18849235272723633,-0.5120171807701885,0.00046422067834466906
608372,FS,SI,ST,0.32499221285324026,-0.221942486925753,0.002211780853234786
608372,FS,SL,ST,0.31173800044317107,-0.44512472195026737,0.005423553788702296
608372,SI,SL,ST,0.23307217286269136,-0.33909604469305316,0.008132724297683953
608379,CH,CU,FC,0.3280461618195179,0.09210175150173767,-0.00014683785904940141
608379,CH,CU,FF,0.307698275026269,0.18968522602249957,-0.003024115781653755
608379,CH,CU,SI,0.3884820115233694,0.29912952671508125,-0.004440872267853238
608379,CH,CU,SL,0.4809197832770022,0.09044024745498576,-0.0024615978368474284
608379,CH,FC,FF,0.15438794760114008,-0.27673522316788685,-0.0043135355032433795
608379,CH,FC,SI,0.1706623040522148,-0.2495091567420857,-0.0053249813227569075
608379,CH,FC,SL,0.2572360254067485,-0.2691708877597853,-0.00369375593159824
608379,CH,FF,SI,0.17430732703628526,-0.24486351678401627,-0.006765958210242633
608379,CH,FF,SL,0.26359310900326965,-0.13755150233696503,-0.005605974068905695
608379,CH,SI,SL,0.23518678951846217,-0.16727167037619026,-0.007603682131069031
608379,CU,FC,FF,0.3698233148466805,0.2688645806240068,0.0016578013871457258
608379,CU,FC,SI,0.41341863176267407,0.3309116471322066,0.0032120484019384672
608379,CU,FC,SL,0.4994250769597714,0.3105269135996358,0.0074703708726055525
608379,CU,FF,SI,0.38778005486197165,0.29823487174876867,-0.0008569028754491488
608379,CU,FF,SL,0.47649856067151974,0.4048238836809486,0.001531889863318149
608379,CU,SI,SL,0.47541320165163103,0.4099247157241221,0.004041509964598785
608379,FC,FF,SI,0.18928597056320126,-0.6491357127555093,-0.0015641663079088211
608379,FC,FF,SL,0.2721404259736502,-0.3535191525809334,0.0005457135344056238
608379,FC,SI,SL,0.2065456869077359,-0.43063655480454055,0.0031942622564847933
608379,FF,SI,SL,0.2076120803968036,-0.4292774192859201,-0.0017184727438722149
608566,FF,KC,SI,0.10472095233237337,-0.5072433148333586,0.014526021165193567
608566,FF,KC,SL,0.16125527625897873,-0.4351894168514625,0.01546422116520715
608566,FF,SI,SL,0.19068255607225712,-0.5118579208179107,0.009036090852464356
608566,KC,SI,SL,0.16057053324654488,-0.45356915238779577,0.01261278724087206
608718,CH,FF,SI,0.3210030803495972,-0.022462442068355643,0.0007989699344371541
608718,CH,FF,SL,0.245908036600468,-0.16826028597779655,0.0104139625951565
608718,CH,SI,SL,0.30661264547094075,-0.04080328095426768,-0.0029533469428215226
608718,FF,SI,SL,0.22228975288672462,-0.2041027977437444,0.0011836992654305706
615698,FC,FF,FS,0.3042840312218626,-0.2760521958183957,0.002170182486589227
615698,FC,FF,SI,0.23339508934733907,-0.5175240891705535,-0.01176771423730617
615698,FC,FS,SI,0.16151692861120923,-0.44730649274462375,-0.006616379902441894
615698,FF,FS,SI,0.30337743058949695,-0.26650301925701075,-0.011983229434224259
621111,CH,FC,FF,0.25873521669762733,-0.502645457449734,0.002760114635292186
621111,CH,FC,KC,0.28252185740285457,-0.04763335973592786,0.006403864720438621
621111,CH,FC,SI,0.3060158987238845,-0.43801413121988403,-0.006212351826574128
621111,CH,FC,SL,0.3249876402503542,-0.46963552006946596,-0.009405696039753862
621111,CH,FC,ST,0.27444292678167065,-0.3055020447400847,0.0031052656318260275
621111,CH,FF,KC,0.3038996596580112,0.09688630248805519,0.020758144448788034
621111,CH,FF,SI,0.30817766678249003,-0.435258923333123,0.003562914585283638
621111,CH,FF,SL,0.32011506852100474,-0.3585723783748829,0.002415640603079892
621111,CH,FF,ST,0.28725380880931417,-0.17190105905132733,0.016830948008382196
621111,CH,KC,SI,0.3682873626888379,0.1833207999707823,0.0071209766517560166
621111,CH,KC,SL,0.3795996599552496,0.005389757584962092,0.005984120068919094
621111,CH,KC,ST,0.3454718035099182,-0.038106740044426955,0.028807330246384343
621111,CH,SI,SL,0.26565976839098154,-0.42360518483888604,-0.006235751196043484
621111,CH,SI,ST,0.2301370131055516,-0.24032598409445138,0.006561669054549976
621111,CH,SL,ST,0.26520517308253255,-0.38797980037526897,0.005763294384103082
621111,FC,FF,KC,0.12250073744513312,-0.13430951851656428,0.0010380227896941928
621111,FC,FF,SI,0.20312349246199457,-0.6398562360254442,-0.008826036251111188
621111,FC,FF,SL,0.2008521851654603,-0.5105748263299225,-0.011166250529800498
621111,FC,FF,ST,0.19899500936184075,-0.28438830732281706,-0.002113067449764981
621111,FC,KC,SI,0.24826614032131725,0.030351836843905522,-0.008282345973018176
621111,FC,KC,SL,0.24536972855268,-0.09498434080463308,-0.011210822671530892
621111,FC,KC,ST,0.24224595601541962,-0.09896563875047237,0.0006533606606356059
621111,FC,SI,SL,0.2077745848807945,-0.4973807749161829,-0.01892103342144881
621111,FC,SI,ST,0.20325591350343564,-0.27458637448819845,-0.010780507197953365
621111,FC,SL,ST,0.22411536444536762,-0.36964532603173444,-0.014165370958753195
621111,FF,KC,SI,0.2244213449617923,-3.873534131959566e-05,0.0005924834917270701
621111,FF,KC,SL,0.21449059340519996,-0.017066979182036295,-0.0007414593209933832
621111,FF,KC,ST,0.22905027462493263,0.0014895668662988082,0.013071517793583756
621111,FF,SI,SL,0.15767941553676343,-0.5612278676308081,-0.011442689165572475
621111,FF,SI,ST,0.17084419791639757,-0.3158956232086492,-0.0018306925310387575
621111,FF,SL,ST,0.1846693090703745,-0.3026466409443634,-0.0038489469518274465
621111,KC,SI,SL,0.23852001412510374,0.0179302434845805,-0.01087221563395488
621111,KC,SI,ST,0.2504181997710971,0.03309467095379457,0.0017819082473901787
621111,KC,SL,ST,0.263618206452971,-0.20827393412597975,6.954719681463088e-05
621111,SI,SL,ST,0.08719423105568902,-0.4225088408035978,-0.014574295520504463
621112,CH,CU,FC,0.29382787093893614,-0.11950943554814825,-0.018546099809930106
621112,CH,CU,SI,0.31518218272318327,0.006295375786344722,-0.02848414314363419
621112,CH,FC,SI,0.32001765326172277,-0.3466480210650558,-0.02166945882863257
621112,CU,FC,SI,0.30034256144884486,-0.012617958328684046,-0.01065475257661647
621121,CH,FC,KC,0.28650073163192064,-0.2817327886648431,0.007258549327609388
621121,CH,FC,SI,0.4379887423409367,-0.2111211461907713,0.0025311798740453345
621121,CH,FC,ST,0.2964282338429573,-0.31343097305303586,0.004830096439792917
621121,CH,KC,SI,0.32724820168994845,-0.16858209962955217,0.007232820918848828
621121,CH,KC,ST,0.11478691041901386,-0.6904076413411134,0.011496919683444132
621121,CH,SI,ST,0.3259055414419219,-0.21464428591363702,0.008580788592389083
621121,FC,KC,SI,0.3654711993165829,-0.11986627921703151,0.00274553313857247
621121,FC,KC,ST,0.22050685210689824,-0.3658430412062681,0.004387867052278736
621121,FC,SI,ST,0.3459587874125369,-0.189086103927621,0.0025915980488606946
621121,KC,SI,ST,0.246735562290878,-0.27119674331124144,0.008471566164157729
621383,FF,SL,ST,0.2483051901298491,-0.2299179892919343,0.024783312659828624
622491,CH,FF,SI,0.4063026190948407,-0.1985962533485388,0.0030069869635678346
622491,CH,FF,SL,0.4058699054139767,-0.13644502823646504,0.00659618364063521
622491,CH,SI,SL,0.20253661180556048,-0.390415905712249,0.0039221031228149975
622491,FF,SI,SL,0.364798652587123,-0.18361034546556784,0.004468439170574413
622554,FF,SI,ST,0.19595101501183224,-0.28825806048845,0.00743586234163753
622608,FC,FF,SI,0.23405536424911114,-0.5427707720558054,-0.0041618305232110926
622663,FC,FF,SI,0.13458027728341151,-0.7684758435709554,0.008520434561533684
622663,FC,FF,ST,0.24933171816711774,-0.2185915722826293,0.007976664641260157
622663,FC,SI,ST,0.2330650527695981,-0.24977338205149655,0.009976662590912701
622663,FF,SI,ST,0.23051903400878504,-0.24256863844282486,0.007740383563776345
623454,CH,CU,FF,0.36388264455177505,0.14103733252690773,-0.0025232453965873844
623474,SI,SL,ST,0.14981685826996013,-0.23465070763947152,0.009345893895487492
624133,CH,CU,FC,0.4361415971079146,0.17771705058182583,-0.011781789191742578
624133,CH,CU,FF,0.2731900841818724,0.10916967646878077,-0.010695994489241262
624133,CH,CU,SI,0.24702827668731078,0.0016195817569010968,-0.002240339538977424
624133,CH,FC,FF,0.4241118403434084,0.004110407149281144,-0.008085371547467312
624133,CH,FC,SI,0.4203492627579834,-0.07489151161127292,-0.0004170331273425985
624133,CH,FF,SI,0.20442659453449843,-0.27588194422637,-0.003965896151569714
624133,CU,FC,FF,0.3031735023863467,0.14738402142598667,-0.013656005180756197
624133,CU,FC,SI,0.305446913257766,0.07607506627200174,-0.005952059189100205
624133,CU,FF,SI,0.1427465121943878,-0.05708273756171819,-0.008323772234869976
624133,FC,FF,SI,0.25729994324389804,-0.55331521023832,-0.006778334896564927
625643,CU,FF,SL,0.567734863504675,0.6238136504173777,-0.001398236211179541
628452,CH,FF,SI,0.21292087782531088,-0.5153161217069934,-0.006143722801337324
640448,FF,FS,SL,0.3512936137274905,-0.17359217409126912,0.0073293264547718935
640455,FC,FF,SI,0.1520272994300593,-0.5506412910689916,-0.004303985494385081
640455,FC,FF,ST,0.16929504202089596,-0.0700993679973043,0.005359098536297207
640455,FC,SI,ST,0.21315407971891512,-0.04369532256744446,0.010011993731036539
640455,FF,SI,ST,0.1929027365654983,-0.04001098458419635,0.0004911541351494127
641302,CH,FC,FF,0.3646297728373446,-0.2501126185334635,-0.009294461027457837
641302,CH,FC,SI,0.3494329942225238,-0.29504170261204626,0.0032136122898657983
641302,CH,FC,ST,0.3333395507636419,-0.19778699046319967,-0.001355791168283169
641302,CH,FF,SI,0.3802746252416336,-0.23017300449396552,-0.003955184559620045
641302,CH,FF,ST,0.3635339555247165,-0.0329002339436445,-0.009296643232247903
641302,CH,SI,ST,0.2752365472546336,-0.1709972370094722,0.002276925828783925
641302,FC,FF,SI,0.13791298359082146,-0.718209218969231,-0.007090964356280167
641302,FC,FF,ST,0.15842829545246498,-0.29431067064651545,-0.011254791112423756
641302,FC,SI,ST,0.1588151648254278,-0.3193781466910962,-0.00029464630498971705
641302,FF,SI,ST,0.18958628734696106,-0.2545993127783049,-0.009680712887650135
641743,CH,FC,FF,0.5551543807380376,0.05864821930762335,-0.004993647967967379
641743,CH,FC,SI,0.5495982879188953,0.02232241452586739,-0.006070258105765932
641743,CH,FC,SL,0.5630950327666935,-0.07647494502194375,-0.003394965120977565
641743,CH,FC,ST,0.5904236292207233,0.12723359341410528,0.0030418207056854014
641743,CH,FF,SI,0.4859111842538409,-0.029603339548725256,-0.0032154376247819846
641743,CH,FF,SL,0.5129422041063999,0.0048481265965398535,0.0005358270284687495
641743,CH,FF,ST,0.5206119464186093,0.183501141725816,0.004862760357287059
641743,CH,SI,SL,0.30486715445392726,-0.28959132033317864,-0.0019482309074012128
641743,CH,SI,ST,0.3236363795632908,-0.09679183726070689,0.002750020504425255
641743,CH,SL,ST,0.3886861144140152,-0.3430096258021831,0.007886245481463227
641743,FC,FF,SI,0.3222336713583209,-0.464449414919043,-0.004908786830186225
641743,FC,FF,SL,0.38720617677553465,-0.168515382575442,-0.0034806660420741314
641743,FC,FF,ST,0.3419241168688176,-0.04423934841787208,0.0014328320572833866
641743,FC,SI,SL,0.41868525774608606,-0.1576392673793672,-0.004562001775812268
641743,FC,SI,ST,0.3845026806365232,-0.019216765278601694,0.00010404805014614573
641743,FC,SL,ST,0.4874939010519024,-0.003951987621741954,0.0027445794001609474
641743,FF,SI,SL,0.3650330700733447,-0.19677536089118908,-0.0015543389234331769
641743,FF,SI,ST,0.3111916388219613,-0.08340838209719646,0.00204800507477311
641743,FF,SL,ST,0.42771713424210117,0.06510522125273954,0.004922421472356616
641743,SI,SL,ST,0.2677767411764765,-0.16798583775595258,0.003756036315351781
641745,FF,SI,SL,0.18128945384954845,-0.4081387294482854,-0.002198877352476916
641755,CU,FF,SL,0.2851635934352568,-0.17853750155595116,0.0035919330472890107
641778,CH,CU,FC,0.4490580199050131,0.14091870741221513,0.0021775999733365486
641778,CH,CU,FF,0.3957774011797977,0.1952891858820122,0.014702657151394235
641778,CH,CU,SL,0.47162542144674635,0.020372668001645427,0.01652268180764165
641778,CH,FC,FF,0.39737697139119005,-0.242335701948474,0.008265036236405406
641778,CH,FC,SL,0.4235958576289245,-0.24561602025848606,0.006426307049560341
641778,CH,FF,SL,0.43435861686535243,-0.10962123461460753,0.01510492283686811
641778,CU,FC,FF,0.1913761092547075,-0.06522352237745958,0.007737085567695641
641778,CU,FC,SL,0.3667714795053134,0.03604319859848223,0.006639372146598002
641778,CU,FF,SL,0.3478356114548349,0.13418660985410058,0.01393138537546459
641778,FC,FF,SL,0.2728219102926515,-0.31550234483768985,0.007863943134281398
641793,FF,FS,SI,0.26352849221583824,-0.34942100116438174,0.016281610992482758
641793,FF,FS,SL,0.2880737085008986,-0.31813773133270673,0.008574047459137124
641793,FF,FS,ST,0.2580113621516093,-0.13572584096535364,0.01369144725522613
641793,FF,SI,SL,0.196982638807492,-0.6527973613108395,0.012302253973245914
641793,FF,SI,ST,0.14734634380813857,-0.27677017276344856,0.021039144794497755
641793,FF,SL,ST,0.12422611772798531,-0.306237269839916,0.009004070863444583
641793,FS,SI,SL,0.2924511869215174,-0.3187064974631223,0.0028076323830972306
641793,FS,SI,ST,0.20543838514522447,-0.20887887131527486,0.008205389553371002
641793,FS,SL,ST,0.2921012590827074,-0.208807868661929,-0.0014079904936295665
641793,SI,SL,ST,0.19356675223960415,-0.22400945689317245,0.0034993756782704575
641816,FC,FF,FS,0.2987742541619663,-0.3839892662431285,-0.00320211847940713
641816,FC,FF,SL,0.2976944713620655,-0.3303405223977422,-0.0006053933653470322
641816,FC,FS,SL,0.231219096460484,-0.583325431103598,0.006359784957172262
641816,FF,FS,SL,0.3145914749793414,-0.30880502165628965,0.0018909268236136536
641927,CH,FF,SL,0.2440589778940074,-0.4595529509254142,0.003700526166848226
641927,CH,FF,ST,0.16968315112929314,-0.20079464226593266,0.0003772906191581303
641927,CH,SL,ST,0.17004889706627271,-0.43729172780216774,-0.0019755806210284793
641927,FF,SL,ST,0.18857850174759525,-0.17671221638336942,-0.009545702781578553
642100,FF,SI,SL,0.2674366384691674,-0.24307014511148126,-0.004068917315672595
642232,CH,FC,FF,0.5305417516423502,0.11868422164969283,-0.007203363018180708
642232,CH,FC,SI,0.3213125732430742,-0.15451851213745613,-0.008436483380382918
642232,CH,FC,ST,0.36335565820739935,0.1720876164286023,-0.006987742453814951
642232,CH,FF,SI,0.45688500606741284,0.024807524048691132,-0.0023218124114874296
642232,CH,FF,ST,0.5721758877770163,0.5179700746111601,-0.0009945398298111018
642232,CH,SI,ST,0.3493796889134139,0.2274759567486665,-0.003530315353572488
642232,FC,FF,SI,0.3585968228725948,-0.48360990672605203,-0.0058215817916248205
642232,FC,FF,ST,0.5781836491312975,0.5256270623250829,-0.004237687310735378
642232,FC,SI,ST,0.34889301107499343,0.2268556780775158,-0.006982575268038324
642232,FF,SI,ST,0.5432729464887324,0.4811328147251765,0.008563115703111203
642397,FF,SI,SL,0.114104593641897,-0.3118856616239191,-0.004228882742330018
642397,FF,SI,ST,0.15713466536865117,-0.21115263272619356,0.0038569916435882766
642397,FF,SL,ST,0.15818771580033697,-0.20981050314712604,-0.0038069801212876585
642397,SI,SL,ST,0.1280589273019319,-0.270933886287258,-0.009385641331485067
642528,CH,CU,FF,0.37756893569556943,-0.2424799436513568,-0.006439247099555552
642528,CH,CU,SI,0.27172073508508504,-0.37566775799609603,-0.011565054755516104
642528,CH,FF,SI,0.2763432945113677,-0.41515974153938595,-0.014623251394763054
642528,CU,FF,SI,0.29950735758796504,-0.3402532642155884,-0.010393778097732705
642547,CH,CU,FF,0.35179544440559357,0.05635281738076944,0.005271673610848243
642547,CH,CU,SL,0.3335080449156247,-0.2403435651883181,0.008388244696764793
642547,CH,CU,ST,0.24306203899867626,-0.35561844300715134,0.005869978910084164
642547,CH,FF,SL,0.4162560476297039,-0.04714299224704214,0.004526989567507396
642547,CH,FF,ST,0.32006249669856296,-0.1039835937256665,0.003931470781758492
642547,CH,SL,ST,0.22368207045347788,-0.5002107850511416,0.004612374563596642
642547,CU,FF,SL,0.4416223074244892,0.17083858769616064,0.004560112013316712
642547,CU,FF,ST,0.2736234360716819,-0.04327865465812895,0.003844252630193639
642547,CU,SL,ST,0.3316042338978602,-0.4120982584282081,0.004477786365535094
642547,FF,SL,ST,0.3785689790714463,-0.029416148333585912,0.0033494872200318425
642701,CH,FF,SL,0.33299033992430255,-0.28064839610666537,0.012608176350195842
643377,CH,CU,FF,0.3101129760790722,-0.18431823514086884,0.0041243415308410735
643377,CH,CU,SI,0.17474718661033536,-0.37960524011108626,-0.005707503185879132
643377,CH,CU,ST,0.11418846744810111,-0.6177887204445657,-0.006668445603763253
643377,CH,FF,SI,0.331415370667199,-0.41422927206665894,-7.334139899501825e-05
643377,CH,FF,ST,0.3142951589510981,-0.29892815452796034,-0.0016194889379539516
643377,CH,SI,ST,0.15430440371609208,-0.5256000713162431,-0.005159157928342711
643377,CU,FF,SI,0.2617813108969578,-0.24591771366029547,0.0014671303151742071
643377,CU,FF,ST,0.2503923979957166,-0.26043306488968454,-0.0008284161404796286
643377,CU,SI,ST,0.11160856594153006,-0.46007641967792584,-0.004569947228541044
643377,FF,SI,ST,0.2512434871915326,-0.37928851632250055,-0.0006037398590200005
643410,CU,FS,SI,0.5371952055701176,0.5843368952710747,-0.01819562503165082
645261,CH,FC,FF,0.22343284888474035,-0.48307946904645505,-0.0027182328655559742
645261,CH,FC,SI,0.19257188650154114,-0.5226555048605946,-0.012122820167005784
645261,CH,FC,SL,0.15890415838859567,-0.5476710051383444,-0.009273923347747346
645261,CH,FC,ST,0.19925019516210649,-0.46755489581846205,-0.0075156640164837155
645261,CH,FF,SI,0.22815990466759148,-0.49775548202119485,-0.0048359983588191335
645261,CH,FF,SL,0.2202053701056282,-0.23770553083664636,0.0007530786800323446
645261,CH,FF,ST,0.2651870437866084,-0.15168122830575917,0.0017589876124815735
645261,CH,SI,SL,0.16217390527166806,-0.3119108055932307,-0.010207097976226832
645261,CH,SI,ST,0.24004955661399605,-0.18396260363256509,-0.008882204991933117
645261,CH,SL,ST,0.19269311238930245,-0.475912002446001,-0.003807860607325898
645261,FC,FF,SI,0.11243996196121886,-0.6245416745817352,-0.010743892252532444
645261,FC,FF,SL,0.13663552525271802,-0.3442166316541219,-0.007111705970442941
645261,FC,FF,ST,0.15729005017722456,-0.2891976684099481,-0.005606164441474165
645261,FC,SI,SL,0.10500374303189665,-0.3847750896515452,-0.018686363311858318
645261,FC,SI,ST,0.15855224561775103,-0.28783222697759303,-0.016624606155390437
645261,FC,SL,ST,0.14334589924651986,-0.5595065340479642,-0.015523506302662159
645261,FF,SI,SL,0.13402846522234743,-0.34753937126457285,-0.00813798205167066
645261,FF,SI,ST,0.19221260471567114,-0.24468831537961597,-0.006971566788444183
645261,FF,SL,ST,0.20271945189542215,-0.23129717098768884,-0.0002779985828108471
645261,SI,SL,ST,0.17681114488518765,-0.2645609684977785,-0.01432744560866654
646241,CH,FC,FF,0.32633634766262787,-0.2711043038582521,-0.005439883330837997
647336,CH,FC,FF,0.32339146853916584,-0.2868631940638801,-0.007047394452872557
647336,CH,FC,SI,0.325729465398594,-0.30579148019198116,-0.015807733483382942
647336,CH,FC,SV,0.3271167692338231,-0.197933056703683,-0.008658215755603828
647336,CH,FF,SI,0.25114966995937077,-0.3789365191407825,-0.01724181644364328
647336,CH,FF,SV,0.24902118099288795,-0.137278931415138,-0.010692915406148898
647336,CH,SI,SV,0.1615631452116598,-0.27065369404959333,-0.017074966889542062
647336,FC,FF,SI,0.25388390112232756,-0.5366177411176412,-0.015332067027538188
647336,FC,FF,SV,0.1922315757028625,-0.20965818956832452,-0.010101722790041734
647336,FC,SI,SV,0.2515622655190386,-0.15594837907126222,-0.014130412134643989
647336,FF,SI,SV,0.16451902574039676,-0.24497827671407357,-0.016660082159514464
650633,CH,FF,SI,0.42469673727855545,-0.17688847762627405,-0.0012399758217373174
650633,CH,FF,SL,0.45411346382977524,-0.07136280929249056,-0.007998503581585326
650633,CH,FF,ST,0.4117337731999154,0.01656537284170591,-0.009355921653061833
650633,CH,SI,SL,0.3141145629859185,-0.29872072170763414,-0.003910386773566266
650633,CH,SI,ST,0.3528696441529339,-0.10738497822316788,-0.006492768726033083
650633,CH,SL,ST,0.3310813598689652,-0.38844119173779235,-0.014639999033982522
650633,FF,SI,SL,0.3206109637630886,-0.24151387597228835,0.0027879241638872803
650633,FF,SI,ST,0.31840115361223403,-0.10238854016315273,-0.0006252348612372195
650633,FF,SL,ST,0.4070954253187941,0.01065372445152187,-0.005777523744479273
650633,SI,SL,ST,0.3169457591458373,-0.1531705429143654,-0.004572205016353947
650644,CU,FC,FF,0.052367732540377555,-0.27757746237173875,-0.001106281888747838
650644,CU,FC,SI,0.16834038494174153,-0.11697380569596105,0.0006797741103208709
650644,CU,FF,SI,0.17064936647216863,-0.11403097189022804,0.01625754794245252
650644,FC,FF,SI,0.13488893648183256,-0.7279738007441194,0.008284599250228874
650911,CH,SI,SL,0.2254665639470079,-0.37893614119402924,-0.01801398606995653
656271,CH,FF,SI,0.3125831552041074,-0.2807955322234714,-0.003605801177914031
656271,CH,FF,SL,0.2839084245950378,-0.2854525152638478,-0.0017800169765741158
656271,CH,SI,SL,0.3006169676631239,-0.35670972988656374,-0.0027174422394069114
656271,FF,SI,SL,0.1272558396047998,-0.4851087345924916,-0.004547536109958448
656288,CH,FF,SI,0.2582175267061934,-0.5295118119707781,0.008513004447324526
656288,CH,FF,SL,0.24054345217732073,-0.46151434008270104,0.008992660931065318
656288,CH,SI,SL,0.252836664590707,-0.4788079306500744,0.010425490864326337
656288,FF,SI,SL,0.14760336830384477,-0.5799679600559791,0.0041907005440970325
656302,CH,FF,KC,0.1571579306510897,-0.20526787234170896,-0.0071478403922482815
656302,CH,FF,SI,0.20122739805488532,-0.17070236550911785,-0.009355574929994606
656302,CH,FF,SL,0.3352878646325525,0.00015983839258601937,-0.0197289259901082
656302,CH,KC,SI,0.20932777865777494,-0.17490636368038018,-0.0007613242031334452
656302,CH,KC,SL,0.3382536978566926,-0.2676197916711443,-0.02098561513595156
656302,CH,SI,SL,0.29103335404740144,-0.09237303664767023,-0.02286253697885108
656302,FF,KC,SI,0.1431292767271678,-0.2231476156277501,-0.007094348929973588
656302,FF,KC,SL,0.315049644392182,-0.004032363646902244,-0.017844758903523966
656302,FF,SI,SL,0.2836242554226594,-0.36574001924466654,-0.019613172226928967
656302,KC,SI,SL,0.3124733687165784,-0.043445663221168655,-0.019919351291754178
656427,FF,KC,SL,0.2016714634437474,-0.08903796002063992,0.002658747573540709
656492,CH,CU,FC,0.29716179576917384,-0.10259214295770115,0.0012869681211346625
656492,CH,CU,FF,0.3065948020101407,0.021589530789449234,0.008100371088603684
656492,CH,CU,FS,0.40664455826138424,-0.2532478923406755,0.025926562711732326
656492,CH,CU,SI,0.2821142820998654,-0.01947824713702373,0.009658644366064631
656492,CH,CU,ST,0.2749939114670576,-0.421038742474198,0.007049638139222302
656492,CH,FC,FF,0.2378207218708522,-0.3149262840984174,-0.010131489430358836
656492,CH,FC,FS,0.3577139238739219,-0.18055767256155184,-0.009714223051296052
656492,CH,FC,SI,0.23545483507975962,-0.3278086092237687,-0.010565446890721345
656492,CH,FC,ST,0.24729592107161383,-0.28278218569962804,-0.009787485070561895
656492,CH,FF,FS,0.3079696384236373,-0.1317984013870748,-0.005193189723694825
656492,CH,FF,SI,0.1896174347175923,-0.376362142771497,-0.0052468160506897255
656492,CH,FF,ST,0.2189440383033594,-0.20675795594105706,-0.003493863827921563
656492,CH,FS,SI,0.14467127505477106,-0.34979173596507,-0.004582848724536542
656492,CH,FS,ST,0.2343294047751281,-0.5895014948635896,-0.0034924969083482416
656492,CH,SI,ST,0.11373075318341569,-0.35072093140744887,-0.005524751609504126
656492,CU,FC,FF,0.16619486407363487,-0.1573524305201955,-0.0012446445008873028
656492,CU,FC,FS,0.42891285895068854,0.0653266894636709,0.0013963061309534598
656492,CU,FC,SI,0.30110769349838534,0.004729158774716431,-0.001986306975928228
656492,CU,FC,ST,0.2298511700402153,-0.18838060954780989,-0.0020268820876918592
656492,CU,FF,FS,0.4319054392225328,0.18129993754110654,0.011250967748305645
656492,CU,FF,SI,0.308007158858347,0.023389602129946785,0.0070068606135228195
656492,CU,FF,ST,0.25423615299408986,-0.045142402886280276,0.007510465361026006
656492,CU,FS,SI,0.40588579206950975,0.13827051738337462,0.011460352478476541
656492,CU,FS,ST,0.4124463123398425,-0.3395754333618119,0.010573912362987627
656492,CU,SI,ST,0.2863015840899892,-0.014141463932408746,0.005821581597448016
656492,FC,FF,FS,0.3572998809375479,-0.06892622012363575,-0.008627516509307724
656492,FC,FF,SI,0.23567278794071855,-0.6078571374006643,-0.009139571892187134
656492,FC,FF,ST,0.20086323870112346,-0.22980222355557642,-0.007892351267222184
656492,FC,FS,SI,0.3533948669037075,-0.08377018748024612,-0.009899464591474722
656492,FC,FS,ST,0.37891684379870233,-0.11502921936411765,-0.008739147820510964
656492,FC,SI,ST,0.2550433029162056,-0.17061583180058326,-0.009864205926172508
656492,FF,FS,SI,0.3011170405724176,-0.1405321466976891,-0.0016049455944019712
656492,FF,FS,ST,0.34412453506132534,-0.047213415275261385,0.000579001799642675
656492,FF,SI,ST,0.22415787926694594,-0.20011283243393227,-0.0013211281394644994
656492,FS,SI,ST,0.23737212269863384,-0.19313803297291218,-0.002361840860936524
656529,FF,SI,SL,0.21374566600783,-0.4992670552115312,-0.008390510120560265
656546,FF,FS,SL,0.27315853636034587,-0.3262327948946554,0.0015713884046909357
656550,CH,CU,FC,0.246205770273074,-0.307177657078846,0.004773724007371659
656550,CH,CU,FF,0.26034274174547894,-0.22988751529708473,-0.003092077888692108
656550,CH,CU,SI,0.1432825900208384,-0.42935157997538137,-0.0008415198661194205
656550,CH,CU,SL,0.2000420359532764,-0.4923366852504998,-0.000730952508567897
656550,CH,FC,FF,0.25104513841178117,-0.5148290300084395,-0.0029318408806866584
656550,CH,FC,SI,0.23672368111110842,-0.5833509892070947,0.00016518206470360688
656550,CH,FC,SL,0.26574128165453903,-0.3933476737068182,-0.0003551622934310321
656550,CH,FF,SI,0.24911262365186593,-0.5172920509077469,-0.0025784907952120647
656550,CH,FF,SL,0.27492640196466706,-0.3223687452497524,-0.0028565739491659
656550,CH,SI,SL,0.13796002560309928,-0.5472036108782107,-0.0036624727902543385
656550,CU,FC,FF,0.13510736995244824,-0.3895019950707301,0.0015957082660878873
656550,CU,FC,SI,0.18168409530322907,-0.3804082487070921,0.007135563275952722
656550,CU,FC,SL,0.2159815222255893,-0.34569894351397235,0.003702796711334805
656550,CU,FF,SI,0.19569547595829748,-0.31228148714125803,0.0014668832698639842
656550,CU,FF,SL,0.22678908065002823,-0.2726521917904204,-1.8397025388061303e-05
656550,CU,SI,SL,0.150720886939914,-0.4198713518565855,0.00025450290493480654
656550,FC,FF,SI,0.18010330730662805,-0.731568137925548,0.0019489238713301907
656550,FC,FF,SL,0.18345506660935143,-0.43895042179931526,0.00027306756947940037
656550,FC,SI,SL,0.210125567323205,-0.4552274763858389,0.0009301606329475717
656550,FF,SI,SL,0.21918509681599643,-0.3934119281447002,-0.0010108896814523217
656605,CH,CU,FC,0.3293997677425778,0.029021712165135428,0.023035032487421135
656605,CH,CU,FF,0.30890664620653113,0.11522214930791978,-0.005669560281887937
656605,CH,CU,SI,0.2649127388311991,0.022362857442776368,0.01393915274656355
656605,CH,CU,SL,0.3213886552906368,-0.03856916701844285,0.006398373515627949
656605,CH,CU,ST,0.23369528123759964,-0.1503357716020383,0.01571697305847957
656605,CH,FC,FF,0.26130308493544013,-0.5176502355731527,-0.004494527513704941
656605,CH,FC,SI,0.2685472914481696,-0.5452057336639492,0.017232321534165092
656605,CH,FC,SL,0.31992417081262065,-0.4966499203939813,0.009038575989795114
656605,CH,FC,ST,0.27187061314503597,-0.2831315525471146,0.019834414222798802
656605,CH,FF,SI,0.23252175178242393,-0.5543325039501952,-0.0013729070915364863
656605,CH,FF,SL,0.28414974934040704,-0.4299257438687431,-0.008123712778320401
656605,CH,FF,ST,0.23772120469149208,-0.21433627099869623,-0.00013007217484665556
656605,CH,SI,SL,0.13419083042269156,-0.6578391338643883,0.009462035836074478
656605,CH,SI,ST,0.11098133365533713,-0.4126566139550474,0.019057193804556453
656605,CH,SL,ST,0.15622634102675836,-0.4879026112643802,0.013637494575885206
656605,CU,FC,FF,0.18030495947159345,-0.04868275257661869,-0.004450724844746511
656605,CU,FC,SI,0.29166545782494213,0.05645962470253907,0.015785345127978512
656605,CU,FC,SL,0.37245103184186096,0.08389123524333736,0.008897326801468257
656605,CU,FC,ST,0.28282419026681194,-0.03033960455006103,0.018555061686469924
656605,CU,FF,SI,0.2706151622395079,0.06641904196171373,-0.002239056204704332
656605,CU,FF,SL,0.3516518544499587,0.16970159931399628,-0.008633921302704392
656605,CU,FF,ST,0.2636500258935794,0.057541864543777944,-0.000984774155566295
656605,CU,SI,SL,0.3058092273728625,0.07448608468830527,0.007492419454135995
656605,CU,SI,ST,0.2410264466980437,-0.008080603042618891,0.017118593540952614
656605,CU,SL,ST,0.3156801487219327,-0.10445080308112144,0.01170241607491445
656605,FC,FF,SI,0.19920519645608772,-0.6541755738847501,-0.0005308290888082908
656605,FC,FF,SL,0.2751428515715519,-0.4414051788012805,-0.007104679492504404
656605,FC,FF,ST,0.22678083940062513,-0.22827994114103664,0.0010058331235564778
656605,FC,SI,SL,0.2805383383825171,-0.4713168996526245,0.011392733876573777
656605,FC,SI,ST,0.25539537409315094,-0.22859861495308653,0.021824283851224167
656605,FC,SL,ST,0.3249500390220532,-0.21548097726040194,0.01674473662408151
656605,FF,SI,SL,0.2442067428609159,-0.4808337430109959,-0.004780827691806036
656605,FF,SI,ST,0.22068879159021937,-0.23604435328827789,0.0021130552101395715
656605,FF,SL,ST,0.29049457471265366,-0.14707576878410905,-0.0028361782930145384
656605,SI,SL,ST,0.16190598397473455,-0.3477523345010078,0.015642133097485276
656638,CH,FC,SI,0.22431834716116925,-0.553845324559819,0.012506050975239574
656638,CH,FC,SL,0.20574420201851953,-0.577725473924782,-0.00036713405694228755
656638,CH,SI,SL,0.17620601587030746,-0.49579760386085514,0.005514070493964305
656638,FC,SI,SL,0.09023479182582249,-0.6053693007776172,0.003773496928223486
656641,CH,FF,SL,0.3362223999479574,-0.23431660068657414,-0.02067319948615619
656794,FF,SI,SV,0.4262005591691165,0.04783613376522983,-0.013142683050798642
656848,CH,FF,SL,0.3480593314077834,-0.18656795053034889,-0.012875688535038569
656849,CH,CU,FF,0.35366593441228006,-0.033891040477972166,0.023484510698046218
656849,CH,CU,SI,0.1970382901545417,-0.27327673449643003,0.010013676400735971
656849,CH,CU,SL,0.2680308238620633,-0.39192159325112846,0.003706578038599972
656849,CH,FF,SI,0.25984986847781194,-0.4010997417809679,0.008356478346590616
656849,CH,FF,SL,0.33453891964220306,-0.305907354233356,0.003240681073952168
656849,CH,SI,SL,0.10710152989385242,-0.6355411988147944,-0.0023147573901550985
656849,CU,FF,SI,0.3324494741905802,-0.06093175758880135,0.011954821784618676
656849,CU,FF,SL,0.4236298352786312,0.0552790676139574,0.007198368934016835
656849,CU,SI,SL,0.26824478944583235,-0.18252291488334935,0.00042206536553780256
656849,FF,SI,SL,0.33806118418776077,-0.340633411436374,0.001143616490731861
656876,CH,FC,FF,0.46772606850224824,-0.1869251880692051,-0.013360761119374223
656876,CH,FC,SI,0.24314931680717158,-0.49787309098462335,-0.018980071962007183
656876,CH,FF,SI,0.4700735012235702,-0.1839333476070978,-0.016641389885887047
656876,FC,FF,SI,0.2978147900657467,-0.43768469681923233,-0.014805704328179604
657277,CH,FC,FF,0.5461992156486833,-0.0671867501215188,-0.008405061850015615
657277,CH,FC,SI,0.46831615202125665,-0.1971251157423215,-0.014462742946671676
657277,CH,FC,ST,0.5363538620418234,-0.06553363970207693,-0.005636815838815887
657277,CH,FF,SI,0.5507985978032083,-0.06132476417167121,-0.01705665217227266
657277,CH,FF,ST,0.5913673325243293,0.09699888617310802,-0.00918346717900732
657277,CH,SI,ST,0.45846810537896215,-0.10305845776294509,-0.014674725538263576
657277,FC,FF,SI,0.208558327073605,-0.662157127341255,-0.018494507752132454
657277,FC,FF,ST,0.4307364291728711,-0.10772776339029023,-0.007541443338493675
657277,FC,SI,ST,0.3972373796044932,-0.18109799484202527,-0.01563203504231266
657277,FF,SI,ST,0.4611218011232107,-0.06900112196986637,-0.018344083498845927
657571,FC,FF,SI,0.1829492720784729,-0.6154007173310786,-0.0010036742599897524
657746,FF,FS,KC,0.4270665876910071,0.17002873388259807,-0.006321268286610682
657746,FF,FS,SI,0.3543179165102089,-0.35285133367768573,-0.00368339840881117
657746,FF,FS,SL,0.3887552334222504,-0.2504565562846864,-0.004878044233407323
657746,FF,FS,ST,0.42602345227185584,0.08852770154822232,-0.004781422741215201
657746,FF,KC,SI,0.2736472447439161,-0.025506666868111854,-0.0033438502262045037
657746,FF,KC,SL,0.3687798629306946,0.09574137307448598,-0.004389448160992355
657746,FF,KC,ST,0.13877031104103577,-0.19740947114954357,-0.00443467947983047
657746,FF,SI,SL,0.27661534140724314,-0.3933806381122156,-0.002107382424146203
657746,FF,SI,ST,0.27225894190914635,-0.10744762058164738,-0.002566876816239635
657746,FF,SL,ST,0.3673380814030256,0.013732259913472773,-0.0034779267125435165
657746,FS,KC,SI,0.38269301181731913,0.10688203559538263,-0.005826108992680001
657746,FS,KC,SL,0.42862372037403124,-0.043936526533028826,-0.009056677697446404
657746,FS,KC,ST,0.36333436097100935,-0.12714885693669684,-0.007229958372644137
657746,FS,SI,SL,0.2217532539824303,-0.4698951117400862,-0.0023915267078481062
657746,FS,SI,ST,0.38211704697097054,0.02597641961084356,-0.0029561199301966316
657746,FS,SL,ST,0.42799427683478336,-0.1249103019650456,-0.005014157013160081
657746,KC,SI,SL,0.33520441974698983,0.04635706721013052,0.0005404832897033997
657746,KC,SI,ST,0.22829044199626577,-0.08990650349587805,-0.0013626573412563131
657746,KC,SL,ST,0.3348629731348156,-0.22193996252216866,-0.0027743188222231065
657746,SI,SL,ST,0.33422980879212344,-0.035056629601046024,0.0009509823231232436
660271,CU,FF,FS,0.6779167120098538,0.9069654254116161,-0.013321263380705205
660271,CU,FF,ST,0.6787750840960932,0.9080594343328636,-0.020275304972865657
660271,CU,FS,ST,0.658581582255478,0.5450100034341472,-0.017397006538384416
660271,FF,FS,ST,0.169845390828493,-0.28626896995629986,-0.020658201380335577
660761,CH,FF,SL,0.2868152575533349,-0.2103237301961706,-0.0011233280107620642
660853,CH,FF,SL,0.3194680074062784,-0.23673029247304433,-0.00546975009882996
663362,FC,FF,KN,0.1210363049768672,-0.321299995478784,0.014411304977270452
663362,FC,FF,SI,0.2015699034842958,-0.6274303592622438,0.003329548350041077
663362,FC,KN,SI,0.14434963419240296,-0.3201270941006052,0.009255612535321114
663362,FF,KN,SI,0.20553192145357224,-0.21360898395392933,0.02530000206524481
663372,CH,CU,FF,0.2956476483452994,0.026986249441817545,0.018890905269136605
663372,CH,CU,SI,0.30043789729222864,-0.009885594088858288,0.000219681162380679
663372,CH,CU,SL,0.3014027571518951,-0.17668138087874632,0.010823792942806717
663372,CH,CU,ST,0.2962498654924114,-0.34970868458886617,0.014379631150129055
663372,CH,FF,SI,0.10099663625836143,-0.514200729165879,0.004309697928412922
663372,CH,FF,SL,0.13239810453409356,-0.47417905676454764,0.011922524638955443
663372,CH,FF,ST,0.09699588247971742,-0.3649715839967232,0.013880970253249993
663372,CH,SI,SL,0.12765596904074902,-0.5232000763758535,-2.400861731225877e-06
663372,CH,SI,ST,0.08514827486846126,-0.42304864120674307,-0.003751655720426146
663372,CH,SL,ST,0.12746347913121645,-0.5371427542133831,0.008262464679607819
663372,CU,FF,SI,0.27366766302415746,-0.0010275925920803324,0.015488172125051484
663372,CU,FF,SL,0.2125452022255858,-0.07892914423175823,0.02110946156289801
663372,CU,FF,ST,0.2169331645323036,-0.07333661625163923,0.025793055574141143
663372,CU,SI,SL,0.27588090680296146,-0.04118387033167984,0.015637368588333457
663372,CU,SI,ST,0.27316339699176767,-0.04464737995027478,0.02364314167799663
663372,CU,SL,ST,0.22295467218021905,-0.2766647169979241,0.0251669905801295
663372,FF,SI,SL,0.10743555780570652,-0.6724540819693893,0.011567755790993506
663372,FF,SI,ST,0.07446871759962023,-0.39368281511003994,0.012038062417167563
663372,FF,SL,ST,0.05469660120413735,-0.4188826929664698,0.018483138376474195
663372,SI,SL,ST,0.10139444922332758,-0.4023426327457354,0.013505086823211585
663436,CH,CU,FC,0.21010076987799864,-0.3662545897751927,-0.00640944456427562
663436,CH,CU,FF,0.2745503124889808,-0.13589272183619935,0.0005169297677049519
663436,CH,CU,SI,0.24689908718292997,-0.21362501089800776,-0.008842007172727269
663436,CH,CU,SL,0.3710171821140366,-0.161164054582435,0.0024299183081086147
663436,CH,FC,FF,0.18261076385588582,-0.6346681318467401,-7.437355238239457e-05
663436,CH,FC,SI,0.14408021237535332,-0.7262662957230338,-0.010134770358199117
663436,CH,FC,SL,0.2704508999947159,-0.5662111360770039,0.001087519576148777
663436,CH,FF,SI,0.15020694203305082,-0.6807239811468887,-0.004935568844971592
663436,CH,FF,SL,0.29023139523612335,-0.39278068180971704,0.003013852062929281
663436,CH,SI,SL,0.2249196645243716,-0.5185118859725866,-0.004090192453306431
663436,CU,FC,FF,0.20712598305529006,-0.22182610561239802,0.002379248406249009
663436,CU,FC,SI,0.2060268429954808,-0.2657173383272153,-0.005549155933206488
663436,CU,FC,SL,0.37417515939079665,-0.16189582345842493,0.006704283605929178
663436,CU,FF,SI,0.23513759955801639,-0.18612485338878038,-0.0017524010713991537
663436,CU,FF,SL,0.41693968153704214,0.0455848011711518,0.006753670956664105
663436,CU,SI,SL,0.3890593622460137,-0.032439471830241255,0.002198837128220995
663436,FC,FF,SI,0.14000790786977005,-0.6889661516293093,-0.00265785113089108
663436,FC,FF,SL,0.3240625825370516,-0.34966229373892016,0.00580832540615814
663436,FC,SI,SL,0.2853029370715416,-0.4415524415547985,0.0005844077851394794
663436,FF,SI,SL,0.2697446462645024,-0.41889137028807005,0.0010424468477322898
663460,CH,FF,SI,0.10619845833882834,-0.6540207753879258,-0.010189191883774065
663460,CH,FF,ST,0.19375053018648658,-0.35549222878566233,0.0018132781259715927
663460,CH,SI,ST,0.1900083956008645,-0.3765899187243839,-0.012613482833537137
663460,FF,SI,ST,0.1136158246448854,-0.45762518973518795,-0.00026059167165337106
663554,FF,FS,SI,0.33011782118652705,-0.3861080805385604,-0.007590741840449544
663554,FF,FS,SL,0.40486261202943713,-0.29718079327315045,-0.0033168252569046805
663554,FF,SI,SL,0.23075731637343874,-0.5105794393136364,-0.01010337668442249
663554,FS,SI,SL,0.3240965583202052,-0.3916170860064485,-0.005996883674097072
663556,CH,CU,FF,0.3148148417657968,-0.07686901745651549,-0.012741996143463224
663556,CH,CU,SL,0.2980033223315794,-0.36888421871543314,-0.013966711729641527
663556,CH,FF,SL,0.2150289893271953,-0.4017357597281497,-0.012734325342002722
663556,CU,FF,SL,0.27722607416730616,-0.12477650157754257,-0.008966456127587421
663558,CH,FC,FF,0.2134763309634773,-0.3436495528656766,-0.007776275260406302
663567,CH,FC,FF,0.41016071164141527,-0.23562901913125334,-0.00303240888660466
663567,CH,FC,SI,0.28343070047669916,-0.41718614409820237,-0.004898404623151534
663567,CH,FC,SL,0.3674144616008741,-0.3024331509921383,-0.004333598165825724
663567,CH,FC,ST,0.3583083757565461,-0.14805684323857882,-0.0034198388794337287
663567,CH,FF,SI,0.4214525133417238,-0.22123743767708945,-0.003935594969326137
663567,CH,FF,SL,0.4112219686102567,-0.18105668132669864,-0.0034121562121066404
663567,CH,FF,ST,0.3666649253852115,-0.07186318445784916,-0.0028591567010491513
663567,CH,SI,SL,0.2944647828471248,-0.34990328117956127,-0.005430470587289412
663567,CH,SI,ST,0.3633507737495057,-0.09612482706622295,-0.004830536660095893
663567,CH,SL,ST,0.3618600813010362,-0.33998666683273154,-0.004065332197094024
663567,FC,FF,SI,0.39905494515172285,-0.4462400247272387,-0.002752713858163528
663567,FC,FF,SL,0.36105594606154884,-0.24499407758131306,-0.0023171504039387796
663567,FC,FF,ST,0.20834271480231836,-0.2736473682471155,-0.0015230018839395938
663567,FC,SI,SL,0.38641668797421835,-0.23270911078725207,-0.003981911479874898
663567,FC,SI,ST,0.34714649084241395,-0.11677744420856571,-0.002574664105540722
663567,FC,SL,ST,0.3178873440352376,-0.19957409317953936,-0.0023661052182626496
663567,FF,SI,SL,0.45405618458193975,-0.12646378955063384,-0.0035918757793334177
663567,FF,SI,ST,0.3793350300694181,-0.05571493385665749,-0.0029696697107286178
663567,FF,SL,ST,0.2558615774065997,-0.21308381958330447,-0.0024473487806659935
663567,SI,SL,ST,0.4046381788482795,-0.043503370430668216,-0.005309195650538246
663568,CH,FC,FF,0.3795400481593693,-0.23561587789014762,-0.007611737996797245
663568,CH,FC,SI,0.2986108475520966,-0.37024271532959024,0.002844078861959441
663568,CH,FC,SL,0.2645925250832967,-0.4779838598389487,-0.007451399243536754
663568,CH,FF,SI,0.36046408451974066,-0.259928497950495,0.00339690469308177
663568,CH,FF,SL,0.3754511153699644,-0.20387212464463766,-0.004537972395406966
663568,CH,SI,SL,0.2321363559787943,-0.41801035226174,0.0005133545620955504
663568,FC,FF,SI,0.2350582187242759,-0.587978879575541,0.0026486526947970992
663568,FC,FF,SL,0.29850504309515546,-0.30194112161353076,-0.005178875546381025
663568,FC,SI,SL,0.23715180063928007,-0.41161808800879446,-0.0006187476105494506
663568,FF,SI,SL,0.3123979693290256,-0.28423436543431363,0.0024969352916285313
663623,CU,FC,FF,0.28185139788962627,0.05030869862519164,-0.0014329993038389357
663623,CU,FC,SI,0.326038878956514,0.06286953792072673,0.0017052128648950284
663623,CU,FC,ST,0.299446042394115,-0.07346102225222163,0.0018382824002733601
663623,CU,FF,SI,0.3297792232591886,0.11139347685931149,-0.00019101926992986466
663623,CU,FF,ST,0.31918554753074907,0.09789166809652812,-0.00010783181616935093
663623,CU,SI,ST,0.310264593619263,0.04276495954276347,0.004511129802654414
663623,FC,FF,SI,0.20086476127883135,-0.6181853035299985,0.009030806563865418
663623,FC,FF,ST,0.1986818516797417,-0.30339204330808145,0.011054710867523626
663623,FC,SI,ST,0.20270732915091472,-0.3420183184740376,0.022036494430634553
663623,FF,SI,ST,0.10766084580751845,-0.4193997677453823,0.011415583972776073
663738,CH,FF,SI,0.22436505405377713,-0.38502608530104254,-0.013990361728675458
663738,CH,FF,SL,0.27700317214583076,-0.3179379638283644,-0.016218538462134162
663738,CH,SI,SL,0.13932825470410526,-0.5161055270437852,-0.028831170952798864
663738,FF,SI,SL,0.24701028619566434,-0.42185680961259786,-0.008732508498902166
663767,FC,SI,ST,0.16691034916673023,-0.2599100744783103,-1.428372375541435e-05
663776,CH,FF,SI,0.29705152333758544,-0.22426836771128575,0.01560814931478606
663776,CH,FF,SL,0.18189974278883847,-0.38498582031341294,0.022120940478480466
663776,CH,SI,SL,0.25489021748943586,-0.2780036247970514,0.020753489619088045
663776,FF,SI,SL,0.2206281209421234,-0.46430916182107046,0.028544252762586975
663855,FF,SI,ST,0.4145498823097098,-0.02361343129658487,-0.004335887133097483
663903,FC,SI,SL,0.363492633555263,-0.2002321489311775,0.0018348044548648656
663903,FC,SI,ST,0.4085960766628434,-0.10673761092388519,0.009325010652658993
663903,FC,SL,ST,0.4235867767169086,-0.23003089444774327,0.009836533827080163
663903,SI,SL,ST,0.27878547620449173,-0.27218329263996227,0.0034441860767360105
663947,CH,FC,FF,0.31564892478913026,-0.272030167112391,-0.010008698783744571
663947,CH,FC,SI,0.3089753825671612,-0.3007344361297279,-0.007357644897595067
663947,CH,FC,ST,0.17324481575766093,-0.38938074967325775,-0.005820685809702603
663947,CH,FF,SI,0.3419912851910792,-0.2384564084261015,0.0024874098878769724
663947,CH,FF,ST,0.31023416947569177,-0.07736852749402857,0.004696612429338329
663947,CH,SI,ST,0.2960773367007323,-0.11561036973456466,0.0026285751788716217
663947,FC,FF,SI,0.23752922991179962,-0.5802331243721109,-0.007402991038615195
663947,FC,FF,ST,0.17249603577745207,-0.2529179768266875,-0.005852618544602661
663947,FC,SI,ST,0.19706070876476792,-0.24180864208096473,-0.009886338322290578
663947,FF,SI,ST,0.23855526352639864,-0.16872443693108718,0.004381264158711435
663969,CU,FF,FS,0.31240478406703576,-0.10389653268475778,-0.0030600646056444672
663969,CU,FF,SI,0.25715988727895045,-0.1743070352027826,0.013898972666859633
663969,CU,FF,ST,0.3017807353762189,-0.1174370522727627,-0.0014466627689977685
663969,CU,FS,SI,0.20229805655452993,-0.271620543182693,-0.0011478269433980635
663969,CU,FS,ST,0.290045138180822,-0.479321297561168,-0.01337466347641968
663969,CU,SI,ST,0.254421809173126,-0.2051879887138414,-0.00012031381018125275
663969,FF,FS,SI,0.29105601296959077,-0.30250245070579895,0.006908650151650622
663969,FF,FS,ST,0.4013360404027979,-0.014743255659881235,-0.0071161411585066465
663969,FF,SI,ST,0.36439317160512213,-0.06182753145244287,0.007876631522742542
663969,FS,SI,ST,0.23041719337561503,-0.25997328287894933,-0.004052825602361588
663978,CH,CU,FC,0.5074565735161685,0.14542963791257824,0.009881264243147217
663978,CH,CU,FF,0.5297662261155603,0.40740604709356915,0.010326272918429129
663978,CH,FC,FF,0.4513815589244817,-0.11472587954909717,0.00850830252395745
663978,CU,FC,FF,0.2103279478930379,0.0002768641136986494,0.01357040372384168
663992,FF,SI,ST,0.3263849581198432,-0.15927641825126318,0.008886966339637717
664126,FC,FF,SL,0.12449018797958976,-0.31029204302112096,0.002932216571966062
664141,CH,SI,SL,0.4251442919192698,-0.23388177876331215,-0.011256471473964788
664199,CH,FC,SI,0.4913126152066294,-0.20319123341862397,-0.007998296141140636
664199,CH,FC,SL,0.48974247899890183,-0.1761357489451374,-0.015294214901535604
664199,CH,SI,SL,0.34063536638701647,-0.3377606360764811,-0.028665120415302236
664199,FC,SI,SL,0.37149349888706235,-0.2984314537914557,-0.01849376020636264
664208,CU,FC,SI,0.28194826542318197,0.10425855474201473,0.010884040289081322
664285,CH,CU,SI,0.3357816020280277,0.11707355339110674,-0.0008689662841638089
664285,CH,CU,SL,0.4230129161750924,0.04668808390975685,-0.0008849867780696221
664285,CH,SI,SL,0.32017708861175004,-0.3061055402092179,-0.004137122937552967
664285,CU,SI,SL,0.4506346226589262,0.2634555609339054,-0.0019844700016455833
664299,CH,FF,ST,0.3435911817775792,-0.0322772928828337,0.01768748162629879
664991,CU,FF,SI,0.3094706569202669,-0.2385947757154615,0.0037172381723026026
665152,CU,FC,FF,0.4677008739772086,0.3254732632853748,0.0036306015245667167
665152,CU,FC,FS,0.5068634629748213,0.17144119483388864,-0.0001585674826462927
665152,CU,FC,SI,0.5554308018892515,0.4130775161204654,0.006347723755134434
665152,CU,FF,FS,0.2868235461164177,0.09494222260574897,0.004113096366340557
665152,CU,FF,SI,0.3191045678654605,0.13608489994414882,0.011581526267746136
665152,CU,FS,SI,0.3194650975798801,0.1123354605931619,0.008826780938919492
665152,FC,FF,FS,0.44234067939539856,-0.03487962284226441,-0.002431561026101821
665152,FC,FF,SI,0.5033844670464233,-0.17486807412176644,0.003913898508033513
665152,FC,FS,SI,0.36396187457240314,-0.15898360053153193,-0.0003796052946827115
665152,FF,FS,SI,0.28571233276699837,-0.23450494999196625,0.0041940101460887155
665622,CH,CU,FF,0.5352728852415901,0.3632819373394179,0.01295201272204229
665622,CH,CU,SI,0.5241496645918864,0.3362738648416587,-0.0013027667961430993
665622,CH,CU,SL,0.52260770142232,0.07157656990883073,-0.015222840521160848
665622,CH,FF,SI,0.2658589574245463,-0.40598015091961903,0.009261190811145386
665622,CH,FF,SL,0.27232309725706966,-0.23763232983034913,0.0012285424586436374
665622,CH,SI,SL,0.22052802772430324,-0.3164773227440992,-0.008982377938449693
665622,CU,FF,SI,0.33814744414554726,0.1120424170647935,0.010915903301143176
665622,CU,FF,SL,0.3302191134175863,0.10193763303693693,0.0030703187142310266
665622,CU,SI,SL,0.32365595840811234,0.08074143696416926,-0.0066292047944330156
665622,FF,SI,SL,0.07466532814825254,-0.4895503106517934,0.004688143405229533
665795,CH,CU,FF,0.3786984496428438,-0.09727641246568408,0.008111246356891987
665795,CH,CU,SI,0.2959191009101022,-0.1887711208480495,-0.0007066000368950161
665795,CH,CU,SL,0.3524761670113879,-0.24784885742690776,0.00023625645047650572
665795,CH,FF,SI,0.3826172262223639,-0.4015726429103809,0.008173845892235975
665795,CH,FF,SL,0.45809695481472334,-0.1919106403358212,0.009945060052613551
665795,CH,SI,SL,0.3399035550013014,-0.3285411219345731,0.000980314091616889
665795,CU,FF,SI,0.1934601337650339,-0.31935670944703026,0.006224299674640626
665795,CU,FF,SL,0.36643584984359673,-0.11290529158830083,0.008496032013945526
665795,CU,SI,SL,0.276940474296057,-0.21295968331605084,-0.0011008372369236707
665795,FF,SI,SL,0.3230500772396141,-0.3500211482785212,0.008662123314491321
665871,CH,FC,FF,0.30583480344997366,-0.3298063268709506,0.009863457033007134
665871,CH,FC,SI,0.33142803289618267,-0.3003923587914352,-0.001088094374719203
665871,CH,FF,SI,0.37077256154630134,-0.2470421179432858,-0.008603704610825803
665871,FC,FF,SI,0.1470528411487678,-0.6641979111262334,-0.00745788710947807
666157,CH,CU,FF,0.42384749661923343,-0.004767751651288177,0.008525111453334086
666157,CH,CU,SI,0.20302506647884636,-0.2837859698604403,0.0011468689290847845
666157,CH,FF,SI,0.4236654496184921,-0.2656587683630982,0.005397151423751034
666157,CU,FF,SI,0.335206109164843,-0.11531912169927687,0.006945073120500322
666171,FF,SI,SL,0.11017280467988204,-0.557397157627007,0.0011681969858454641
666171,FF,SI,ST,0.21395455296235513,-0.26044702046969975,-0.004628798283564536
666171,FF,SL,ST,0.23526588838621473,-0.23328538339976215,-0.0067065743058267
666171,SI,SL,ST,0.20977027232403198,-0.3079718067751369,-0.005246340051890299
666200,CH,FF,SI,0.32484342597527466,-0.19020829543135828,-0.010488535132786202
666200,CH,FF,ST,0.3688221196500707,-0.12632197590729066,-0.012670047032197575
666200,CH,SI,ST,0.12512895967475215,-0.4715248138512811,-0.016582573793102948
666200,FF,SI,ST,0.3339350846851168,-0.17078605867440855,-0.01535066697520215
666277,CH,FF,SL,0.12729195899857496,-0.5707983843670476,-0.007856125721462454
666661,CH,FF,SI,0.32424024940469964,-0.38167522708312007,-0.018841713343673766
666661,CH,FF,SL,0.4141218000454005,0.04242377281792944,-0.005174348500231464
666661,CH,SI,SL,0.35105459446218035,-0.040838584406930604,-0.010942077332058807
666661,FF,SI,SL,0.2399367868204907,-0.17957780606672483,-0.01237322492104011
666808,FC,SI,SL,0.13630495373956705,-0.47768097645865115,0.004097912215619001
667297,CU,SI,SL,0.26689607392381887,-0.23963331458983472,-0.005483223043300405
667463,CH,SI,SL,0.20704158838952835,-0.41294568210378896,-0.013480299377035695
667463,CH,SI,ST,0.1962284566546937,-0.3579544425652455,-0.02598855948434893
667463,CH,SL,ST,0.1850234940066636,-0.6667735298807984,-0.020422515309844458
667463,SI,SL,ST,0.08915603276386917,-0.4944199554051911,-0.0163389816612889
667755,FF,FS,KC,0.23082903052376125,-0.26221623391337223,-0.00766661616290001
667755,FF,FS,SI,0.15680719813235364,-0.659865915793249,-0.007476817944546162
667755,FF,FS,SL,0.3396097548210382,-0.3366203424555829,-0.004550573913737531
667755,FF,KC,SI,0.16424652414151952,-0.34707670077724234,-0.006205142786684627
667755,FF,KC,SL,0.28318855557058503,-0.19548318372244358,-0.004735705149163291
667755,FF,SI,SL,0.2883382763518208,-0.40196665992102304,-0.0025497127655047212
667755,FS,KC,SI,0.22669228547517536,-0.28551795320953616,-0.010290126622919083
667755,FS,KC,SL,0.39422270204373566,-0.214634223303337,-0.00980768720272337
667755,FS,SI,SL,0.3140626630446039,-0.38720989030857544,-0.008566084809063824
667755,KC,SI,SL,0.34304276450438675,-0.13722741104263467,-0.007764347692204233
668390,FC,FF,SL,0.21385971410727067,-0.39701815344021557,0.0005045371463397582
668674,CH,FF,SI,0.30590957247816974,-0.35338206067893624,0.012705753544790825
668674,CH,FF,SL,0.379187983945582,-0.04950084811921981,0.02374911099141401
668674,CH,SI,SL,0.22421830320726813,-0.24417942493319264,0.015465073925346103
668674,FF,SI,SL,0.29166669764581604,-0.15821536992428997,0.006824806237996758
668678,CH,FF,KC,0.34822335741996574,-0.07910971644646594,0.007692549363348617
668678,CH,FF,SL,0.38551200866083546,-0.2668430630239657,0.007449514821846922
668678,CH,KC,SL,0.3283241852471313,-0.2726014419022394,0.010491039800629187
668678,FF,KC,SL,0.3037217351920078,-0.13582774410352189,0.016339974632464213
668873,FF,KC,SI,0.24711669493861854,-0.0064773326114979475,-0.00010967064573629308
668873,FF,KC,SL,0.2583916231582768,0.007892743322321422,-0.0028497561738881605
668873,FF,SI,SL,0.11410167147733237,-0.5676234374406708,-0.010882621565068732
668873,KC,SI,SL,0.2225739994440683,-0.0692509917820222,0.003838179548673928
668909,CU,FC,FF,0.2715195437226189,-0.05308106708838381,-0.002982206586081275
668909,CU,FC,SI,0.31262606911146423,-0.014859465176681907,0.004169800519525681
668909,CU,FC,ST,0.28805115875377457,-0.2093582098972765,-0.003028599756728628
668909,CU,FF,SI,0.3873204296890038,0.09450900994990201,-0.0011430350473366053
668909,CU,FF,ST,0.40724275763331347,0.11990033482228833,-0.00575142556935605
668909,CU,SI,ST,0.3495374094739332,0.03218462712209872,-0.001604330655451893
668909,FC,FF,SI,0.3059303830736138,-0.4531249180800887,0.0005438233041186982
668909,FC,FF,ST,0.33555326393148666,-0.2186871810119185,-0.0056363822747243705
668909,FC,SI,ST,0.27406957398786846,-0.3112184456084044,-0.001415463914211497
668909,FF,SI,ST,0.29160119937814527,-0.2747047886431968,-0.004519843020506913
668941,CH,SI,ST,0.29708851168522105,-0.17874840067874218,-0.0037367216273180913
668964,FF,FS,SL,0.1880653069114819,-0.2708395479820229,0.007337339675117293
668984,FF,SI,SL,0.20057214276207277,-0.4523393744217527,-0.00893310273304539
668984,FF,SI,ST,0.15772683194452689,-0.2282301743168428,-0.008615479383904268
668984,FF,SL,ST,0.20204197729426943,-0.17174981441674744,0.003787682997380956
668984,SI,SL,ST,0.06473451351427197,-0.3503326481084493,0.0032475220991267746
669020,CU,FF,SL,0.18147494370564873,-0.09866394705565613,-0.00522560799018803
669020,CU,FF,ST,0.160319870622788,-0.12562642527845938,-0.009770889382098892
669020,CU,SL,ST,0.16690741917311458,-0.4276835685882669,-2.6063607119748353e-05
669020,FF,SL,ST,0.1463042859115009,-0.43736346922796904,-0.010487432908069872
669022,CH,CU,FC,0.2565819201969555,-0.30977342393422974,0.008339837585983214
669022,CH,CU,FF,0.19155003515437286,-0.2088937759001003,-0.0025549945219780325
669022,CH,CU,SI,0.17899402747683846,-0.22531927445021213,-0.0007534882418798231
669022,CH,CU,SL,0.20974028987534812,-0.5317485571887597,-4.065468814842517e-05
669022,CH,FC,FF,0.26030647596218565,-0.34258171449788954,-0.004736774457596544
669022,CH,FC,SI,0.25950155655856516,-0.3440302635267852,-0.004913944472862767
669022,CH,FC,SL,0.26030245547693937,-0.4779427106714122,-0.003395443003802616
669022,CH,FF,SI,0.21499769233865884,-0.4003284822337469,-0.007625606462977005
669022,CH,FF,SL,0.2319704197667619,-0.3302885190311528,-0.0073520530182590626
669022,CH,SI,SL,0.18382317651556712,-0.39207561526134754,-0.008661404298529006
669022,CU,FC,FF,0.11878883959121544,-0.30162908072049244,-0.0006666599508282037
669022,CU,FC,SI,0.1766599497090752,-0.22829409381089927,0.004525024730256902
669022,CU,FC,SL,0.1464276915902623,-0.45016674606195606,0.005250351323787605
669022,CU,FF,SI,0.12660256703088824,-0.2916703604123228,-0.003116591143887047
669022,CU,FF,SL,0.11254213742180413,-0.30959060231615865,-0.0029653006758173545
669022,CU,SI,SL,0.12307092369208965,-0.2965941626078644,0.003990951430858946
669022,FC,FF,SI,0.17225852651541096,-0.6170749590206963,-0.0054542758428128045
669022,FC,FF,SL,0.12825273342619142,-0.4624783653306113,-0.005191804525439464
669022,FC,SI,SL,0.1505326079703908,-0.4345049761011011,0.003086198126399874
669022,FF,SI,SL,0.13717507462460898,-0.4511066990963946,-0.007722119704088464
669160,CH,CU,FC,0.39803180447188263,-0.040979105322325675,6.122854295584161e-05
669160,CH,CU,FF,0.41279558922843623,0.07792591274632915,-0.007141726486661207
669160,CH,CU,SI,0.34696946053162514,-0.017501484717891053,0.0009633274231121746
669160,CH,CU,ST,0.31488442344116613,-0.2879247026201906,0.011733952347441321
669160,CH,FC,FF,0.33558567269065875,-0.3516144560414598,-0.009529357113416067
669160,CH,FC,SI,0.23403687867264122,-0.4925709604962796,-0.0077377146104084015
669160,CH,FC,ST,0.31395063599522993,-0.27134585101073666,0.0018083347047726578
669160,CH,FF,SI,0.3348542188197854,-0.35254670567194607,-0.005238599006169494
669160,CH,FF,ST,0.3798549218399887,-0.08726144823879244,-0.0003440896187958094
669160,CH,SI,ST,0.20433457557306747,-0.32249587642406125,0.0022827705514687643
669160,CU,FC,FF,0.3175970455176762,-0.04340615032857912,-0.009671078532466624
669160,CU,FC,SI,0.3692358380737195,0.010877368771668746,-0.009012469581334295
669160,CU,FC,ST,0.39386479976382355,-0.04629001931705865,0.0008482981433205656
669160,CU,FF,SI,0.39667729200370877,0.05738288572826248,-0.006178023217543087
669160,CU,FF,ST,0.3863931993914274,0.04427564558714586,-0.0009065698768892638
669160,CU,SI,ST,0.364060439698567,0.004281240956944626,0.0006178128240784952
669160,FC,FF,SI,0.2718384812371146,-0.5738342021477943,-0.01073064929601465
669160,FC,FF,ST,0.3735531830378809,-0.09529311490106852,-0.005343952503721028
669160,FC,SI,ST,0.315497758023814,-0.18081662652186928,-0.0062466791259057144
669160,FF,SI,ST,0.3940797130420086,-0.06913172486198614,-0.0036608319539927743
669194,CU,FC,FF,0.1908264677246457,-0.13489847266323216,0.0007058165246103996
669194,CU,FC,SL,0.2619411175221521,-0.1546695103529436,0.017993582745936272
669194,CU,FF,SL,0.22435724282764338,-0.09216296473247743,0.0062184644235328745
669194,FC,FF,SL,0.2245616911349427,-0.4572416662206477,0.0038621739041495525
669199,CU,FF,FS,0.3388434096173791,-0.17402457676737346,-0.009991651999063185
669199,CU,FF,SL,0.2818367102132722,-0.3696720421271813,-0.011672562355911723
669199,CU,FF,ST,0.3419702897514896,-0.2672805997218908,-0.00727463190943208
669199,CU,FS,SL,0.17058885500409607,-0.5385489746123987,-0.012492325252014743
669199,CU,FS,ST,0.22184872724120183,-0.6146437628308061,-0.0063087700784186995
669199,CU,SL,ST,0.18858353250965085,-0.6128557525665101,-0.010824940303499054
669199,FF,FS,SL,0.3400668312489888,-0.17246530637533172,-0.0058484630428963826
669199,FF,FS,ST,0.3827521399017264,-0.11806219935342764,0.00034174890477673726
669199,FF,SL,ST,0.3478801901740693,-0.2597483373270217,-0.0044332838675610765
669199,FS,SL,ST,0.12118697526611848,-0.6015124586610505,-0.002964738443599369
669211,CH,FF,SL,0.29150164713415944,-0.3584519571274843,0.003175850925622656
669212,CH,FF,SL,0.3375545834040083,0.06312063467502337,0.013399251655529814
669276,CH,FF,SL,0.3756966657203784,-0.12260710871584157,-0.02347115346717348
669302,CH,FC,FF,0.23298492720999434,-0.31592025549556113,-0.007795119280192555
669302,CH,FC,FS,0.23604756794900164,-0.29269481218747445,0.004369678339694362
669302,CH,FC,SL,0.2401453129592849,-0.47578321949613195,-0.013228602927990106
669302,CH,FC,ST,0.235178635956504,-0.23779071417341743,-0.006496890663052142
669302,CH,FF,FS,0.1077615890887715,-0.28720834944908746,-0.005399342152821529
669302,CH,FF,SL,0.1095053433459288,-0.4732969555360351,-0.011905621266159835
669302,CH,FF,ST,0.12291767865658333,-0.21188010573969596,-0.010276298727409431
669302,CH,FS,SL,0.0994175133177612,-0.6541202412924415,-0.007714656801759581
669302,CH,FS,ST,0.13076120462257648,-0.6094051667990937,-0.0013302138479567129
669302,CH,SL,ST,0.12775862001681956,-0.5619874828514729,-0.013061407680294412
669302,FC,FF,FS,0.23147919179149382,-0.1295282906005978,-0.004749094015544498
669302,FC,FF,SL,0.16297192603645652,-0.4563974686534322,-0.010986575662980624
669302,FC,FF,ST,0.1380072661809044,-0.19264818565026776,-0.009294269092443241
669302,FC,FS,SL,0.2408310473833347,-0.2865981913168085,-0.0060144800472555476
669302,FC,FS,ST,0.23379774352194327,-0.23955068361663537,0.0009512707782476162
669302,FC,SL,ST,0.16054413890399177,-0.3329135716349014,-0.010454721669737654
669302,FF,FS,SL,0.11235279455345189,-0.2813567848209249,-0.008990467765818678
669302,FF,FS,ST,0.12369850300549594,-0.21088493264712707,-0.007406170987907707
669302,FF,SL,ST,0.04809090763441843,-0.30724801944368335,-0.012319772171743348
669302,FS,SL,ST,0.13073091420828242,-0.558199246474544,-0.007519383761606558
669330,CH,FC,FF,0.2706452439907778,-0.4220946728861155,-0.0031038160369883487
669330,CH,FC,SL,0.33200931865423633,-0.4448317263116109,-0.020473291702149274
669330,CH,FF,SL,0.4014519358414163,-0.25537945679559976,-0.009057896482204265
669330,FC,FF,SL,0.35444149392226326,-0.32220612725655284,-0.0066382287790385085
669358,CH,FC,FF,0.2116362200299783,-0.4494372259546098,-0.0038505421295758737
669358,CH,FC,KC,0.1567648051111217,-0.620260076422407,0.0023902269780004173
669358,CH,FC,SI,0.17474157199663734,-0.51678043379038,-0.002307963605686223
669358,CH,FF,KC,0.20141087899348364,-0.3552573989220454,0.00582697623934623
669358,CH,FF,SI,0.22927995285983002,-0.42695000691591733,-0.003647754378090792
669358,CH,KC,SI,0.17214678722145238,-0.41287534103939455,0.0034821890056592796
669358,FC,FF,KC,0.10292182099228327,-0.4807832749679757,-0.0008159683556149041
669358,FC,FF,SI,0.20402453226494396,-0.5522519571440654,-0.007303247763195225
669358,FC,KC,SI,0.1542704731991146,-0.43565898851928764,-0.0029159885731601257
669358,FF,KC,SI,0.17853071629756648,-0.3844185313845309,-0.0002797946331250543
669372,CH,FC,FF,0.4281410811380821,-0.2215314127141359,-0.006928532415871805
669372,CH,FC,SI,0.3428761422448172,-0.35604606740635164,-0.013496888294081423
669372,CH,FC,SL,0.35813484290351694,-0.3388011084695443,-0.0061546936247436675
669372,CH,FF,SI,0.41901209180740223,-0.2331664552904754,-0.013267167353720315
669372,CH,FF,SL,0.4346637392515862,-0.11754365998243499,-0.0032993872131692223
669372,CH,SI,SL,0.2616238247949699,-0.36392892168528473,-0.011808368257298831
669372,FC,FF,SI,0.20112692922839157,-0.6403253934630285,-0.006141334230202161
669372,FC,FF,SL,0.3139297320071723,-0.271421078809063,0.004186205715034792
669372,FC,SI,SL,0.21276823820060786,-0.4261961464050131,-0.004243368092997992
669372,FF,SI,SL,0.30425421962975013,-0.28375267372952967,-0.0041834864511578725
669373,CH,FF,SI,0.46578048711368875,-0.05996868366817506,-0.008232773243225857
669373,CH,FF,SL,0.3722078302771497,-0.17922852797705877,-0.006677771120445566
669373,CH,SI,SL,0.42399031831449147,-0.11512453035812036,-0.011863684816251255
669373,FF,SI,SL,0.3405957929392973,-0.3332143707866671,-0.005560949334346936
669387,CU,FF,FS,0.269291531922335,-0.21932064303612298,-0.0015652662680986438
669387,CU,FF,SI,0.2553443778138916,-0.2370965135068164,0.008175148170792084
669387,CU,FF,ST,0.27883708301944726,-0.18298036782312055,0.004199563543622747
669387,CU,FS,SI,0.24493915382858988,-0.279749312026443,-0.004720740655045541
669387,CU,FS,ST,0.21578589929298628,-0.6237335316491397,-0.011489912268111736
669387,CU,SI,ST,0.28426167075257536,-0.2054578187059181,0.0014156110234017556
669387,FF,FS,SI,0.32808230644277175,-0.24184546418956718,0.0018793211025263262
669387,FF,FS,ST,0.30952364802166715,-0.14386985105183528,-0.002190922759247268
669387,FF,SI,ST,0.3655074536553289,-0.07251759741910345,0.0075988405794544375
669387,FS,SI,ST,0.21416001724313605,-0.29480349473962925,-0.005620180805134995
669432,CH,FC,FF,0.2906993194736483,-0.22619284864521352,-0.003782385402359917
669432,CH,FC,SI,0.18606049748563044,-0.374281650916723,-0.00013105015098921046
669432,CH,FC,ST,0.2052489756638307,-0.3186471146320788,-0.0005298669031985467
669432,CH,FF,SI,0.3138572453532918,-0.36768546466542906,-0.005384720543495987
669432,CH,FF,ST,0.33205706588261763,0.09565531078587315,-0.005421744283587082
669432,CH,SI,ST,0.27989812740870906,0.014452957492448773,-0.003238321329743243
669432,FC,FF,SI,0.23800088907336844,-0.29335783911715,-0.008806470245277994
669432,FC,FF,ST,0.241376247456082,-0.019918839323412096,-0.00887595187075871
669432,FC,SI,ST,0.21459525207607508,-0.06877659917918826,-0.008649619081435503
669432,FF,SI,ST,0.28310521087271423,0.03326539043434936,-0.010371111371275143
669438,CH,FF,SI,0.38789952838362596,-0.26965236312405677,0.018587206253436926
669456,CH,FC,FF,0.3657522390862979,-0.39316593850247683,-0.0029701968037411596
669456,CH,FC,KC,0.3801315122652906,-0.268618802432981,0.0036597061365373543
669456,CH,FF,KC,0.2892320219035627,-0.2353101862460597,0.0017524683189196213
669456,FC,FF,KC,0.20016177880988595,-0.3488316323931178,0.008448463484435152
669461,CH,CU,FF,0.4093026513921747,0.19233091467146846,0.008537890507271904
669461,CH,CU,SI,0.4281529611161847,0.21276106792276037,0.013867461729032447
669461,CH,CU,SL,0.4102857546832917,-0.03182738133431365,0.009235262466840382
669461,CH,FF,SI,0.32362770552698655,-0.3825050713397515,0.011895248690649332
669461,CH,FF,SL,0.31065514241968467,-0.3275410315392538,0.008074219598728763
669461,CH,SI,SL,0.1995291336462406,-0.47276777028929406,0.01173475458267551
669461,CU,FF,SI,0.2951084509433024,0.0467885839636798,0.01186888819194785
669461,CU,FF,SL,0.28572360413766856,0.034827446952706696,0.008504530422152122
669461,CU,SI,SL,0.2957346181296041,0.0439917767418209,0.012741047115626816
669461,FF,SI,SL,0.1666587099116025,-0.5110667825708598,0.009527613956885611
669467,FF,KC,SI,0.1953433264939496,-0.01297974927682601,0.0005201109371389626
669467,FF,KC,SL,0.1440216844986689,-0.07839000095671013,-0.007770590245816322
669467,FF,SI,SL,0.22767800224107163,-0.44846668203415985,-0.011017947259961018
669467,KC,SI,SL,0.22677325706312243,0.02701461021705955,-0.003254439776619348
669684,CU,FF,SL,0.3655155120182217,0.29104030582981166,-0.0031467279407348604
669711,FF,SI,ST,0.45534774684530205,0.11607304686050413,-0.009776713333084565
669923,CH,FF,KC,0.48302152518999114,0.1265886912041527,0.0029535729877680924
669923,CH,FF,SI,0.4395781983801808,-0.15792963198995438,0.0008916006146399268
669923,CH,FF,ST,0.4442266332434082,-0.08475607322777466,0.00018791213113333643
669923,CH,KC,SI,0.4672238759781078,0.11116157145408412,0.006868854495545338
669923,CH,KC,ST,0.2852510147454567,-0.42297170677474544,0.004577116579233549
669923,CH,SI,ST,0.41306354005416984,-0.11976669651859846,0.0021856809767140366
669923,FF,KC,SI,0.3422479707179001,-0.048122214083082517,0.0021214480047745863
669923,FF,KC,ST,0.3066008558164988,-0.09826226711699564,0.001434710431499805
669923,FF,SI,ST,0.32110643384154836,-0.23696749577740847,-0.0006246979443382462
669923,KC,SI,ST,0.32053005144211383,-0.07580204876029757,0.003357573264506849
669947,FF,FS,SI,0.2646501117679342,-0.2848100787350236,0.0031836353826375547
669947,FF,FS,SL,0.2478195469047442,-0.3062609022242078,0.013227763011065142
669947,FF,SI,SL,0.29108848400735,-0.47616697899708527,0.007991652297065761
669947,FS,SI,SL,0.1478857139587557,-0.4789539579636664,0.00940882866006742
670167,FF,SI,ST,0.4443492497145555,0.05417143879794014,0.01241524796713103
670245,CU,FC,FF,0.3251837979223257,-0.12058124930523033,0.006092969618517626
670245,CU,FC,SI,0.26216474310911947,-0.22585033966839696,0.009085035931547013
670245,CU,FC,ST,0.29539469022724657,-0.29837541587470956,-0.0017138039145410326
670245,CU,FF,SI,0.3118510009263749,-0.13757411183254642,0.007471537182273197
670245,CU,FF,ST,0.360762226684287,-0.07523597411102047,-0.004669986974388926
670245,CU,SI,ST,0.18872887694538687,-0.3194455229351705,-0.0008769243055768174
670245,FC,FF,SI,0.2529080976336459,-0.5582221434775012,0.009037898407577473
670245,FC,FF,ST,0.25754212185793735,-0.3093242033497006,-0.0009311138953510844
670245,FC,SI,ST,0.1976186125851821,-0.4106479715248894,-0.0009070371713842593
670245,FF,SI,ST,0.2808605547726783,-0.27960448849969727,0.000391794401954772
670280,CU,FF,FS,0.4200324644737812,0.37051992306103276,-0.012395779529273298
670329,CH,CU,FF,0.1718622994931899,-0.4537170205064081,-0.018790006917366747
670329,CH,CU,SL,0.23883734299521572,-0.5843910968979406,-0.02275711284836244
670329,CH,FF,SL,0.2008227019129901,-0.41680652549138025,-0.011821524334824725
670329,CU,FF,SL,0.17540781723937227,-0.4736873160440737,-0.015725256177178487
670970,CH,FF,SI,0.48822257975252015,-0.13325922524535597,-0.018514369565250745
670970,CH,FF,SL,0.5740295597305102,0.0683738540982081,-0.004491305662512605
670970,CH,SI,SL,0.4549931709816864,-0.08896430262169873,-0.012530108195314905
670970,FF,SI,SL,0.4654962766929245,-0.06995354703571094,-0.008260294527838125
670990,CU,FF,SI,0.466901053956897,0.0715133932634268,-0.001276989115002767
670990,CU,FF,ST,0.408015164482504,0.002843473986035183,-0.0029239506122648367
670990,CU,SI,ST,0.3857210168611436,-0.03989399399895479,-0.011636857666426248
670990,FF,SI,ST,0.28468481868011203,-0.15434301976339346,-0.009765481891316711
671096,CH,CU,FF,0.32878654638934973,-0.04453787228393876,-0.002232112327131536
671096,CH,CU,ST,0.31993442336820826,-0.3191693342372646,0.00042340904081846257
671096,CH,FF,ST,0.21716533627389942,-0.2833087676070918,-0.0009055313866982559
671096,CU,FF,ST,0.26493314706683974,-0.12592004865089104,0.0006416590791940837
671737,CU,FC,FF,0.13251935167077875,-0.2522673869721783,-0.0020767130338604847
671737,CU,FC,FS,0.1279512807917014,-0.43827122183663575,8.917471991598509e-05
671737,CU,FF,FS,0.13083874656670094,-0.2544093449953128,0.002832799622697637
671737,FC,FF,FS,0.06717945522230048,-0.6794869784023704,-0.004827473766130332
671922,FF,FS,ST,0.19263807570212346,-0.30717343126125835,-0.0041411509095189425
672282,CH,CU,FF,0.5108207660785266,0.7153125148662504,-0.0013009993933394174
672282,CH,CU,SL,0.5229694844143679,0.4222544493532235,-0.010275396436469086
672282,CH,FF,SL,0.1508482438231451,-0.40929279677358776,-0.007533463631113488
672282,CU,FF,SL,0.5026798599066367,0.7049368000429678,-0.00791815819721372
672335,CU,FF,SI,0.2762295459862776,-0.21564034840461518,0.004113381064082021
672335,CU,FF,SV,0.20873081221237352,-0.29904180631783156,-0.0008736578080501558
672335,CU,SI,SV,0.30320917686350585,-0.19161547018090408,0.001223304672200882
672335,FF,SI,SV,0.2163126835536592,-0.28937859030686286,0.004434051127432898
672456,CH,FF,KC,0.22806134931797853,-0.1323323623597531,-0.00979915875140053
672456,CH,FF,SI,0.18326305799938347,-0.49067540589410497,-0.01556245511911545
672456,CH,FF,SL,0.17585616456922357,-0.46794532822299767,-0.01924318390350862
672456,CH,KC,SI,0.25928717028976445,-0.07464157156962803,-0.004454717667526514
672456,CH,KC,SL,0.22587559787189906,-0.4133630791800516,-0.00905419738127489
672456,CH,SI,SL,0.15068990023521614,-0.4821271500227937,-0.01650094621941206
672456,FF,KC,SI,0.2026268131352249,-0.14685610091168141,-0.007632882890129658
672456,FF,KC,SL,0.20892235547086246,-0.15672531542533766,-0.011708426566329047
672456,FF,SI,SL,0.19815140307282153,-0.4216367072969203,-0.01624715712654637
672456,KC,SI,SL,0.26217291430441453,-0.07096364477415766,-0.0038832044357193637
672782,FC,FF,ST,0.18299298974214703,-0.32516773233890367,-0.0011123690574057926
673513,FF,FS,SL,0.34079990849885,-0.2346487158609695,-0.008185640011420898
673540,FC,FF,FO,0.21948604708473826,-0.20729495004701268,0.008603195610359432
674444,FC,FF,SL,0.24104214113018219,-0.39307929241039047,0.0006091607112364778
674841,CU,FF,SI,0.32658989548011247,-0.1590922865412072,-0.008349570448387833
674841,CU,FF,SL,0.2624670123822986,-0.24081792428002857,-0.0009005546616722754
674841,CU,SI,SL,0.2434282461983791,-0.29843460226754054,-0.0034625469892755776
674841,FF,SI,SL,0.27824730277891113,-0.329547117351465,-0.0021677315589601824
675512,FC,FF,FS,0.23417735128781514,-0.4620595311801416,-0.020922335583510934
675512,FC,FF,SI,0.21905184659815144,-0.6057819078217834,-0.017379566822067247
675512,FC,FF,SL,0.13821259988588785,-0.4865703783772927,-0.016644869630940334
675512,FC,FS,SI,0.15178218935000864,-0.5821769671554428,-0.022957425379750453
675512,FC,FS,SL,0.1391977861900983,-0.6207327840249697,-0.02050879799289993
675512,FC,SI,SL,0.13110072322946778,-0.5107380659404753,-0.016184840857069945
675512,FF,FS,SI,0.2449294250817279,-0.4483558415553008,-0.008999600515917045
675512,FF,FS,SL,0.23582430442803207,-0.3621627033151569,-0.009313498340227398
675512,FF,SI,SL,0.22477684264410147,-0.376242869646882,-0.0052486079881480414
675512,FS,SI,SL,0.11851229943349506,-0.5267822129462031,-0.0031566722498767835
675660,CU,FC,FF,0.2964321703632981,-0.02059169241068585,-0.01139743068714151
675660,CU,FC,SI,0.3249235085562015,0.012899410042836049,0.006901638010518562
675660,CU,FC,SL,0.30913696548495095,-0.13063009142986456,-0.010589515598684644
675660,CU,FF,SI,0.38518952879279755,0.09253097723907133,0.001564052126620032
675660,CU,FF,SL,0.37590868173105757,0.08070238956125021,-0.012181620070731234
675660,CU,SI,SL,0.31694972108099984,0.002736690665252376,0.002829205955388997
675660,FC,FF,SI,0.20718480427076855,-0.6300938208113475,-0.003470263316431562
675660,FC,FF,SL,0.26737753891800353,-0.3682349654236002,-0.01639265551873993
675660,FC,SI,SL,0.22101801847001137,-0.43014247672851225,-0.0016828763089817892
675660,FF,SI,SL,0.3005782386464176,-0.3259201438248775,-0.005635304375198678
675911,CU,FF,SL,0.3747288771778648,0.17494977519627278,0.010632072633088699
676083,CH,CU,FF,0.2798916301589984,-0.09348801368270333,-0.001433729710891994
676083,CH,CU,SL,0.27698395092363937,-0.3600035503891965,0.00022990573025701618
676083,CH,CU,ST,0.2279005221891293,-0.39357197634365154,0.010748551135654056
676083,CH,FF,SL,0.2004696750257895,-0.48748948120652885,-0.0016708651400443178
676083,CH,FF,ST,0.2760194123646947,-0.0694340298431933,0.004559997251620381
676083,CH,SL,ST,0.27290230572153756,-0.3362164851228295,0.0069940449360344995
676083,CU,FF,SL,0.16517939903831777,-0.2396905827481032,-0.002263403104095099
676083,CU,FF,ST,0.13633820664283067,-0.2474599554762226,0.005285381752869715
676083,CU,SL,ST,0.15810950718594094,-0.4971058276415887,0.008570898841646926
676083,FF,SL,ST,0.16123294812910652,-0.21573121019810593,0.003276604298678255
676106,CH,FC,FF,0.4039286179504484,-0.14642868843540255,-0.011909060135464496
676106,CH,FC,SI,0.3370609460645535,-0.2656020034000561,-0.003164803699571125
676106,CH,FC,ST,0.33593985678885724,-0.07401015277164502,0.0021006618151931753
676106,CH,FF,SI,0.41766435653153927,-0.16118555628259448,-0.011364726359494353
676106,CH,FF,ST,0.4279729331431786,0.37016705126009414,-0.009540307706779263
676106,CH,SI,ST,0.34077246760542107,0.22507926632883687,-0.0007006087879051757
676106,FC,FF,SI,0.1764042670665774,-0.4364121043203577,-0.014475298567950963
676106,FC,FF,ST,0.2349291623287487,0.12412968489198668,-0.013151444070761867
676106,FC,SI,ST,0.21258800483945742,0.061706123050540775,-0.0074526047381058775
676106,FF,SI,ST,0.28851531810283426,0.19242609551857429,-0.013450441553365658
676263,CU,FF,SL,0.26732783409211874,-0.10439659427012589,-0.01308038495327744
676282,CH,CU,FC,0.4101956030310647,-0.09856139770563326,-0.0013152819432101807
676282,CH,CU,FF,0.3826627829856945,0.05054993117097847,0.0020619186019363643
676282,CH,CU,SL,0.3778266361617481,-0.3460895458637183,-0.001686550336730173
676282,CH,FC,FF,0.15941448809152675,-0.31783980323027056,0.00726506344309129
676282,CH,FC,SL,0.27098047230181577,-0.35984952343290805,0.0048248852414419586
676282,CH,FF,SL,0.20002737688845115,-0.26607802838490907,0.006750129952927435
676282,CU,FC,FF,0.45051426719082777,0.13702773051963477,0.0016792992860691952
676282,CU,FC,SL,0.4461850540764825,-0.05269226805233579,-0.0035278684901589932
676282,CU,FF,SL,0.3792434575053893,0.04619194628298978,0.0013104486522333776
676282,FC,FF,SL,0.2903058497860138,-0.25990985431229513,0.00987904938883684
676440,CH,CU,FC,0.2066560001835479,-0.33983677586469535,-0.0008930664222180278
676440,CH,CU,FF,0.2883457616796079,0.09238579568510918,0.003386757027288622
676440,CH,CU,SI,0.2337229253995229,-0.0023734478107455548,0.0008269288326599655
676440,CH,CU,ST,0.27139005646000447,-0.42489326999013904,0.006453151648017469
676440,CH,FC,FF,0.1700450115572106,-0.25512358674343805,-0.0036193633922140802
676440,CH,FC,SI,0.03633682274756657,-0.45067837403008776,-0.004052311720363253
676440,CH,FC,ST,0.1075638463236784,-0.6628644958385463,-0.0030630490499637744
676440,CH,FF,SI,0.19466794054235245,-0.22374127083542117,-0.002718407550778852
676440,CH,FF,ST,0.26820545072372126,-0.13001654064620224,0.0009586303779178633
676440,CH,SI,ST,0.11241383170897114,-0.35371701212206735,-0.0006043577611537327
676440,CU,FC,FF,0.2842017183090287,0.08710414628139627,-0.004043727047505103
676440,CU,FC,SI,0.23259927547318646,-0.003805557572325461,-0.004245599346437456
676440,CU,FC,ST,0.2665939715003593,-0.2634448749708224,-0.0033492727344201978
676440,CU,FF,SI,0.31399198246964694,0.12507231332748292,-0.002759821331492058
676440,CU,FF,ST,0.35029716510207676,0.1713438479266635,0.0009836314950037893
676440,CU,SI,ST,0.27661129206112844,0.0522884598837264,0.000274825623053066
676440,FC,FF,SI,0.19689173292318837,-0.44133570065857763,-0.006986498728344475
676440,FC,FF,ST,0.26675680807124846,-0.18473046568846216,-0.0064868477673135335
676440,FC,SI,ST,0.11398558250074109,-0.4045813975221943,-0.006088989223263061
676440,FF,SI,ST,0.2743301324011845,-0.17507814297984628,-0.004785032850750771
676477,CH,SI,SL,0.2798243242817064,-0.23036278629481147,-0.01694477727429987
676534,CU,FC,SI,0.20040490117463047,-0.3194766419310376,-0.00043672018990339144
676534,CU,FC,ST,0.27120293967807035,-0.30946206393859726,-0.003924777161408669
676534,CU,SI,ST,0.2666613519985699,-0.23503173807920333,-0.010620853681713052
676534,FC,SI,ST,0.1470372964253388,-0.5011222834442431,-0.011226358562234941
676571,FF,SI,ST,0.31116385115269474,-0.095928855619883,-0.00609085302621468
676760,CH,FC,FF,0.24952473884802406,-0.19109400761486914,0.007775817039107496
676775,FF,FS,SI,0.3003109426750438,-0.38415458485294335,-0.0021007450092080425
676879,CH,CU,SI,0.4780042669072895,0.1859153923126671,-0.0008085974865133963
676879,CH,CU,SL,0.3956427980913544,-0.12678145429536036,-0.014255994399062855
676879,CH,SI,SL,0.39815102300882393,-0.011961796674837174,-0.003637088623056675
676879,CU,SI,SL,0.2800333549580183,-0.06640169405586262,-0.006391980617950805
676917,CH,FC,FF,0.20436699239188283,-0.45602980959052286,0.006552833406936039
676917,CH,FC,KC,0.19846585794062857,-0.41657801333831773,-0.004481339421450217
676917,CH,FC,SI,0.2102346893975351,-0.4780891067314072,0.0014252042600276685
676917,CH,FC,ST,0.1987916313858493,-0.41228627593267114,-0.009513811454398854
676917,CH,FF,KC,0.18369999585949184,-0.3484469053446575,0.0018089704793849961
676917,CH,FF,SI,0.15925699921356848,-0.5135232157317903,0.0062895916913941466
676917,CH,FF,ST,0.17344559026537454,-0.35763977495616306,0.0006997739470424088
676917,CH,KC,SI,0.17906198325489775,-0.38389589702698274,-0.002401822473662119
676917,CH,KC,ST,0.1536339759808702,-0.6867762140641419,-0.009297345028333818
676917,CH,SI,ST,0.1572890336719658,-0.4077693347575571,-0.006720152868854688
676917,FC,FF,KC,0.08711711437554388,-0.47154332900184254,0.0008758408494492402
676917,FC,FF,SI,0.12652399684665047,-0.7721777353018373,0.005051963196333381
676917,FC,FF,ST,0.107772332827406,-0.44134138953136226,-0.00021081836588144817
676917,FC,KC,SI,0.1396556357767321,-0.434119915708396,-0.004199032135978454
676917,FC,KC,ST,0.081287373431654,-0.5620473277507074,-0.010716495132549492
676917,FC,SI,ST,0.14879231023977957,-0.41859854435698457,-0.010752809066161405
676917,FF,KC,SI,0.11665506835488126,-0.4338967353079979,0.0013970810489069467
676917,FF,KC,ST,0.08391845507329505,-0.4717435373734182,-0.0027544320706697554
676917,FF,SI,ST,0.11521156377859076,-0.4318599709737385,0.000237618762894305
676917,KC,SI,ST,0.11443272287542228,-0.4623903867404812,-0.008544883245050821
676962,FF,KC,SI,0.07007898946239205,-0.5727318225863912,-0.020541896877049624
676974,CH,FF,SI,0.22346246494729494,-0.436226145741012,0.008790316361882811
676974,CH,FF,SL,0.19806464580296043,-0.46859607152210564,-0.004765565241275022
676974,CH,FF,ST,0.19492345867705832,-0.47259956463905944,0.00013616051090291608
676974,CH,SI,SL,0.1789319687907407,-0.549278396309327,-0.008127307886067808
676974,CH,SI,ST,0.1049994933069394,-0.6435065160790918,-0.002911714701317481
676974,CH,SL,ST,0.13319192830131527,-0.7314066697374728,-0.012228268094351787
676974,FF,SI,SL,0.19923469906140343,-0.5863279353361791,-0.002597183949754736
676974,FF,SI,ST,0.2183124460832866,-0.5136547841870843,0.0013894672526440595
676974,FF,SL,ST,0.16882152631929104,-0.5767317511697382,-0.006692463611928894
676974,SI,SL,ST,0.17099079543620443,-0.6302644056929787,-0.009211043520224052
676979,FC,FF,SI,0.2533723638170858,-0.5303805760400843,0.00673534513955592
677944,CU,FC,FF,0.2122665180265831,0.07083308439623211,0.0024140469359195714
677944,CU,FC,SI,0.2236435468158848,0.10043190635938597,0.005032906933031769
677944,CU,FF,SI,0.2604162867442202,0.14729935019316906,0.007786556220397381
677944,FC,FF,SI,0.21712746876161174,-0.5509745518468049,0.0029726581456898226
677952,CU,FF,SI,0.26553751737980597,-0.20368485089942442,-0.00958284418823723
677952,CU,FF,SL,0.266584899722558,-0.20234994539015064,-0.00313742438223571
677952,CU,SI,SL,0.2617067008361021,-0.21924449287612646,-0.013484206255248076
677952,FF,SI,SL,0.2480377185421334,-0.5225822758972326,-0.0018879340693201936
677958,FC,FF,SI,0.1610125591113485,-0.6732743573046461,0.006717764478592955
677958,FC,FF,SL,0.20411524430996883,-0.29865050305186064,-0.0027621720484455707
677958,FC,SI,SL,0.07735211702625273,-0.46805303727205394,0.0005115257938663942
677958,FF,SI,SL,0.20388432344899646,-0.29894481537405265,-0.0004334108836875519
677960,CH,FF,SI,0.3074418006687256,-0.23388719700903526,0.000480124831350088
677960,CH,FF,SL,0.30719607357026035,-0.23420038011718014,-0.0011131722762379214
677960,CH,FF,ST,0.4128868579421587,0.11626385602078883,0.003936010080983678
677960,CH,SI,SL,0.17128589243834305,-0.46403492725723744,-0.01056194841500497
677960,CH,SI,ST,0.29009666023443936,-0.09684906288508965,-0.005590576701048591
677960,CH,SL,ST,0.30712477647375613,-0.33472483565977723,-0.007410486087607099
677960,FF,SI,SL,0.16298461851941287,-0.49646529483773505,-0.002029970584824435
677960,FF,SI,ST,0.35281438632645495,0.039700532349710764,0.0010898002076637314
677960,FF,SL,ST,0.34400689145928925,0.028475239597316473,0.001025176734566975
677960,SI,SL,ST,0.24631033717900422,-0.15265543033249304,-0.008569768792672103
677976,CH,SI,ST,0.22833131715631225,-0.32348531131812625,-0.011431799808067071
678022,CH,FC,FF,0.2329138640729083,-0.4926942522634487,0.009854570637242838
678022,CH,FC,ST,0.22003964701630094,-0.46928719482286924,-0.0011538208506112143
678022,CH,FF,ST,0.22624630552638766,-0.35013593598158105,0.006261821458117342
678022,FC,FF,ST,0.13737241576464226,-0.46340712667381584,0.007504097305725611
678394,CH,FC,SI,0.2659245098193674,-0.3841534741420329,-0.0035792201989302374
678394,CH,FC,ST,0.2500945431569986,-0.572512735459095,-0.003959053781725499
678394,CH,SI,ST,0.2666220087828609,-0.3098947647070677,-0.009566603367090202
678394,FC,SI,ST,0.060172722148605085,-0.5730176749039192,-0.0035565182466942707
678906,CH,CU,FF,0.2788001084421545,-0.17417562000381934,0.011871706150172263
678906,CH,CU,SI,0.2735469999549394,-0.19671627629413926,0.009885867903996374
678906,CH,CU,ST,0.2405318933452857,-0.4819920014789531,0.00469901240985231
678906,CH,FF,SI,0.14099012235706035,-0.5816479316626383,0.008833447453389816
678906,CH,FF,ST,0.1661512391210801,-0.4170919998732885,0.004986490842027092
678906,CH,SI,ST,0.1463855455084122,-0.4581291774882554,0.002972662163739166
678906,CU,FF,SI,0.23194592038257103,-0.23389203035397518,0.007011618752252323
678906,CU,FF,ST,0.2017981771029532,-0.2723158102416427,0.0031886832441007924
678906,CU,SI,ST,0.22586963806599594,-0.25748183482547926,0.001153424036879771
678906,FF,SI,ST,0.12265783577010525,-0.4725250364831379,0.001438324605475277
679883,CH,CU,FF,0.44770471761339653,0.09207215302095328,0.008651275225403893
679883,CH,CU,SI,0.3654470361954729,-0.01865915935400536,0.0047073404370379
679883,CH,CU,SL,0.39127146781669636,-0.24306829016498666,0.014001450144620224
679883,CH,FF,SI,0.34251020863885695,-0.32063493085168965,0.002808832746780199
679883,CH,FF,SL,0.3523528627087958,-0.26120134986943244,0.010484467990052796
679883,CH,SI,SL,0.21475753514558357,-0.4424613752982047,0.006072218474378593
679883,CU,FF,SI,0.28776673484984533,-0.11177135819598816,0.004154577591981544
679883,CU,FF,SL,0.3615085679292965,-0.017786215212713192,0.01055584473594375
679883,CU,SI,SL,0.2949771696460726,-0.10847412878284753,0.006117975687918005
679883,FF,SI,SL,0.2289836981273694,-0.4184373187721848,0.005589678241830753
680570,CH,CU,FF,0.26999336344346064,-0.03424288902681024,0.007788714471143704
680570,CH,CU,SL,0.2604401972654499,-0.4797141267373979,0.01365868876603028
680570,CH,FF,SL,0.10198741736279304,-0.3826700316568424,0.009659233196143266
680570,CU,FF,SL,0.23414642514792908,-0.0799303839062533,0.015053738396254202
680573,FF,FS,SL,0.2218568775652815,-0.48408801618368597,0.016439716462100722
680694,CU,FF,SI,0.34264102360718746,-0.1705027924127144,-0.005821500232386404
680694,CU,FF,SL,0.36812144863856283,-0.13802758411041674,0.0027701757643290017
680694,CU,SI,SL,0.17006861024474593,-0.39184420267247705,-0.002169395935576967
680694,FF,SI,SL,0.34643097447888377,-0.28743106562674586,-0.002407698724322102
680730,CU,FF,SL,0.4823390543570006,0.2530974998368052,0.016940197216961238
680732,FC,FF,KC,0.2878889964765396,0.024975862104409552,-0.012618716096093623
680732,FC,FF,SI,0.16684049077390758,-0.6609269505938035,-0.01244704705988689
680732,FC,FF,SL,0.21465996010220753,-0.4445213587693799,-0.011033602451812523
680732,FC,KC,SI,0.28325780909140413,0.016093350310324977,-0.0014129712904046088
680732,FC,KC,SL,0.3522142302986857,-0.03985780562331823,-0.002327244011570974
680732,FC,SI,SL,0.15561455379948377,-0.5227556608801315,-0.0019023237121610834
680732,FF,KC,SI,0.2917102573395873,0.029846120051523317,-0.008251358475744451
680732,FF,KC,SL,0.323087869399945,0.06983738732567824,-0.007528812939801575
680732,FF,SI,SL,0.16605043445972364,-0.5064749748794614,-0.006865066200300561
680732,KC,SI,SL,0.3347278373573804,0.08169272266006083,0.001066094507211008
680736,CH,FF,SI,0.3050320534111515,-0.2692466757449264,-0.008713082835416169
680736,CH,FF,SL,0.3063027722216754,-0.2676271243436214,-0.007636306955910473
680736,CH,SI,SL,0.25941505035015927,-0.3602637326919111,0.0017987727935326134
680736,FF,SI,SL,0.17817348709405645,-0.47548956998288006,-0.005730373781788752
680742,CH,FF,SL,0.3923602989320742,-0.1517117362694026,-0.0138043163160592
680744,FC,FF,SL,0.3137517406384515,-0.23425259130513107,-0.023553426264749433
680755,CU,FF,SL,0.39462345195266585,0.04264392315526622,-0.0023362207549130114
680767,CH,FF,SL,0.27317575494404595,-0.2991135002900282,0.00590969480171596
681035,FC,FF,ST,0.23651624823697656,-0.12339279737686089,-0.004967115316729007
681190,CH,CU,FC,0.34006283263611586,-0.27482573460296433,0.014868574544198666
681190,CH,CU,FF,0.39904934564773753,-0.06964591055209755,-0.0027058087908996605
681190,CH,CU,SI,0.3140266236158203,-0.18158558987376058,0.009508689621053931
681190,CH,CU,SL,0.31335727668345803,-0.4261511263841289,0.02269258698213337
681190,CH,CU,ST,0.2602430783426518,-0.49384601973081654,0.01814137507680482
681190,CH,FC,FF,0.3681747665040786,-0.3038511015903033,-0.0004151908392400743
681190,CH,FC,SI,0.313357129988899,-0.37729391742806007,0.006954646016883956
681190,CH,FC,SL,0.33282409165061044,-0.39825742301206973,0.013428325912862221
681190,CH,FC,ST,0.3292161272707932,-0.3195592914009963,0.012418731877986642
681190,CH,FF,SI,0.3621195434909694,-0.3115685799457642,-0.006205210513657121
681190,CH,FF,SL,0.3750943841292564,-0.21438268877689778,-0.0036251674331502035
681190,CH,FF,ST,0.38838838322729496,-0.1141427350029165,-0.004534233108817505
681190,CH,SI,SL,0.27532728807457146,-0.34511430807157,0.005720763170986013
681190,CH,SI,ST,0.30348502320278975,-0.2259302855414327,0.005540622360096965
681190,CH,SL,ST,0.3069706728491741,-0.46520021260949457,0.016826605309594782
681190,CU,FC,FF,0.1916882283178334,-0.3339309635209455,0.0011259835101333116
681190,CU,FC,SI,0.15822093469792375,-0.3801624266439965,0.008127031333979911
681190,CU,FC,SL,0.2442265709074051,-0.3969705794680342,0.014795721071585426
681190,CU,FC,ST,0.1270168677476241,-0.5463562165002783,0.014112012448375767
681190,CU,FF,SI,0.21271645277087878,-0.3071301559010086,-0.004522685603381707
681190,CU,FF,SL,0.29222996795693557,-0.2057889119721701,-0.0014522476402909405
681190,CU,FF,ST,0.19192222827501035,-0.33363272684150647,-0.0020816547990699028
681190,CU,SI,SL,0.2138132147975205,-0.3093091785521367,0.007017651555332352
681190,CU,SI,ST,0.12836921114577513,-0.4182089246653171,0.007287033059033591
681190,CU,SL,ST,0.19839353533992934,-0.6533234989734069,0.019049761797973068
681190,FC,FF,SI,0.11692012508833782,-0.7413678860003063,-0.0026549310430931997
681190,FC,FF,SL,0.21656994886846828,-0.4164246111451093,0.00012441149113870138
681190,FC,FF,ST,0.16576844314753206,-0.39787540105668434,-2.7882630421136208e-05
681190,FC,SI,SL,0.16835828122579097,-0.4814480142411696,0.00617690440828931
681190,FC,SI,ST,0.1324205115350345,-0.4439547353965887,0.006622797459618248
681190,FC,SL,ST,0.22258114432326245,-0.45546727877832,0.014048842602929863
681190,FF,SI,SL,0.20613757876577019,-0.4297208333138764,-0.006866275681462056
681190,FF,SI,ST,0.18710177255286953,-0.37068573230638774,-0.006525654795738834
681190,FF,SL,ST,0.2707702843176729,-0.2640488789352429,-0.003251220261750545
681190,SI,SL,ST,0.19247289316566998,-0.3674170167320627,0.0039516943583662294
681217,FF,FS,SI,0.4133737406624156,-0.18011364012905187,0.0006683047421249819
681217,FF,FS,ST,0.43581423264475433,-0.07527166640529022,-0.008878825213187821
681217,FF,SI,ST,0.2241938716877517,-0.34498519334307454,-0.007499141465232097
681217,FS,SI,ST,0.2927141169118817,-0.2593973989731278,0.0018157772995487326
681293,CH,CU,FF,0.43000020701451147,0.2769421563285192,-0.0027131288594023036
681293,CH,CU,SI,0.2750256130621232,0.07066447035951624,0.0009891561394777407
681293,CH,CU,ST,0.2066510386461581,-0.34419465374686425,0.0030030505806287757
681293,CH,FF,SI,0.3193242587796375,-0.2769264287975726,-0.0015656783559974078
681293,CH,FF,ST,0.3361471356005858,-0.009343404863220347,0.0002508169527243913
681293,CH,SI,ST,0.1565796007896375,-0.24696518639438084,0.005373231504277972
681293,CU,FF,SI,0.42939532298899,0.276171221985652,-0.0005073039755373746
681293,CU,FF,ST,0.37730093382861923,0.20977609171287126,0.0005967371236679964
681293,CU,SI,ST,0.26127581923892756,0.05314013872171632,0.004171902779100179
681293,FF,SI,ST,0.33001393181112243,-0.017160270962510455,0.0020426415834552316
681347,CH,CU,FF,0.23141026172625237,-0.007295699322144846,0.005927102256152769
681347,CH,CU,SI,0.26412993606834684,0.02576827628477346,0.00363550677886453
681347,CH,CU,SL,0.2075673172418281,-0.22391114383686053,0.002292107584629501
681347,CH,FF,SI,0.2909535289208083,-0.3405926931273844,0.009966057485486611
681347,CH,FF,SL,0.21243108790135465,-0.4406707972159795,0.008951023932804782
681347,CH,SI,SL,0.19022533431611688,-0.4776101559661831,0.006417300236919978
681347,CU,FF,SI,0.21735734356289224,-0.025206367768542754,0.014359171867525035
681347,CU,FF,SL,0.189833870845745,-0.06028547294796338,0.01258222144644842
681347,CU,SI,SL,0.2507862379172436,0.008761520061261944,0.01215838538697179
681347,FF,SI,SL,0.27330919054251646,-0.4858208671758015,0.01653834053910375
681517,CH,CU,FF,0.28107784886015635,-0.1772990255087015,0.0022736246667384333
681517,CH,CU,SI,0.3474213902643433,-0.10743052842774352,-0.007987127705759628
681517,CH,CU,SL,0.24767514825862966,-0.39861631733184305,-0.011153322512918661
681517,CH,CU,ST,0.25446879375475456,-0.44757723748469486,0.0009234277755390346
681517,CH,FF,SI,0.3576104265464315,-0.32824028133023925,-0.0007647336292568993
681517,CH,FF,SL,0.28219892704261423,-0.4243534408148039,-0.0037092347758381798
681517,CH,FF,ST,0.2891876515702155,-0.25403045141125163,0.006711985119189587
681517,CH,SI,SL,0.33632112947968085,-0.37006123526750395,-0.012562813772726627
681517,CH,SI,ST,0.33186457261529223,-0.21432543963429118,-0.0027630178216891824
681517,CH,SL,ST,0.22584621026134763,-0.5135051460085688,-0.005999839533602213
681517,CU,FF,SI,0.2037509733749777,-0.27585336224581725,-0.0010077439506893304
681517,CU,FF,SL,0.06877650683769544,-0.4478804736810589,-0.003933527261841218
681517,CU,FF,ST,0.11831008231025729,-0.3847491413171657,0.0051394375843858715
681517,CU,SI,SL,0.20734921855104335,-0.2859547464556353,-0.011939691351111016
681517,CU,SI,ST,0.24543751263161537,-0.23741060786208154,-0.0031807945659332415
681517,CU,SL,ST,0.07985618324420572,-0.6125042661870362,-0.006512472706032218
681517,FF,SI,SL,0.22115718688441124,-0.5597716424564204,-0.0041687793764167164
681517,FF,SI,ST,0.2594405599964595,-0.2919435943064626,0.003964154202380598
681517,FF,SL,ST,0.11819397311094633,-0.4719646232118824,0.0005348618691803572
681517,SI,SL,ST,0.23310006446518397,-0.3402023812904564,-0.007330287061677579
681810,FF,SI,ST,0.33860842801942664,-0.20817041392883107,0.003689487511519751
681892,FC,SI,ST,0.27231780534958,-0.1614643549379849,-0.01364529832505549
681895,CU,FF,SI,0.353239583681709,0.09590107532139402,-0.0037429516763967303
681895,CU,FF,ST,0.32813093574896796,0.06389970286387962,-0.010087555568948501
681895,CU,SI,ST,0.3410422229025287,0.051523852290322796,-0.001433204468104032
681895,FF,SI,ST,0.30546358958355263,-0.10003690272064718,0.0017999742041536655
681911,CH,FF,SL,0.3771651875988398,-0.14693546232860613,-0.011640126471791782
681982,FF,SI,ST,0.3747374563824521,-0.014420503677178897,0.00048011754091434496
682052,CH,FC,FF,0.4409602241815432,-0.12270308463504238,-0.0006599780087083954
682052,CH,FC,SL,0.3369037816663196,-0.10735664678684224,0.007756020706820743
682052,CH,FF,SL,0.34538492373642365,0.06920666029632228,0.0016440211044828016
682052,FC,FF,SL,0.39568344580360143,0.1333129293015666,-0.0021594913374433015
682120,CU,FF,SI,0.20170515009994894,-0.10831898860961753,-0.0001986891905435646
682120,CU,FF,SL,0.2738564700416097,-0.016360980000815612,0.006467054790461849
682120,CU,SI,SL,0.24320038235325359,-0.11605076696824806,-0.00044798682977049585
682120,FF,SI,SL,0.18157137327980885,-0.46520828290748956,0.004031545435370803
682227,CH,FC,FF,0.521852465964888,-0.049738216361118553,0.020931168896991495
682243,FF,FS,SL,0.24867195626292538,-0.2471462772304588,-0.004965777512254616
682254,CU,FF,SI,0.1813222297668895,-0.3333030337293929,-0.004335630730376216
682254,CU,FF,SL,0.2179853149192885,-0.31679636368777503,-0.009920484679774012
682254,CU,SI,SL,0.17197234802977598,-0.34521960720258743,-0.010662878409997668
682254,FF,SI,SL,0.21592504966184897,-0.3991197111431976,-0.01602492647762965
682608,CH,FF,SL,0.0858648401940575,-0.5198335264196418,0.00021178846189174629
683003,CH,FF,SL,0.3028062192865137,-0.33520618214544645,0.0015130943684368513
683004,CH,CU,FC,0.19785819083731562,-0.2663511326484339,0.01641330690765681
683004,CH,CU,FF,0.18952389108365886,-0.17067589866756236,0.00887596253347998
683004,CH,CU,SI,0.2022794681519214,-0.17999530055872714,0.01803977374583729
683004,CH,CU,SL,0.19208327744180131,-0.4144410769852669,0.014252049062764342
683004,CH,FC,FF,0.1721287574209346,-0.5539770179870319,0.004450960961601185
683004,CH,FC,SI,0.19135442610646958,-0.5550501848665301,0.010967627838557441
683004,CH,FC,SL,0.17760890969492546,-0.5380742234797576,0.008822038058854764
683004,CH,FF,SI,0.10429637792987145,-0.6404304680727454,0.005260979660810649
683004,CH,FF,SL,0.08346317254388286,-0.5517670357841504,0.004875010475962482
683004,CH,SI,SL,0.07520020659299095,-0.5878749061532681,0.010917977976355438
683004,CU,FC,FF,0.12231231791655213,-0.2563381211869755,0.005118929394288306
683004,CU,FC,SI,0.15769457806661927,-0.23681945442870175,0.012472573198774579
683004,CU,FC,SL,0.15841343360747462,-0.3166241051712749,0.009535878324959054
683004,CU,FF,SI,0.1582838412902159,-0.21049184063740659,0.005018461521944975
683004,CU,FF,SL,0.15191500785662682,-0.21860902047815736,0.004705594401121257
683004,CU,SI,SL,0.15980863337026707,-0.23412505720950302,0.010082001809150615
683004,FC,FF,SI,0.14709457602724196,-0.726613206714234,0.0010084288460333933
683004,FC,FF,SL,0.1371764168922288,-0.4833086487416724,0.001276521808802723
683004,FC,SI,SL,0.1515401340231415,-0.4905784504613515,0.0053311941307210495
683004,FF,SI,SL,0.06631795984935233,-0.5736188829553206,0.0013099992348202408
683618,FC,FF,SI,0.15268844538419402,-0.6392761095056548,-0.015913505882516388
683618,FC,FF,SL,0.13336101731024919,-0.40328051752002003,-0.011776954152698318
683618,FC,SI,SL,0.11995533881576592,-0.4138753622442297,-0.01815582828760995
683618,FF,SI,SL,0.17959707288401852,-0.33786102045080363,-0.010952385968737441
683769,CH,FF,SL,0.2310327873142719,-0.04764649288836731,-0.0026530873355073946
684007,FF,FS,SI,0.3094871805829326,-0.27664599115911276,-0.005630356578839342
684007,FF,FS,ST,0.2926431430782596,-0.18902667704650244,-0.002686308754046408
684007,FF,SI,ST,0.2498843239632275,-0.2435234743256323,0.0012519814829273159
684007,FS,SI,ST,0.20236076503750455,-0.3564635100259274,0.0015013280930515512
685126,CH,FF,SL,0.49025699509991844,-0.12726219670033842,0.007173825650376969
685299,CH,FF,SL,0.28099367941703207,-0.3208856565904463,0.006244315550282962
686218,CH,CU,FF,0.39240791031675193,0.24328200461014357,0.010743731133758828
686218,CH,CU,SL,0.47924006031718563,0.06070550780254084,-0.0003739749022161742
686218,CH,FF,SL,0.34446405350850057,-0.23789234430643,0.0064654576909938585
686218,CU,FF,SL,0.4522628034465192,0.31956802102892184,0.002696651534365302
686613,CH,FF,KC,0.36703865412108616,-0.0020347678232663876,-0.0011420539903959077
686613,CH,FF,SI,0.34237911851201513,-0.26531311915550326,-0.005689477313723447
686613,CH,KC,SI,0.32484313424741634,-0.0695001913202428,-0.0029838939702212294
686613,FF,KC,SI,0.17257533675527315,-0.2498813689232989,-0.005742767042710366
686790,CH,SI,SL,0.2917031494118211,-0.25921333767329763,-0.0034715185615045814
686799,CH,FF,SI,0.2060280378469536,-0.5423588049034849,0.0032684964561565766
686799,CH,FF,SL,0.2855816690182731,-0.24453061239626517,0.004116466127196734
686799,CH,SI,SL,0.2374901811991911,-0.3129940465464497,0.0017750284649103271
686799,FF,SI,SL,0.17243936448553673,-0.3887322849734775,-0.0021705803817806553
686930,FF,SL,ST,0.15111283828332714,-0.333979101237893,0.016477355215059622
686973,CH,FF,KC,0.24448381120112536,-0.29620908664659723,-0.018304206601472466
686993,FC,FF,ST,0.2553815444498845,-0.17953270160395296,0.008499341894620543
687064,CU,FF,FS,0.5271055705277224,0.5815681778947589,-0.0008072337117768624
687064,CU,FF,SI,0.38370833675301297,0.39880611521045434,-0.006044951500045335
687064,CU,FF,SL,0.6054294607543912,0.6813932258296073,-0.004127325965358426
687064,CU,FS,SI,0.47172317086578347,0.4965643203426951,0.006387654840789039
687064,CU,FS,SL,0.6494219919140425,0.3595166669250242,0.00945192955249386
687064,CU,SI,SL,0.5932579677263426,0.6514623583135724,0.004136911665468685
687064,FF,FS,SI,0.2855503848668664,-0.27850075910051436,-0.0019384210744728537
687064,FF,FS,SL,0.4183950024278403,-0.08498384002021431,1.319653541365616e-05
687064,FF,SI,SL,0.33169104780305997,-0.195489413753994,-0.005709572632932711
687064,FS,SI,SL,0.35716236008188224,-0.1774439252273732,0.00950617842748675
687075,CH,CU,FC,0.2904037717510718,-0.19138232438257352,0.018432294196232976
687075,CH,CU,FF,0.29906087113811514,-0.055077041633105894,0.007099470464741451
687075,CH,CU,SI,0.3037043000616199,-0.07733542582970189,0.0071458969392020465
687075,CH,CU,ST,0.28511899276468927,-0.2750625673471539,0.018682114541101517
687075,CH,FC,FF,0.2218951268790341,-0.535359763794133,0.004934547678319362
687075,CH,FC,SI,0.21997721073143703,-0.5659806869854634,0.007132565680058352
687075,CH,FC,ST,0.23753541197425654,-0.41705058168841913,0.013453741237808785
687075,CH,FF,SI,0.23280482918784065,-0.5214551741117283,-0.0008465292829435062
687075,CH,FF,ST,0.2544225763154386,-0.27025594982495577,0.0035891760224550286
687075,CH,SI,ST,0.20833687623747724,-0.35716941843588773,0.005496583438752134
687075,CU,FC,FF,0.12274875896082925,-0.2797896420754051,0.010585010081429303
687075,CU,FC,SI,0.17657508890565635,-0.23936363409204411,0.01127834402034903
687075,CU,FC,ST,0.3012761287054398,-0.17752533195033324,0.018849489981931686
687075,CU,FF,SI,0.18141919394397577,-0.20501323646529646,0.0038268838569995734
687075,CU,FF,ST,0.31017977962853754,-0.040905815333857544,0.009886971714647629
687075,CU,SI,ST,0.31983832564300047,-0.05677235277009803,0.010244325290448462
687075,FC,FF,SI,0.07754027721230534,-0.7962870310292386,0.0044659573356808195
687075,FC,FF,ST,0.24244437143661735,-0.2855223630833032,0.008521735503464814
687075,FC,SI,ST,0.2455415723799784,-0.3097514395142782,0.010689594003502272
687075,FF,SI,ST,0.2586157423724365,-0.2649116927735348,0.003084555651025589
687377,FF,SI,SL,0.3134402351796592,-0.2392829147243727,-0.005780970790034252
687396,FF,SI,SL,0.25311192854004777,-0.2919524837743573,-0.013052559254441645
687473,CH,FC,FF,0.15092152709849238,-0.5568980349546043,-0.002022069390327037
687473,CH,FC,SI,0.2416386398269829,-0.4903736949045912,-0.001965884648724237
687473,CH,FC,ST,0.14114350504806347,-0.4711926649782694,-0.014040561251996698
687473,CH,FF,SI,0.19017590944739013,-0.5068676982554022,0.00425659459673897
687473,CH,FF,ST,0.09828912534483976,-0.352943798737875,-0.0034962470397495384
687473,CH,SI,ST,0.11373346010537173,-0.38235581536134794,-0.0020992535775945257
687473,FC,FF,SI,0.23656885640779737,-0.5460067835937845,0.004175349046253013
687473,FC,FF,ST,0.14728580775957598,-0.29049674514356577,-0.003927839539503393
687473,FC,SI,ST,0.24206968399676254,-0.21878925010699093,-0.003491767452048745
687473,FF,SI,ST,0.19139748011901755,-0.23427571481649664,0.005577330147822599
687562,CH,FF,SI,0.31819459429321895,-0.21869546254918712,-0.01905517624950238
687570,CH,CU,FF,0.30309019055969216,-0.09463959877550793,0.0071315361419227435
687570,CH,CU,SI,0.20904879879434424,-0.22328612275468265,0.006803709894655565
687570,CH,CU,SL,0.24921464644359345,-0.4537988364001569,0.004694181267528557
687570,CH,FF,SI,0.3172634831753762,-0.27569956323412714,0.009502436041746477
687570,CH,FF,SL,0.34879828942751395,-0.2355079494541473,0.0075179068570255005
687570,CH,SI,SL,0.2518351634067391,-0.367878270364971,0.004851929737543504
687570,CU,FF,SI,0.1963853855029651,-0.23063657554517758,0.009623180238749213
687570,CU,FF,SL,0.22707434764158654,-0.1915230035852965,0.007715006257672374
687570,CU,SI,SL,0.10395872450008921,-0.35722509940077357,0.004711374832569108
687570,FF,SI,SL,0.18442957877905752,-0.494832585011572,0.008169356720383379
687911,FF,SI,ST,0.21995343204992268,-0.24686011987325687,-0.0018883250015975196
688107,CH,FC,FF,0.30476756936646354,-0.4416611265543901,0.002246966599864694
688107,CH,FC,SI,0.19168632655089013,-0.6068603103266739,-0.004899047816511728
688107,CH,FC,ST,0.24126292107686298,-0.33165293103493804,0.008240309077251894
688107,CH,FF,SI,0.3297197307642416,-0.40985919868279486,-0.00400053990902014
688107,CH,FF,ST,0.3855143529956459,0.016310619923689484,0.008436982072000675
688107,CH,SI,ST,0.30142437625991825,-0.11193873260633645,0.0028054686920278276
688107,FC,FF,SI,0.23807345986744174,-0.5528438003800948,-0.005330313219147717
688107,FC,FF,ST,0.31059471018959606,-0.07917566035084596,0.004865335993857635
688107,FC,SI,ST,0.2639642609384707,-0.15968224734732392,-7.323505185930033e-05
688107,FF,SI,ST,0.371492508850859,-0.0015604441901781452,0.0009126663695420501
688158,CU,FF,SI,0.21451466793496285,-0.12333570313555393,0.01130157345214319
688642,FC,FF,FS,0.4753046072458922,-0.10050896320655008,0.017818959932282958
688642,FC,FF,SI,0.3071432792739011,-0.54851398520439,0.01569522164643969
688642,FC,FF,SL,0.26861600153015464,-0.29673693962194597,0.014152795155059537
688642,FC,FF,ST,0.20361423373848972,-0.32815545225919984,0.010844752553282967
688642,FC,FS,SI,0.37120342689709757,-0.26670342378259676,0.0063034088526700595
688642,FC,FS,SL,0.3693553229670982,-0.24875509419948214,0.003486753585995532
688642,FC,FS,ST,0.35151234994646785,-0.22006897037212272,0.00022276332689438304
688642,FC,SI,SL,0.26603139528666636,-0.3335469065662748,0.002031569499614843
688642,FC,SI,ST,0.19088648053295051,-0.3778930218643089,0.0013167557483130194
688642,FC,SL,ST,0.1770143612184212,-0.44246944152978146,-0.003120094279524765
688642,FF,FS,SI,0.47996740374297425,-0.09456615466518914,0.01953831460177807
688642,FF,FS,SL,0.5035522615845912,0.0026930727752508634,0.0205692717443399
688642,FF,FS,ST,0.46753928551929363,0.00822123777726258,0.012740232699828541
688642,FF,SI,SL,0.381291480280157,-0.1531302439541258,0.01408753194990912
688642,FF,SI,ST,0.287976562481774,-0.22063431807750764,0.009964439733636659
688642,FF,SL,ST,0.2995374049388609,-0.20589983988565477,0.008347843419124368
688642,FS,SI,SL,0.3496727040111253,-0.2269447239041371,0.001107074866382539
688642,FS,SI,ST,0.3035165809837769,-0.2343441615629057,-0.003241586532360957
688642,FS,SL,ST,0.35175659725461084,-0.45343839937038216,-0.006451529896765152
688642,SI,SL,ST,0.23703127450865055,-0.31908074559410515,-0.009052291481834417
689147,FF,SI,ST,0.3125836559601767,-0.22477023111342032,-0.006816266380126279
689296,CH,FF,SI,0.25161623015856205,-0.36771594655822853,0.01204527015447618
689296,CH,FF,ST,0.2608228516430357,-0.27594948313711076,-0.006186749230557582
689296,CH,SI,ST,0.14945262191647377,-0.4396309792755811,-0.0036621296847623207
689296,FF,SI,ST,0.19442065066733616,-0.3605801478831481,0.00101639213801791
690928,FF,FS,SI,0.3889295089549392,-0.2595809828989316,-0.005518049458920805
690928,FF,FS,SL,0.37365040370997743,-0.27039348143253433,-0.0034078283323693945
690928,FF,FS,ST,0.373204355404208,0.011150008571485811,0.008743965214545686
690928,FF,SI,SL,0.2571702761686813,-0.4188492626969332,-0.006166392405461244
690928,FF,SI,ST,0.359810907060019,-0.005920155066994226,0.004777385195619786
690928,FF,SL,ST,0.3449873783604664,-0.024812978938663816,0.0052218081422971616
690928,FS,SI,SL,0.3101481691861862,-0.36826181462759067,-0.01898307098928933
690928,FS,SI,ST,0.30389349483792993,-0.0941215112049416,-0.005226339553376627
690928,FS,SL,ST,0.1391749733295677,-0.5522313481359286,-0.0006980796518333224
690928,SI,SL,ST,0.2814036911789728,-0.12278512484572957,-0.009852229768848728
690986,CH,FF,SV,0.2903089760973631,-0.1151783089572348,-0.013051762626915925
690997,CH,CU,FC,0.4145185745167707,0.04142750099233263,0.007921787821359876
690997,CH,CU,FF,0.4237037675199595,0.1730493350118055,-0.0040281681648813876
690997,CH,CU,SI,0.3625273264473725,0.057770930258844035,-0.01764161186468234
690997,CH,CU,ST,0.333437986469795,-0.2582042147912919,0.009951257708810564
690997,CH,FC,FF,0.2232022038960846,-0.4197018810773608,0.004187758979114744
690997,CH,FC,SI,0.2115995191238821,-0.47179774236019,-0.011453048402499883
690997,CH,FC,ST,0.41599863464298337,-0.13554957816331106,0.022425221022400556
690997,CH,FF,SI,0.2280369664773385,-0.4135398990176016,-0.015616742114138445
690997,CH,FF,ST,0.42457384050506325,-0.004705182488953685,0.007607228570144866
690997,CH,SI,ST,0.3659398412429666,-0.11674320458383654,-0.00861318745318971
690997,CU,FC,FF,0.31492553428284575,0.034409740939834364,-0.00016239903695420155
690997,CU,FC,SI,0.31762278228898694,0.0005393721718958503,-0.013686901219158144
690997,CU,FC,ST,0.31265082836994146,-0.08840456701007778,0.012310733452993813
690997,CU,FF,SI,0.32447344352996615,0.04657870363452499,-0.016888608643737042
690997,CU,FF,ST,0.3116392481195442,0.03022131678432031,0.0022947705817280076
690997,CU,SI,ST,0.2673051816357912,-0.06359121279567184,-0.011410039139382159
690997,FC,FF,SI,0.08882524474355323,-0.787260672303339,-0.011973327205501065
690997,FC,FF,ST,0.30947950482981,-0.15139474990652876,0.010524765446804559
690997,FC,SI,ST,0.3147191946464415,-0.18202473601638866,-0.005136821083224556
690997,FF,SI,ST,0.3209598687463118,-0.136762842898875,-0.009661993286747047
691587,CH,CU,FF,0.5557368393094938,0.3735991982434195,-0.008126918355561792
691587,CH,CU,SI,0.4901528077163558,0.29115581948484814,0.011885217598561494
691587,CH,CU,SL,0.602511633020902,0.15170159590942917,0.0035712616918271572
691587,CH,CU,ST,0.49036915294428196,0.008774215556075974,-0.0018147860116995078
691587,CH,FF,SI,0.3617285193393021,-0.27669891361227483,-0.0038764028774165562
691587,CH,FF,SL,0.3732386786761701,-0.20014934224696188,-0.007316915670456239
691587,CH,FF,ST,0.358837172688145,-0.0014697396143329156,-0.00844618576179531
691587,CH,SI,SL,0.33036195500587023,-0.25365189470963934,0.004778320353818882
691587,CH,SI,ST,0.2587888655664763,-0.12783838749218454,0.0023475692934928133
691587,CH,SL,ST,0.3687446931695868,-0.270355269983535,-0.004336732725551775
691587,CU,FF,SI,0.4492184565926188,0.23898433577428013,-0.005955507853125661
691587,CU,FF,SL,0.49661869549242477,0.29825218058023434,-0.009461778571866898
691587,CU,FF,ST,0.35562103650455684,0.11854841425259055,-0.010462538490700455
691587,CU,SI,SL,0.5519600340768821,0.3699301157602743,0.0020393315636424566
691587,CU,SI,ST,0.35379079163764526,0.11736025401745624,-0.00013873833372682093
691587,CU,SL,ST,0.49963669880369393,-0.04243835503325294,-0.007293439662866484
691587,FF,SI,SL,0.3637988608214661,-0.21103602468358237,-0.005904858129222138
691587,FF,SI,ST,0.26337059247082434,-0.12199890344041824,-0.006523602281362316
691587,FF,SL,ST,0.3083678336691946,-0.06579371755039548,-0.01004871215668559
691587,SI,SL,ST,0.32924489672512136,-0.03804105148963594,-0.0028367128523314384
691725,CU,FF,FS,0.2286530356834687,-0.0927475433501832,0.017954229940566356
691725,CU,FF,SI,0.19444519483871048,-0.13634598237298,0.018356823958380807
691725,CU,FF,SL,0.2734352031392741,-0.035671956323480025,0.015878407070104003
691725,CU,FF,ST,0.28294874853479896,-0.023546790906003572,0.010148088003481926
691725,CU,FS,SI,0.17315744569942645,-0.21460842220167187,0.007927450077880632
691725,CU,FS,SL,0.21986771482998516,-0.4249391191761709,0.005821903038677286
691725,CU,FS,ST,0.2505425163774347,-0.4094854124243843,-0.004942149460348173
691725,CU,SI,SL,0.2183807013295835,-0.15697066125816347,0.010910081284067702
691725,CU,SI,ST,0.21781346777207722,-0.15769360947874403,0.002347474137346324
691725,CU,SL,ST,0.2770294719350044,-0.3520855475962216,0.003831106293125464
691725,FF,FS,SI,0.15176258595302156,-0.48232482406841876,0.018721660358777505
691725,FF,FS,SL,0.18521709505863893,-0.4396865183683278,0.016110258990381408
691725,FF,FS,ST,0.2746985864812674,-0.09246972547729249,0.010601654258824464
691725,FF,SI,SL,0.19730495606176424,-0.44792216393841505,0.01892928058345035
691725,FF,SI,ST,0.2555444123794369,-0.116882026019747,0.014829014446207107
691725,FF,SL,ST,0.3015046565174227,-0.05830496146263456,0.013254259388241079
691725,FS,SI,SL,0.09525781371103843,-0.6054719218115175,0.011845501921322051
691725,FS,SI,ST,0.17465852618063574,-0.2711032425585393,0.004394924050827622
691725,FS,SL,ST,0.1883390311486167,-0.5235309010254259,0.004616164160722008
691725,SI,SL,ST,0.2019056843911428,-0.23637630462707615,0.012239525231900281
691799,CU,FF,SI,0.30091198779966283,-0.0309983717942041,-0.020630272420008
691799,CU,FF,SL,0.26141773721963407,-0.10692039080124678,-0.012898945010937208
691799,CU,SI,SL,0.3005714154355867,-0.0314324367068482,-0.020759181772707136
691799,FF,SI,SL,0.14806480831943158,-0.4773613474353738,-0.013419797664920794
693433,CH,FF,SI,0.26455935079986664,-0.45404985239290535,-0.011246092936529069
693433,CH,FF,SL,0.3052511881846354,-0.3126487813589288,-0.015404036710623641
693433,CH,FF,ST,0.2610260536925712,-0.23606457124846084,-0.014912091948937578
693433,CH,SI,SL,0.21152335311963455,-0.4350855298809986,-0.0038364034290948893
693433,CH,SI,ST,0.16976322053825021,-0.35535963550049493,-0.0038631070597189426
693433,CH,SL,ST,0.06832715571386731,-0.7108124481425961,-0.007495505002410461
693433,FF,SI,SL,0.306119716690435,-0.3115418279188825,-0.0076730467927558915
693433,FF,SI,ST,0.2569618291411973,-0.24124449029340042,-0.007081466009585702
693433,FF,SL,ST,0.29961072389337384,-0.18688779336883052,-0.010633291493265102
693433,SI,SL,ST,0.20204872644474925,-0.31421124303186204,0.0021961023794806276
693645,CU,FC,FF,0.19624995757310082,-0.31216999637064674,-0.00746850252800409
693645,CU,FC,SI,0.23355362663899062,-0.26861547755242654,-0.005976069338339636
693645,CU,FF,SI,0.19269698109441102,-0.3166983215887912,-0.01526829281836294
693645,FC,FF,SI,0.14671036663807882,-0.7395236245595292,-0.012692820618776624
693686,CU,FF,SI,0.37673580851369787,0.13072863652046993,-0.017694740276483226
693686,CU,FF,SL,0.4597436322716364,0.2280587260183928,-0.0011147781070357334
693686,CU,SI,SL,0.39869682557566377,0.15871830320536487,-0.017175986167569882
693686,FF,SI,SL,0.25342867327803764,-0.36713022775304865,-0.015100270533751091
693821,CH,FC,FF,0.4834586653288914,-0.10021203467481482,-0.003064615027595417
693821,CH,FC,SI,0.49298984102087,-0.15936238269993122,-0.00720056286394816
693821,CH,FC,SL,0.47533376004985195,-0.1610988397356633,0.0054792324500941795
693821,CH,FF,SI,0.48456147541876415,-0.09880648561735632,-0.005618556033688177
693821,CH,FF,SL,0.4589444041944308,-0.04217102899582409,0.00739432268069261
693821,CH,SI,SL,0.2927159245897118,-0.32532986235318734,-0.001150457607784489
693821,FC,FF,SI,0.2678139674002143,-0.539235541751052,-0.003974559933568031
693821,FC,FF,SL,0.2798828697867598,-0.2703878119442147,0.0076995491335763245
693821,FC,SI,SL,0.27294233949748437,-0.35053161208705474,0.0005782005908977817
693821,FF,SI,SL,0.2747407043356201,-0.27694158386697554,0.001153130109149992
693855,CH,FF,SI,0.2823644136580195,-0.32568634526965623,-0.0038803859132462686
693855,CH,FF,ST,0.37397358443840595,-0.09403976577468864,-0.0070254662499356114
693855,CH,SI,ST,0.3945213245075497,-0.12619213781396452,-0.00486954479184649
693855,FF,SI,ST,0.24839176321657755,-0.25409580087374795,0.001194493904045734
694297,CH,CU,FC,0.4791596937994125,-0.04069689463671703,-0.014563615255459053
694297,CH,CU,FF,0.5171522481063618,0.12762029276552583,-0.015300188416450384
694297,CH,CU,SI,0.40770551346306555,-0.03500248825506692,0.00041561484035247806
694297,CH,CU,ST,0.3857089032535332,-0.29413285666080796,-0.005250722475781922
694297,CH,FC,FF,0.39899627838406165,-0.25763139046424105,-0.019704463975319348
694297,CH,FC,SI,0.3223257831249023,-0.37848033136815024,-0.0045152405016039175
694297,CH,FC,ST,0.32383829526561186,-0.3297827191056653,-0.010298373565866867
694297,CH,FF,SI,0.39729096349469245,-0.25980484150303185,-0.007443641562442912
694297,CH,FF,ST,0.39869314474472944,-0.11448394828231105,-0.012428413453851126
694297,CH,SI,ST,0.20111106452313313,-0.3894366336481366,-0.0016573775649050002
694297,CU,FC,FF,0.3565288469333548,-0.07709679515172163,-0.021917091686562536
694297,CU,FC,SI,0.36430854337309415,-0.090312619134949,-0.005931524436152363
694297,CU,FC,ST,0.39943826532570054,-0.14230312736841497,-0.011008404830058114
694297,CU,FF,SI,0.40529711918586037,-0.014940853953994027,-0.008868396727239002
694297,CU,FF,ST,0.4403165102477941,0.029691918770775882,-0.013484819299988467
694297,CU,SI,ST,0.3271846217250965,-0.13762764967436783,-0.0013603948604998433
694297,FC,FF,SI,0.20412117134800742,-0.6403342623173786,-0.012870466807871263
694297,FC,FF,ST,0.26264968476018313,-0.28787350892438274,-0.017733835241265462
694297,FC,SI,ST,0.18229403562162247,-0.41341923725284285,-0.006481795573186559
694297,FF,SI,ST,0.2601449066065568,-0.2910658886507765,-0.009555920024270168
694335,FC,SI,ST,0.101525325230169,-0.5060917704614011,0.008993734395358818
694346,FC,FF,SI,0.24772580874366953,-0.5975402328177336,0.007993403349842483
694346,FC,FF,SL,0.3295809332995275,-0.31053132564817476,0.00706601860952459
694346,FC,SI,SL,0.2676499613117938,-0.4157115502266044,0.004256202949782777
694346,FF,SI,SL,0.2878308958664348,-0.3637424145762005,0.0014500885276769208
694361,CU,FF,ST,0.23532778012865227,-0.21164526614342463,-0.0012014064306733459
694477,FC,FF,SI,0.3308736741120322,-0.3902632046151959,-0.009361152488740058
694477,FC,FF,SV,0.3512344602316518,-0.2064821657953103,-0.011414310212249737
694477,FC,SI,SV,0.33294088758861334,-0.23182088852577398,-0.0037196217115319763
694477,FF,SI,SV,0.4076061036293768,-0.1346356067434207,-0.0029043028830654867
694738,CH,CU,FC,0.48454573371785203,0.25353592154042476,-0.006968725871988777
694738,CH,CU,FF,0.7384603499038054,0.7165175998488887,-0.007471309259749692
694738,CH,CU,SI,0.5529347478091636,0.49077036870053314,-0.005459872583147809
694738,CH,FC,FF,0.6783432790905529,0.08341948864399575,-0.001171647633905959
694738,CH,FC,SI,0.4698553274895337,-0.17159362336826,-0.0017452201365363062
694738,CH,FF,SI,0.704571455701608,0.1275558274831273,-0.0013444081254319774
694738,CU,FC,FF,0.45736192328813435,0.3582531695440045,-0.0027643644359889854
694738,CU,FC,SI,0.362867411839602,0.24852651603819362,-0.0025900418502290273
694738,CU,FF,SI,0.5660455550753295,0.5074803017748727,-0.0024927987467919755
694738,FC,FF,SI,0.4059831474163345,-0.352881465922031,0.0026070395698636526
694819,CU,FC,FF,0.2182254135825774,-0.2847122233950391,-0.018135632763452925
694819,CU,FC,SL,0.1523383718354128,-0.5059727923760797,-0.025967340803067788
694819,CU,FF,SL,0.15407322849226932,-0.36647520699087616,-0.01863448463590501
694819,FC,FF,SL,0.18935710736633612,-0.48899567048745496,-0.020288255667821758
694973,CH,FF,FS,0.46217114792703523,-0.1248933013574634,-0.004970314558269162
694973,CH,FF,SI,0.46724503499239584,-0.11842655132691952,-0.0007528746979709267
694973,CH,FF,SL,0.5312577727742651,0.027913649461212654,-0.005254229253771507
694973,CH,FF,ST,0.4674108090901856,0.08161786209986169,-0.0048113289695702255
694973,CH,FS,SI,0.2694247671225718,-0.3800172828148021,0.006455713996554018
694973,CH,FS,SL,0.2958134205179009,-0.395551041918464,-0.004419406941849972
694973,CH,FS,ST,0.2722667837384552,-0.2904834195538343,-0.0004212178292255543
694973,CH,SI,SL,0.3427592675294268,-0.2217963468105885,0.00732412796080536
694973,CH,SI,ST,0.31977361389512193,-0.11601374247567792,0.005204224854388323
694973,CH,SL,ST,0.3951012649388361,-0.31698902448563915,0.0004536351954537287
694973,FF,FS,SI,0.35740527575311404,-0.44147918856107554,-0.004868838844804933
694973,FF,FS,SL,0.45054891150350124,-0.07495108212712902,-0.00916107365259335
694973,FF,FS,ST,0.3527140573975874,-0.06456497818743671,-0.008831697363379142
694973,FF,SI,SL,0.35373143601377316,-0.1983464995881772,-0.005764218996466446
694973,FF,SI,ST,0.25645756505300016,-0.18724541367820402,-0.006936088780144789
694973,FF,SL,ST,0.39854019845177246,-0.006158830150556849,-0.009661155992846449
694973,FS,SI,SL,0.26650641691030946,-0.31898182171732903,-0.001084404853349755
694973,FS,SI,ST,0.20953287285417013,-0.2565173260813752,-0.003469598712812559
694973,FS,SL,ST,0.31399142186640233,-0.23730470244552204,-0.007639816403639527
694973,SI,SL,ST,0.2596068894679804,-0.19269719285895778,-0.00490157918009293
695076,CH,FF,SI,0.3486397466024617,-0.2849364134474289,-0.0012385819207834637
695076,CH,FF,SL,0.364946014944213,-0.22910583286992878,0.0029038676217758687
695076,CH,SI,SL,0.1824375640157784,-0.4795968839304136,0.00583046523543152
695076,FF,SI,SL,0.24867317445787293,-0.3772974234750362,0.002046469199639294
695239,FF,SI,SL,0.3647440226346084,-0.23273660484996825,-0.007286073076494623
695418,FF,SI,SL,0.21811185825656101,-0.3870318908373554,-0.007884182911815911
695418,FF,SI,ST,0.20733463624883539,-0.29241506858983884,-0.0063774097840976224
695418,FF,SL,ST,0.23247558933439028,-0.26037252269955874,0.007136696976751032
695418,SI,SL,ST,0.11789350452132268,-0.40906653284925004,-0.00620048939480324
695505,CH,FF,SL,0.5068709425469683,-0.09704454364411273,-0.01028219221857731
695611,CH,CU,FF,0.3725579674472573,0.0224960465727137,0.005459920588610943
695611,CH,CU,SL,0.314675471334953,-0.37348896876239196,-0.004369042636168742
695611,CH,FF,SL,0.32838798223535803,-0.2754265201657187,0.0009616095284777453
695611,CU,FF,SL,0.1630425006157049,-0.2445347592136727,-0.0005121752017176053
696062,FC,FF,SL,0.118451728524044,-0.49876557847412245,-0.007076689694857964
696131,FF,SI,ST,0.33321906254717965,-0.11577704032966234,0.007315655102790726
696147,CH,SI,SL,0.2705741356512619,-0.3097136135394888,-0.005668677394009777
696149,CH,FF,SI,0.3059837131202307,-0.3924827555559017,-0.0038316581699030117
696149,CH,FF,SL,0.30189783216440574,-0.3733332703357716,-0.0018349029333896755
696149,CH,FF,ST,0.4153750119032344,-0.09862789509624292,-0.002594568376232036
696149,CH,SI,SL,0.1779236059986319,-0.5400261138964748,-0.003797340533868659
696149,CH,SI,ST,0.3546018848429912,-0.18476992932551048,-0.007059175394243814
696149,CH,SL,ST,0.39788993521295896,-0.35883404684878845,-0.0018384701211044744
696149,FF,SI,SL,0.3126791497133153,-0.3595923090785349,-0.0016990250277392244
696149,FF,SI,ST,0.32499755044792983,-0.21381541190492367,-0.0026853664910309475
696149,FF,SL,ST,0.40994520538258233,-0.10554827015208357,-0.000601600094993369
696149,SI,SL,ST,0.38248354989904493,-0.14923430229435639,-0.0009991544978072706
696270,FC,FS,SI,0.294133306252418,-0.31952304707965534,0.011110933421118574
696270,FC,FS,ST,0.3048997871450325,-0.21285032194493447,0.004327207764862037
696270,FC,SI,ST,0.13634266140416207,-0.32967551750114815,0.018668952628386803
696270,FS,SI,ST,0.26042411558738804,-0.17153172413465478,0.02290925075597331
699134,CH,FF,SI,0.14547594621824952,-0.5379113104843879,-0.012379972458930228
700241,CH,CU,FC,0.47426465117597516,0.04498697074996288,-0.0007104266017034749
700241,CH,CU,FF,0.38562398791095864,0.10679116527792676,-0.004369173704902092
700241,CH,CU,SI,0.3085391470914057,-0.03190903772327808,-0.017081919962353177
700241,CH,CU,ST,0.40692303706081784,-0.09199603094778441,0.0041712571044876575
700241,CH,FC,FF,0.45036254980582485,-0.2204575925499972,-0.0009968742097360012
700241,CH,FC,SI,0.4793369514042134,-0.22398359866612716,-0.01417789392034355
700241,CH,FC,ST,0.5917992271268058,0.015410691822115852,0.009947941334940499
700241,CH,FF,SI,0.38198252038333713,-0.30760903121234734,-0.011595323162455354
700241,CH,FF,ST,0.4963333785812529,0.06851607879823297,0.0064826570107574515
700241,CH,SI,ST,0.31603746928477844,-0.20172827795093617,-0.008052259861179911
700241,CU,FC,FF,0.31463638511989384,0.01631633274738979,-0.0032188599376227044
700241,CU,FC,SI,0.4179855232116711,0.10758211511505318,-0.014584561571886968
700241,CU,FC,ST,0.5855531353437406,0.18682591968997767,0.010759574926179733
700241,CU,FF,SI,0.3296603442815529,0.03546460844135113,-0.011504157574952911
700241,CU,FF,ST,0.4991165388889458,0.25143923253861294,0.007295968420784604
700241,CU,SI,ST,0.39319536608586003,0.07598666427323718,-0.006902772410308718
700241,FC,FF,SI,0.3107665444912832,-0.44952996881925816,-0.009259391186457699
700241,FC,FF,ST,0.49430112485185634,0.065925938990753,0.011585383913377517
700241,FC,SI,ST,0.49443919446671214,0.025647567610452133,-0.0005801332659050662
700241,FF,SI,ST,0.3992888302560576,-0.05516874661509669,0.0003087023066867785
700669,CH,CU,FF,0.2854420718533109,-0.13753167402658417,-0.0179071659705466
700669,CH,CU,SL,0.31166456360856926,-0.37752835978812177,-0.007241791625771488
700669,CH,FF,SL,0.3636541244647329,-0.27884144562658425,-0.016184013002153313
700669,CU,FF,SL,0.21362981085089752,-0.2290575466068364,-0.01182834285399259
700712,CH,FF,SI,0.24232670653414679,-0.4454452688518416,-0.007310498585610545
700712,CH,FF,ST,0.3472764909728481,-0.14797871050719774,-0.012852566083786685
700712,CH,SI,ST,0.23846222169183853,-0.2898782994116851,-0.009669298074197374
700712,FF,SI,ST,0.3121888662125183,-0.1926984481694017,0.0005706252534310109
701519,CH,FC,FF,0.3659509772522212,-0.2285007981195121,0.0067005498715664
701519,CH,FC,SL,0.3619927085335706,-0.31910734869416996,-0.0022799422828183456
701519,CH,FF,SL,0.337934346599203,-0.2642084409576892,0.009359284746233472
701519,FC,FF,SL,0.1966180771964379,-0.4642491592233616,0.0025308602796833214
701542,CH,CU,FF,0.3078838270788972,-0.08124036910432025,-0.001479350577832873
701542,CH,CU,SI,0.3341852131325697,-0.0742219679983139,0.008032589706624911
701542,CH,CU,ST,0.3405586789850286,-0.3095696025811973,0.015728664368090808
701542,CH,FF,SI,0.3429973789339172,-0.3132555366972073,0.0025082484265656416
701542,CH,FF,ST,0.38519371625055365,-0.10526068214242341,0.005185946925641841
701542,CH,SI,ST,0.44396504385931923,-0.05685882239054857,0.010958464550684291
701542,CU,FF,SI,0.2691824283511796,-0.1305659193541804,0.006040692147441911
701542,CU,FF,ST,0.2518516595376464,-0.1526542607600017,0.009411633206381533
701542,CU,SI,ST,0.3473147978510045,-0.05748810276141927,0.01644559086769003
701542,FF,SI,ST,0.27561262728910757,-0.24492352864649805,0.009051865100559617
701656,CH,FC,FF,0.12240394323412394,-0.41458669105555895,-0.00803339706987145
702056,FF,FS,SL,0.2559219317493393,-0.23734568983743343,-0.005746270271485209
702070,CH,CU,FC,0.28131652600180146,-0.2526398284382469,-0.009676322263913038
702070,CH,CU,FF,0.2807180111172653,-0.16068293903802502,-0.0034121382567136936
702070,CH,CU,SL,0.40581412907885617,-0.305045090183201,-0.004466277486550387
702070,CH,FC,FF,0.27072002156404684,-0.1734255362649221,-0.002995229258775282
702070,CH,FC,SL,0.39602145096355956,-0.1064465711889805,-0.004297281334991245
702070,CH,FF,SL,0.36565007498505836,-0.05243566834868921,0.00037728954486747866
702070,CU,FC,FF,0.0601150449393281,-0.49160008321178345,-0.0032757181884419057
702070,CU,FC,SL,0.32005262958993663,-0.2530251898333932,-0.004404070972675341
702070,CU,FF,SL,0.3162174196464428,-0.16519351993485698,0.00017952405849778162
702070,FC,FF,SL,0.29509725376981494,-0.3404797145238841,-0.00031566913921138567
702193,CH,FC,FF,0.33198727899533426,-0.28102485199612515,-0.014399030529623581
702193,CH,FC,SI,0.3048488712993542,-0.33848203580570074,0.002902234141800741
702193,CH,FC,ST,0.3073649456097672,-0.20696081766819088,-0.0012934011400679776
702193,CH,FF,SI,0.3128597691034939,-0.3054031685774575,-0.010713135306825508
702193,CH,FF,ST,0.3114132229015956,0.009229748778779042,-0.014178330303408477
702193,CH,SI,ST,0.21209148298852068,-0.14022624379546983,0.008406609896100469
702193,FC,FF,SI,0.18305284498555274,-0.5760502786999039,-0.01379317526880613
702193,FC,FF,ST,0.156434251481357,-0.18829342334847957,-0.016322255805116627
702193,FC,SI,ST,0.15300767845113722,-0.21552949549873204,0.001449088601426075
702193,FF,SI,ST,0.13712876145281974,-0.21289857845412166,-0.013366095190549768
702273,CH,FC,FF,0.3195378205157056,-0.37517998848677575,0.008074227889658836
702273,CH,FC,SI,0.3155921142739607,-0.3941012169623665,0.001984272083392924
702273,CH,FC,ST,0.35986072118332424,-0.2093478088537651,0.01641240280529909
702273,CH,FF,SI,0.26966982238956466,-0.43873754785915153,0.004166437738873671
702273,CH,FF,ST,0.3522844206317381,-0.043399696701368486,0.020055237054013866
702273,CH,SI,ST,0.32052102518442027,-0.09777501396579102,0.011993413670913514
702273,FC,FF,SI,0.11357942016625745,-0.7000220115789663,0.0008114366240024193
702273,FC,FF,ST,0.24287272315102917,-0.18284665106020614,0.012219579382493604
702273,FC,SI,ST,0.2564463023052472,-0.17943927073744567,0.0070648667288347195
702273,FF,SI,ST,0.23805632782707295,-0.1889852237574469,0.008591032379675416
702275,CH,CU,FF,0.307753067078711,-0.11753699452215634,0.011611103717073985
702275,CH,CU,SI,0.23549611479130372,-0.2202410793328383,-0.004828130065515423
702275,CH,FF,SI,0.18155213563499528,-0.5380555642724089,0.008726447426311556
702275,CU,FF,SI,0.2767336483011606,-0.1570717387415613,-0.0015630782317807611
702474,CH,FF,ST,0.2918701049636078,-0.027402813798669972,0.015659320440156124
800048,CH,CU,FC,0.49359176601580934,0.15405251293043615,0.010314699353222375
800048,CH,CU,FF,0.38712698602147383,0.14253941716639065,-0.010399650140835257
800048,CH,CU,SI,0.3005681889671407,-0.018179144302520118,-0.007804348951282417
800048,CH,CU,SL,0.4105296808362122,-0.09661244383609198,0.007000523148036035
800048,CH,FC,FF,0.4622283985626972,-0.08940671802116902,-0.012568019184746372
800048,CH,FC,SI,0.4487876775109989,-0.15693512485471117,-0.01069361838558767
800048,CH,FC,SL,0.4735115720973453,-0.1992040985352664,0.004690771370644816
800048,CH,FF,SI,0.356276115266629,-0.2244445937986331,-0.018992184200506523
800048,CH,FF,SL,0.4175099778606819,-0.146401058792938,-0.013034208111868308
800048,CH,SI,SL,0.30052074562311537,-0.34590369549168526,-0.01152079826208187
800048,CU,FC,FF,0.25563649010425266,-0.025047318118678736,-0.01096175602358191
800048,CU,FC,SI,0.3451663023043332,0.03866186281299672,-0.006416925365435893
800048,CU,FC,SL,0.36801225017461237,-0.006000583924220741,0.01670075641186601
800048,CU,FF,SI,0.23838372112158582,-0.04703624749539096,-0.01849640470347237
800048,CU,FF,SL,0.2977396369995715,0.0286138144536419,-0.01165306748899935
800048,CU,SI,SL,0.2837209380137838,-0.03965123447988774,-0.007556912316746661
800048,FC,FF,SI,0.29738200812429655,-0.5171889430955809,-0.021336083296897665
800048,FC,FF,SL,0.2715003267195571,-0.40537455529353145,-0.01471075212574213
800048,FC,SI,SL,0.3305997037364042,-0.3804494495916924,-0.01289290898397246
800048,FF,SI,SL,0.274280308311329,-0.4018314243937062,-0.022390213178177423
801139,CU,FC,FF,0.13203477277359849,-0.320911891955769,-0.007020283850082616
801139,CU,FC,SI,0.15161165733239884,-0.3340458207011529,-0.008272615333578892
801139,CU,FF,SI,0.13011882474886677,-0.323353798286724,-0.0009178066975889651
801139,FC,FF,SI,0.10672128164750559,-0.6210706840878998,-0.003536134350140376
801403,FF,SI,SL,0.21465416712378257,-0.3611801253717508,-0.009491429864048356
804267,FC,FF,SL,0.24215038525889745,-0.4408172708946094,-0.008386851035514377
804267,FC,FF,ST,0.29116309010918817,-0.09651539098470613,-0.010761053308027776
804267,FC,SL,ST,0.31455751860449105,-0.17572899393389463,-0.006422122318219653
804267,FF,SL,ST,0.38487328260476744,0.02291974471632773,-0.008834139098867828
805123,CH,FF,ST,0.2780009940723796,-0.22269047597359012,-0.0071661551484500235
805673,CH,CU,FC,0.2429081453031793,-0.21333393447336854,0.01313155084144498
805673,CH,CU,FF,0.33336346376847326,0.05050384159369493,0.006917985486839636
805673,CH,CU,SL,0.2897594660838404,-0.30573819205371183,0.0021346500669911896
805673,CH,FC,FF,0.2861550836394476,-0.3376162009743093,0.007700742950344793
805673,CH,FC,SL,0.23512494838225662,-0.5512059519215861,0.003846357500668348
805673,CH,FF,SL,0.26189398068575764,-0.3685373638314595,0.0006269300277268765
805673,CU,FC,FF,0.19275529396507196,-0.12870351455313475,0.004639682068093532
805673,CU,FC,SL,0.24039419576225277,-0.21653800327922734,0.0006493096286237449
805673,CU,FF,SL,0.29803889282829193,0.00548211224423939,-0.002590366659885099
805673,FC,FF,SL,0.24363232436961266,-0.40920369518183836,-0.000989502106794925
806188,CU,SI,SL,0.23531753857677973,-0.0967593110768507,0.0067190617689132405
806188,CU,SI,ST,0.2436009987745785,-0.08620190887276412,0.010008990948456482
806188,CU,SL,ST,0.29876473378871005,-0.18924403222316344,-0.0008807518381430523
806188,SI,SL,ST,0.19434642097100338,-0.22481888578696815,0.013684024700924393
808963,FF,FO,FS,0.31303002703203703,-0.14426921741573626,0.005987685033710852
808963,FF,FO,SL,0.28398923964979034,-0.18128216434813246,0.011903135571997651
808963,FF,FS,SL,0.06943722465157252,-0.5113246717495848,0.004100165202871449
808963,FO,FS,SL,0.2982895545024263,-0.4312956043729647,-0.0033496693874088927
808967,CU,FC,FF,0.3663801911418508,0.32394683894889353,-0.01571643759250619
808967,CU,FC,FS,0.5619217747811734,0.4280802796067174,-0.004836120463925941
808967,CU,FC,SI,0.45685610413836136,0.41894496983949114,-0.013684282642902008
808967,CU,FC,SL,0.5044952510442919,0.3548892587294885,-0.009517409461717096
808967,CU,FF,FS,0.5576958387297353,0.5677816846885188,-0.010837894214632413
808967,CU,FF,SI,0.4568595504097995,0.4392642261458075,-0.019639287219412042
808967,CU,FF,SL,0.5028380574070854,0.4978645670085246,-0.017143359947350872
808967,CU,FS,SI,0.5808111452530419,0.576927647732907,-0.00990119994706505
808967,CU,FS,SL,0.6233193333440347,0.491544459828579,-0.0057818206246138485
808967,CU,SI,SL,0.5122402225845658,0.4895329125823961,-0.016384722012015147
808967,FC,FF,FS,0.2480562453426752,-0.5443579641798868,-0.012695247204052844
808967,FC,FF,SI,0.13360733764828608,-0.7050129112447685,-0.02082754276388146
808967,FC,FF,SL,0.18591961635656062,-0.44262280012368277,-0.018842622775557098
808967,FC,FS,SI,0.22855609077328687,-0.5895260863275471,-0.011305894772206927
808967,FC,FS,SL,0.2773980505752682,-0.4711195039735063,-0.0077520818518461284
808967,FC,SI,SL,0.15270632044134608,-0.5052685397418597,-0.016282973997672867
808967,FF,FS,SI,0.26715656439124796,-0.5200143027621925,-0.016233312040112195
808967,FF,FS,SL,0.31433788428458465,-0.2789516684354321,-0.0137992623464022
808967,FF,SI,SL,0.19387553647353883,-0.4324828529792704,-0.023391052829170172
808967,FS,SI,SL,0.21376398189616616,-0.4274495758998184,-0.01302678630784972
813349,CH,CU,FF,0.28644677719893624,-0.05316462239852691,0.0023142824761444728
813349,CH,CU,SI,0.2503890369330074,-0.15237616510990581,0.00019025851312162593
813349,CH,CU,SL,0.22864227877215745,-0.37340266373732195,0.0095874481042577
813349,CH,CU,ST,0.22918512370923563,-0.5351088984896258,-0.007379261880759201
813349,CH,FF,SI,0.25855293034142596,-0.28189180259730356,-0.005325075083881479
813349,CH,FF,SL,0.22880110617968422,-0.3198109772514219,-0.00373479398014894
813349,CH,FF,ST,0.22750581690029872,-0.23875917654977666,-0.010199865523061414
813349,CH,SI,SL,0.15054371472514544,-0.4728066487968728,-0.006176400302319243
813349,CH,SI,ST,0.15686841023211448,-0.3820430558903296,-0.011438467009952755
813349,CH,SL,ST,0.12493846743518361,-0.6160481858329719,-0.014378160991608128
813349,CU,FF,SI,0.299216701020089,-0.036889150714449426,-0.0013346538890633844
813349,CU,FF,SL,0.23520339717089478,-0.11847512795231174,0.0009582394954777023
813349,CU,FF,ST,0.2295526412313443,-0.12567710656830353,-0.005418167339735195
813349,CU,SI,SL,0.23780163156262824,-0.16841901411596327,0.0007881372435103451
813349,CU,SI,ST,0.23977086040943227,-0.16590920052705696,-0.0035429607279652995
813349,CU,SL,ST,0.17357943792504885,-0.4435811330534434,-0.004381657345944735
813349,FF,SI,SL,0.1902958890872731,-0.5312845901635183,-0.00586430816290873
813349,FF,SI,ST,0.1904269837176135,-0.2860167411206629,-0.009451532550187184
813349,FF,SL,ST,0.11623049523233829,-0.38058134967375157,-0.010529555537461044
813349,SI,SL,ST,0.08424906322181634,-0.474597572466577,-0.011076924898121484
815083,CH,FC,FF,0.2324937522274281,-0.1406639178410005,0.008686510420148319
